ticker,date,open,high,low,close
BCO,1996-01-03,23.0,24.0,23.0,23.88
BCO,1996-01-04,23.62,23.62,21.5,21.5
BCO,1996-01-05,21.62,22.75,21.62,22.75
BCO,1996-01-08,23.0,23.25,22.88,23.25
BCO,1996-01-09,23.25,24.0,23.25,23.5
BCO,1996-01-10,23.38,23.5,23.25,23.38
BCO,1996-01-11,23.12,23.12,22.5,22.75
BCO,1996-01-12,23.0,23.0,21.5,21.5
BCO,1996-01-15,21.5,21.75,21.5,21.5
BCO,1996-01-16,21.75,21.75,20.88,20.88
BCO,1996-01-17,21.0,21.5,21.0,21.5
BCO,1996-01-18,21.5,23.0,21.5,22.75
BCO,1996-01-19,22.5,23.62,22.5,23.5
BCO,1996-01-22,23.5,23.62,23.0,23.25
BCO,1996-01-23,23.25,23.62,23.0,23.38
BCO,1996-01-24,23.62,24.38,23.62,24.25
BCO,1996-01-25,24.12,24.75,24.0,24.25
BCO,1996-01-26,24.0,24.0,23.0,23.75
BCO,1996-01-29,23.75,23.75,23.25,23.75
BCO,1996-01-30,23.88,25.5,23.88,24.75
BCO,1996-01-31,24.75,25.0,24.62,25.0
BCO,1996-02-01,24.88,25.25,24.62,24.62
BCO,1996-02-02,24.75,24.88,24.38,24.5
BCO,1996-02-05,24.5,24.5,24.12,24.5
BCO,1996-02-06,24.5,25.5,24.38,25.38
BCO,1996-02-07,24.5,24.5,23.12,23.75
BCO,1996-02-08,24.0,24.38,24.0,24.38
BCO,1996-02-09,24.38,24.62,24.12,24.38
BCO,1996-02-12,24.5,24.62,23.88,24.12
BCO,1996-02-13,24.25,24.5,23.88,24.5
BCO,1996-02-14,24.38,24.75,24.0,24.25
BCO,1996-02-15,24.5,24.75,24.38,24.62
BCO,1996-02-16,24.25,24.75,24.25,24.5
BCO,1996-02-20,24.12,24.25,24.0,24.0
BCO,1996-02-21,24.25,24.5,24.25,24.5
BCO,1996-02-22,24.5,24.62,24.25,24.38
BCO,1996-02-23,24.38,24.5,24.12,24.5
BCO,1996-02-26,24.38,24.38,23.0,23.25
BCO,1996-02-27,23.25,23.38,22.88,22.88
BCO,1996-02-28,22.38,23.25,22.38,23.0
BCO,1996-02-29,22.62,23.5,22.62,23.38
BCO,1996-03-01,23.25,24.25,23.12,24.25
BCO,1996-03-04,24.25,25.0,24.12,24.75
BCO,1996-03-05,24.62,25.5,24.62,25.38
BCO,1996-03-06,25.62,25.88,25.62,25.75
BCO,1996-03-07,25.75,26.0,25.75,25.75
BCO,1996-03-08,25.5,26.12,25.0,25.5
BCO,1996-03-11,25.25,27.0,25.12,26.88
BCO,1996-03-12,27.0,27.0,26.12,26.5
BCO,1996-03-13,26.25,27.75,26.25,27.38
BCO,1996-03-14,27.25,27.62,27.12,27.38
BCO,1996-03-15,27.25,27.5,27.12,27.38
BCO,1996-03-18,27.38,27.5,27.12,27.38
BCO,1996-03-19,27.5,27.62,27.38,27.5
BCO,1996-03-20,27.75,28.12,27.5,27.5
BCO,1996-03-21,27.62,27.62,26.88,27.5
BCO,1996-03-22,27.5,27.75,27.25,27.25
BCO,1996-03-25,27.38,27.5,27.0,27.0
BCO,1996-03-26,27.12,27.12,25.88,25.88
BCO,1996-03-27,25.88,26.38,25.88,26.25
BCO,1996-03-28,26.25,26.25,26.0,26.0
BCO,1996-03-29,26.25,26.75,26.0,26.75
BCO,1996-04-01,26.5,27.75,26.5,27.62
BCO,1996-04-02,27.5,27.75,27.38,27.5
BCO,1996-04-03,27.25,27.25,26.88,26.88
BCO,1996-04-04,27.0,27.0,26.0,26.38
BCO,1996-04-08,26.25,26.25,26.0,26.0
BCO,1996-04-09,26.12,26.25,26.0,26.25
BCO,1996-04-10,26.12,26.25,25.88,26.0
BCO,1996-04-11,25.88,26.38,25.88,26.25
BCO,1996-04-12,26.25,26.5,26.0,26.5
BCO,1996-04-15,26.5,26.5,26.12,26.25
BCO,1996-04-16,26.12,26.5,26.12,26.5
BCO,1996-04-17,26.5,26.75,26.5,26.62
BCO,1996-04-18,26.62,27.0,26.62,26.88
BCO,1996-04-19,26.88,27.5,26.88,27.5
BCO,1996-04-22,27.38,27.5,27.25,27.5
BCO,1996-04-23,27.5,28.0,27.5,28.0
BCO,1996-04-24,28.0,29.0,28.0,28.12
BCO,1996-04-25,27.88,28.62,27.88,28.5
BCO,1996-04-26,28.62,28.62,27.62,27.88
BCO,1996-04-29,27.88,28.25,27.75,28.25
BCO,1996-04-30,28.25,28.5,27.75,27.88
BCO,1996-05-01,27.62,27.88,27.5,27.62
BCO,1996-05-02,27.38,27.38,27.0,27.25
BCO,1996-05-03,27.12,27.75,26.75,27.0
BCO,1996-05-06,27.12,27.62,27.12,27.5
BCO,1996-05-07,27.5,28.38,27.5,27.5
BCO,1996-05-08,27.38,27.75,27.38,27.62
BCO,1996-05-09,27.75,27.88,27.62,27.75
BCO,1996-05-10,27.62,27.88,27.5,27.62
BCO,1996-05-13,27.5,28.5,27.5,28.5
BCO,1996-05-14,28.38,28.38,27.88,28.25
BCO,1996-05-15,28.25,28.5,28.12,28.12
BCO,1996-05-16,27.75,28.0,27.38,27.75
BCO,1996-05-17,27.75,28.0,27.38,27.5
BCO,1996-05-20,27.5,28.5,27.5,28.38
BCO,1996-05-21,28.62,29.38,28.62,29.0
BCO,1996-05-22,28.88,29.25,28.75,29.0
BCO,1996-05-23,29.12,30.5,29.12,30.12
BCO,1996-05-24,30.0,30.12,29.25,29.62
BCO,1996-05-28,29.62,29.62,28.12,28.25
BCO,1996-05-29,28.5,28.5,27.88,28.12
BCO,1996-05-30,28.38,29.0,28.12,28.88
BCO,1996-05-31,29.0,30.5,28.88,30.25
BCO,1996-06-03,30.38,30.38,29.75,29.75
BCO,1996-06-04,29.62,30.25,29.25,29.75
BCO,1996-06-05,29.62,29.75,29.5,29.62
BCO,1996-06-06,29.38,29.62,29.25,29.25
BCO,1996-06-07,29.0,29.75,28.75,29.12
BCO,1996-06-10,29.0,30.0,29.0,29.5
BCO,1996-06-11,29.38,29.5,29.12,29.12
BCO,1996-06-12,29.25,29.38,28.88,29.12
BCO,1996-06-13,29.25,29.25,28.88,29.12
BCO,1996-06-14,29.0,29.0,28.38,28.88
BCO,1996-06-17,28.62,28.75,28.25,28.5
BCO,1996-06-18,28.75,29.75,28.62,29.75
BCO,1996-06-19,29.88,30.38,29.38,29.38
BCO,1996-06-20,29.38,29.38,28.25,28.62
BCO,1996-06-21,28.25,29.38,28.25,29.38
BCO,1996-06-24,29.25,29.38,28.0,28.0
BCO,1996-06-25,28.25,28.88,28.25,28.75
BCO,1996-06-26,28.75,28.88,28.0,28.12
BCO,1996-06-27,28.0,28.62,28.0,28.62
BCO,1996-06-28,28.5,29.25,28.5,29.12
BCO,1996-07-01,29.12,30.0,29.0,29.88
BCO,1996-07-02,30.62,31.0,30.38,30.88
BCO,1996-07-03,30.88,30.88,30.38,30.38
BCO,1996-07-05,30.25,30.88,30.12,30.25
BCO,1996-07-08,30.38,30.38,29.62,29.62
BCO,1996-07-09,29.75,29.75,29.25,29.62
BCO,1996-07-10,29.62,30.12,29.62,29.88
BCO,1996-07-11,30.0,30.12,29.25,30.12
BCO,1996-07-12,30.0,30.12,29.88,30.0
BCO,1996-07-15,30.38,30.62,29.25,29.25
BCO,1996-07-16,29.25,29.62,27.88,28.62
BCO,1996-07-17,29.12,29.12,28.62,28.88
BCO,1996-07-18,29.0,29.75,29.0,29.62
BCO,1996-07-19,29.62,29.62,29.0,29.12
BCO,1996-07-22,29.12,29.12,28.5,28.88
BCO,1996-07-23,28.88,28.88,28.12,28.38
BCO,1996-07-24,28.38,29.0,28.25,29.0
BCO,1996-07-25,28.75,29.5,28.75,28.75
BCO,1996-07-26,28.75,28.75,27.88,28.62
BCO,1996-07-29,28.62,28.62,28.38,28.38
BCO,1996-07-30,28.38,28.38,27.62,27.75
BCO,1996-07-31,28.12,28.75,28.12,28.5
BCO,1996-08-01,28.5,29.12,28.5,28.88
BCO,1996-08-02,29.0,29.5,28.75,29.25
BCO,1996-08-05,29.25,29.62,29.25,29.62
BCO,1996-08-06,29.62,29.75,29.0,29.12
BCO,1996-08-07,29.62,29.75,29.25,29.25
BCO,1996-08-08,29.25,29.25,28.88,29.0
BCO,1996-08-09,29.0,29.12,29.0,29.12
BCO,1996-08-12,28.88,29.25,28.88,29.12
BCO,1996-08-13,29.25,29.38,28.88,28.88
BCO,1996-08-14,29.12,29.5,29.0,29.38
BCO,1996-08-15,29.38,29.38,28.62,29.12
BCO,1996-08-16,29.0,29.75,29.0,29.75
BCO,1996-08-19,29.75,30.0,29.62,30.0
BCO,1996-08-20,30.0,30.0,29.5,29.5
BCO,1996-08-21,29.62,29.88,29.5,29.5
BCO,1996-08-22,29.62,29.75,29.5,29.5
BCO,1996-08-23,29.75,29.75,29.25,29.38
BCO,1996-08-26,29.5,29.69,29.25,29.38
BCO,1996-08-27,29.12,29.38,29.12,29.25
BCO,1996-08-28,29.25,29.5,29.0,29.25
BCO,1996-08-29,29.38,29.5,28.88,28.88
BCO,1996-08-30,28.88,28.88,28.25,28.25
BCO,1996-09-03,28.12,28.25,28.12,28.12
BCO,1996-09-04,28.12,28.38,27.88,28.38
BCO,1996-09-05,28.0,28.38,28.0,28.12
BCO,1996-09-06,28.0,28.38,28.0,28.25
BCO,1996-09-09,28.12,28.75,27.88,28.5
BCO,1996-09-10,28.25,28.62,28.0,28.62
BCO,1996-09-11,28.5,28.5,27.75,28.38
BCO,1996-09-12,28.38,29.25,28.25,29.25
BCO,1996-09-13,29.25,29.62,29.25,29.62
BCO,1996-09-16,29.75,30.38,29.75,30.25
BCO,1996-09-17,30.0,30.25,29.62,30.12
BCO,1996-09-18,30.25,30.75,30.0,30.62
BCO,1996-09-19,30.88,31.12,30.75,31.0
BCO,1996-09-20,30.75,30.75,30.0,30.25
BCO,1996-09-23,30.5,31.0,30.25,31.0
BCO,1996-09-24,31.0,31.5,30.38,31.12
BCO,1996-09-25,31.0,31.38,30.75,30.75
BCO,1996-09-26,31.0,31.25,30.5,30.5
BCO,1996-09-27,30.75,31.0,30.5,30.75
BCO,1996-09-30,30.88,32.0,30.75,32.0
BCO,1996-10-01,31.12,31.38,31.0,31.25
BCO,1996-10-02,31.25,31.38,31.0,31.12
BCO,1996-10-03,31.25,31.75,31.0,31.12
BCO,1996-10-04,31.12,32.0,31.12,31.5
BCO,1996-10-07,31.5,31.5,30.88,31.38
BCO,1996-10-08,31.12,31.12,30.12,30.12
BCO,1996-10-09,30.0,30.0,29.25,29.5
BCO,1996-10-10,29.5,29.5,29.12,29.25
BCO,1996-10-11,29.38,29.75,29.25,29.62
BCO,1996-10-14,29.88,30.12,29.75,29.88
BCO,1996-10-15,30.0,30.88,30.0,30.88
BCO,1996-10-16,30.75,30.88,30.38,30.88
BCO,1996-10-17,30.88,31.75,30.88,31.75
BCO,1996-10-18,31.75,32.75,31.75,32.5
BCO,1996-10-21,32.38,32.38,31.38,31.5
BCO,1996-10-22,31.12,31.12,30.12,30.25
BCO,1996-10-23,30.38,30.62,30.12,30.5
BCO,1996-10-24,30.5,30.5,29.88,30.0
BCO,1996-10-25,30.0,30.0,29.0,29.12
BCO,1996-10-28,29.0,29.25,28.5,29.12
BCO,1996-10-29,29.12,29.12,28.25,28.38
BCO,1996-10-30,28.38,28.5,28.0,28.25
BCO,1996-10-31,28.5,28.75,28.5,28.5
BCO,1996-11-01,28.75,28.75,28.38,28.5
BCO,1996-11-04,28.25,28.62,28.0,28.5
BCO,1996-11-05,28.5,28.75,28.38,28.38
BCO,1996-11-06,28.62,28.75,28.5,28.62
BCO,1996-11-07,28.62,28.62,28.25,28.25
BCO,1996-11-08,28.25,28.25,28.0,28.0
BCO,1996-11-11,28.0,28.62,28.0,28.38
BCO,1996-11-12,28.12,28.62,28.12,28.5
BCO,1996-11-13,28.5,28.5,28.12,28.38
BCO,1996-11-14,28.12,28.5,27.5,27.62
BCO,1996-11-15,27.12,27.5,25.12,25.25
BCO,1996-11-18,25.38,25.38,24.62,24.75
BCO,1996-11-19,24.5,25.12,24.5,25.0
BCO,1996-11-20,25.12,25.25,24.38,24.38
BCO,1996-11-21,24.38,24.5,23.12,24.38
BCO,1996-11-22,24.38,25.38,24.38,25.12
BCO,1996-11-25,25.25,25.38,24.75,24.75
BCO,1996-11-26,25.0,25.75,25.0,25.62
BCO,1996-11-27,25.75,25.88,25.62,25.75
BCO,1996-11-29,25.62,25.75,25.5,25.5
BCO,1996-12-02,25.5,25.5,24.88,25.12
BCO,1996-12-03,25.38,25.5,24.88,25.12
BCO,1996-12-04,25.0,25.0,24.5,24.62
BCO,1996-12-05,24.88,25.0,24.88,24.88
BCO,1996-12-06,24.0,25.38,23.88,24.75
BCO,1996-12-09,24.5,25.25,24.38,25.0
BCO,1996-12-10,24.75,25.0,24.75,25.0
BCO,1996-12-11,24.75,24.88,24.62,24.75
BCO,1996-12-12,24.88,24.88,24.62,24.62
BCO,1996-12-13,24.62,24.75,24.5,24.62
BCO,1996-12-16,24.75,25.0,24.62,24.88
BCO,1996-12-17,24.62,25.88,24.62,25.88
BCO,1996-12-18,25.88,26.88,25.88,26.75
BCO,1996-12-19,26.88,27.0,26.5,26.5
BCO,1996-12-20,26.75,27.0,26.25,26.25
BCO,1996-12-23,26.62,26.88,26.25,26.38
BCO,1996-12-24,26.38,26.38,26.0,26.12
BCO,1996-12-26,26.0,26.38,25.75,26.12
BCO,1996-12-27,26.38,26.75,25.62,26.62
BCO,1996-12-30,26.62,26.88,26.62,26.75
BCO,1996-12-31,26.38,27.0,26.38,27.0
BCO,1997-01-02,27.25,28.5,27.12,28.5
BCO,1997-01-03,28.5,29.12,28.25,29.0
BCO,1997-01-06,29.12,29.12,28.62,28.75
BCO,1997-01-07,28.75,29.25,28.75,29.25
BCO,1997-01-08,29.75,29.75,29.0,29.5
BCO,1997-01-09,29.75,29.75,29.0,29.0
BCO,1997-01-10,29.0,29.25,28.62,29.12
BCO,1997-01-13,29.0,29.12,27.75,28.0
BCO,1997-01-14,28.25,28.88,28.0,28.75
BCO,1997-01-15,28.75,28.88,28.38,28.75
BCO,1997-01-16,28.62,28.62,28.12,28.38
BCO,1997-01-17,28.38,29.75,28.38,29.25
BCO,1997-01-20,29.25,29.25,28.62,28.62
BCO,1997-01-21,28.38,28.75,28.12,28.25
BCO,1997-01-22,28.25,28.69,28.25,28.5
BCO,1997-01-23,28.25,29.12,27.88,28.88
BCO,1997-01-24,28.88,29.0,28.0,28.25
BCO,1997-01-27,28.25,28.25,28.0,28.0
BCO,1997-01-28,28.0,28.62,28.0,28.12
BCO,1997-01-29,28.0,28.75,27.88,28.38
BCO,1997-01-30,28.38,28.38,28.0,28.12
BCO,1997-01-31,28.12,28.5,27.88,28.25
BCO,1997-02-03,28.25,28.88,28.25,28.88
BCO,1997-02-04,28.75,28.88,28.12,28.12
BCO,1997-02-05,28.12,28.25,28.0,28.0
BCO,1997-02-06,28.0,28.12,28.0,28.0
BCO,1997-02-07,28.12,28.25,28.0,28.0
BCO,1997-02-10,28.25,28.25,27.38,27.5
BCO,1997-02-11,27.5,27.75,27.38,27.38
BCO,1997-02-12,27.38,27.88,27.25,27.5
BCO,1997-02-13,27.5,27.75,27.38,27.5
BCO,1997-02-14,27.62,27.88,27.38,27.88
BCO,1997-02-18,27.88,27.88,26.88,27.0
BCO,1997-02-19,27.0,27.62,27.0,27.25
BCO,1997-02-20,27.5,27.5,27.12,27.25
BCO,1997-02-21,27.12,27.12,26.5,26.62
BCO,1997-02-24,26.38,26.5,25.5,25.5
BCO,1997-02-25,25.5,25.88,25.5,25.75
BCO,1997-02-26,25.88,26.38,25.75,26.38
BCO,1997-02-27,26.25,26.62,26.0,26.0
BCO,1997-02-28,25.62,26.0,25.62,25.75
BCO,1997-03-03,26.0,26.0,25.75,25.75
BCO,1997-03-04,26.0,26.25,25.62,25.75
BCO,1997-03-05,25.75,25.88,25.62,25.88
BCO,1997-03-06,26.0,26.25,25.88,26.25
BCO,1997-03-07,26.0,26.25,26.0,26.25
BCO,1997-03-10,26.25,26.38,26.0,26.12
BCO,1997-03-11,26.12,26.12,25.75,26.0
BCO,1997-03-12,26.25,26.25,26.0,26.0
BCO,1997-03-13,26.0,26.0,25.38,26.0
BCO,1997-03-14,26.12,26.25,25.88,26.12
BCO,1997-03-17,26.0,26.12,25.62,26.0
BCO,1997-03-18,26.0,26.12,25.88,26.0
BCO,1997-03-19,25.88,26.0,25.62,25.62
BCO,1997-03-20,25.75,26.0,25.62,26.0
BCO,1997-03-21,26.25,26.75,26.25,26.75
BCO,1997-03-24,26.75,26.75,25.75,26.12
BCO,1997-03-25,26.12,26.38,25.75,25.88
BCO,1997-03-26,25.88,26.38,25.75,26.0
BCO,1997-03-27,26.0,27.0,26.0,26.62
BCO,1997-03-31,26.62,26.75,25.25,25.25
BCO,1997-04-01,25.5,26.12,25.38,26.0
BCO,1997-04-02,26.0,26.25,26.0,26.12
BCO,1997-04-03,26.0,27.62,26.0,27.5
BCO,1997-04-04,27.5,28.5,27.5,28.38
BCO,1997-04-07,28.25,29.38,28.25,29.12
BCO,1997-04-08,29.0,29.5,28.62,29.12
BCO,1997-04-09,29.25,29.25,28.75,28.75
BCO,1997-04-10,29.0,29.25,29.0,29.12
BCO,1997-04-11,28.88,29.5,28.88,29.5
BCO,1997-04-14,29.25,30.12,29.12,29.88
BCO,1997-04-15,30.25,31.25,30.12,31.25
BCO,1997-04-16,31.0,31.62,30.75,31.62
BCO,1997-04-17,31.62,31.88,31.12,31.75
BCO,1997-04-18,32.25,32.88,31.88,32.75
BCO,1997-04-21,32.5,32.5,31.88,32.25
BCO,1997-04-22,32.25,32.5,32.0,32.12
BCO,1997-04-23,32.38,32.5,32.0,32.25
BCO,1997-04-24,32.38,32.38,30.0,30.88
BCO,1997-04-25,30.62,30.62,29.75,30.5
BCO,1997-04-28,30.38,30.75,30.0,30.5
BCO,1997-04-29,30.75,32.75,30.12,32.25
BCO,1997-04-30,32.38,32.5,31.38,31.75
BCO,1997-05-01,31.88,32.12,31.38,32.12
BCO,1997-05-02,31.62,31.75,31.38,31.5
BCO,1997-05-05,31.5,31.75,31.38,31.75
BCO,1997-05-06,32.5,32.62,32.38,32.38
BCO,1997-05-07,32.25,32.38,31.38,31.62
BCO,1997-05-08,31.62,32.0,31.0,31.75
BCO,1997-05-09,31.62,32.38,31.38,32.25
BCO,1997-05-12,32.62,32.62,31.75,32.0
BCO,1997-05-13,31.62,32.0,31.5,31.88
BCO,1997-05-14,32.0,32.0,31.62,31.62
BCO,1997-05-15,31.38,31.38,30.62,30.88
BCO,1997-05-16,30.75,30.88,30.25,30.75
BCO,1997-05-19,30.88,31.12,30.38,30.62
BCO,1997-05-20,30.62,30.62,30.25,30.5
BCO,1997-05-21,30.62,30.62,30.25,30.25
BCO,1997-05-22,30.12,30.62,30.0,30.38
BCO,1997-05-23,30.38,30.88,30.12,30.88
BCO,1997-05-27,30.62,31.25,30.5,31.12
BCO,1997-05-28,31.38,31.38,30.5,30.75
BCO,1997-05-29,30.38,31.25,30.38,31.0
BCO,1997-05-30,30.75,31.25,30.75,31.25
BCO,1997-06-02,31.25,31.25,31.12,31.12
BCO,1997-06-03,31.0,32.0,30.62,31.88
BCO,1997-06-04,31.88,31.88,31.38,31.38
BCO,1997-06-05,31.38,31.5,31.12,31.38
BCO,1997-06-06,31.25,31.38,31.0,31.0
BCO,1997-06-09,31.38,31.38,30.62,30.62
BCO,1997-06-10,30.88,31.25,30.88,31.12
BCO,1997-06-11,30.62,31.12,30.38,30.62
BCO,1997-06-12,30.5,31.12,30.5,30.88
BCO,1997-06-13,30.88,30.88,30.62,30.75
BCO,1997-06-16,30.5,30.88,30.38,30.88
BCO,1997-06-17,30.88,30.88,30.38,30.88
BCO,1997-06-18,30.88,31.0,30.38,30.5
BCO,1997-06-19,30.5,30.5,29.12,29.12
BCO,1997-06-20,28.25,29.25,28.25,28.75
BCO,1997-06-23,28.88,29.25,28.75,28.75
BCO,1997-06-24,28.62,29.38,28.62,28.88
BCO,1997-06-25,28.75,29.62,28.62,28.88
BCO,1997-06-26,28.75,29.62,28.75,29.19
BCO,1997-06-27,29.12,29.56,29.06,29.56
BCO,1997-06-30,29.81,30.5,29.69,30.0
BCO,1997-07-01,30.0,30.0,29.62,29.69
BCO,1997-07-02,29.62,30.0,29.62,30.0
BCO,1997-07-03,30.25,30.38,30.12,30.31
BCO,1997-07-07,30.31,30.69,29.94,30.69
BCO,1997-07-08,30.56,30.62,30.12,30.25
BCO,1997-07-09,30.25,32.25,30.25,32.25
BCO,1997-07-10,32.0,32.0,31.62,31.88
BCO,1997-07-11,31.88,32.12,31.75,32.0
BCO,1997-07-14,32.0,33.75,32.0,33.25
BCO,1997-07-15,33.25,33.38,32.62,32.62
BCO,1997-07-16,32.75,33.0,32.62,33.0
BCO,1997-07-17,32.75,33.25,32.75,33.19
BCO,1997-07-18,32.94,32.94,32.38,32.44
BCO,1997-07-21,32.44,32.88,32.38,32.75
BCO,1997-07-22,32.62,33.0,32.25,33.0
BCO,1997-07-23,33.12,33.25,33.0,33.25
BCO,1997-07-24,33.25,33.25,32.31,32.5
BCO,1997-07-25,32.75,33.44,32.56,32.56
BCO,1997-07-28,32.69,32.94,32.56,32.62
BCO,1997-07-29,32.44,32.44,31.62,32.19
BCO,1997-07-30,32.31,33.31,32.31,33.31
BCO,1997-07-31,34.38,34.88,34.19,34.81
BCO,1997-08-01,34.75,35.0,33.5,33.88
BCO,1997-08-04,33.94,35.75,33.94,35.5
BCO,1997-08-05,35.56,35.94,35.0,35.0
BCO,1997-08-06,36.12,36.12,35.0,35.12
BCO,1997-08-07,34.88,35.12,34.0,34.31
BCO,1997-08-08,33.94,34.12,33.31,33.81
BCO,1997-08-11,33.81,34.62,33.81,34.56
BCO,1997-08-12,34.75,35.5,34.75,34.88
BCO,1997-08-13,34.81,34.94,34.38,34.81
BCO,1997-08-14,35.06,35.62,35.06,35.62
BCO,1997-08-15,35.5,35.5,35.0,35.25
BCO,1997-08-18,35.25,36.0,35.25,35.88
BCO,1997-08-19,35.62,36.5,35.62,36.5
BCO,1997-08-20,36.5,36.56,35.69,35.75
BCO,1997-08-21,35.88,36.0,35.56,35.81
BCO,1997-08-22,35.81,35.81,35.06,35.5
BCO,1997-08-25,35.5,35.56,35.31,35.5
BCO,1997-08-26,35.5,35.81,35.31,35.75
BCO,1997-08-27,35.56,35.56,35.25,35.44
BCO,1997-08-28,35.31,35.69,35.31,35.38
BCO,1997-08-29,35.25,35.75,34.69,35.5
BCO,1997-09-02,35.12,35.94,35.0,35.94
BCO,1997-09-03,35.81,36.0,35.5,36.0
BCO,1997-09-04,35.75,38.0,35.75,38.0
BCO,1997-09-05,38.0,38.12,36.81,37.5
BCO,1997-09-08,37.38,38.75,37.38,38.75
BCO,1997-09-09,38.62,38.94,38.5,38.75
BCO,1997-09-10,38.62,38.62,38.0,38.12
BCO,1997-09-11,37.62,37.94,37.25,37.94
BCO,1997-09-12,37.88,38.75,37.56,38.5
BCO,1997-09-15,38.44,38.62,38.44,38.62
BCO,1997-09-16,38.62,38.88,38.38,38.69
BCO,1997-09-17,38.56,39.38,38.0,39.38
BCO,1997-09-18,39.5,41.44,39.44,41.19
BCO,1997-09-19,41.0,41.19,40.62,40.81
BCO,1997-09-22,40.81,41.44,40.62,41.44
BCO,1997-09-23,41.44,41.94,40.06,40.06
BCO,1997-09-24,40.25,40.25,39.88,40.25
BCO,1997-09-25,40.0,40.0,37.38,37.38
BCO,1997-09-26,37.5,39.38,37.44,39.12
BCO,1997-09-29,39.88,39.88,39.38,39.56
BCO,1997-09-30,39.62,40.19,39.62,40.06
BCO,1997-10-01,40.06,41.69,40.06,40.94
BCO,1997-10-02,40.75,40.88,40.44,40.75
BCO,1997-10-03,40.75,42.12,40.75,41.5
BCO,1997-10-06,41.5,41.5,41.12,41.12
BCO,1997-10-07,41.0,41.0,40.25,40.25
BCO,1997-10-08,40.38,40.38,39.56,39.62
BCO,1997-10-09,39.62,39.75,37.5,38.5
BCO,1997-10-10,38.56,39.25,36.75,37.56
BCO,1997-10-13,37.56,39.0,37.38,38.94
BCO,1997-10-14,39.19,39.94,38.38,39.25
BCO,1997-10-15,39.0,39.0,38.0,38.06
BCO,1997-10-16,38.25,39.25,38.25,38.44
BCO,1997-10-17,38.25,38.38,36.81,37.31
BCO,1997-10-20,37.38,37.5,37.06,37.5
BCO,1997-10-21,37.5,37.62,37.19,37.62
BCO,1997-10-22,37.62,38.19,37.19,37.31
BCO,1997-10-23,37.06,37.62,36.94,37.0
BCO,1997-10-24,37.0,37.06,35.06,36.75
BCO,1997-10-27,36.62,37.0,35.31,35.5
BCO,1997-10-28,35.0,36.75,34.94,36.75
BCO,1997-10-29,36.75,37.12,36.5,36.94
BCO,1997-10-30,36.94,36.94,36.44,36.62
BCO,1997-10-31,36.62,36.69,36.0,36.12
BCO,1997-11-03,36.19,37.19,36.12,37.0
BCO,1997-11-04,36.88,37.75,36.88,37.19
BCO,1997-11-05,37.81,38.19,37.12,37.5
BCO,1997-11-06,37.5,37.56,36.56,36.56
BCO,1997-11-07,36.12,36.5,35.75,36.31
BCO,1997-11-10,36.56,37.38,36.56,36.88
BCO,1997-11-11,36.88,37.38,36.44,36.44
BCO,1997-11-12,36.44,36.88,36.25,36.56
BCO,1997-11-13,36.31,36.56,35.38,35.38
BCO,1997-11-14,35.38,35.38,34.5,34.88
BCO,1997-11-17,34.88,35.69,34.88,35.62
BCO,1997-11-18,36.12,36.62,35.94,36.5
BCO,1997-11-19,36.5,36.56,35.75,35.81
BCO,1997-11-20,35.94,35.94,35.12,35.75
BCO,1997-11-21,35.75,36.75,35.75,36.31
BCO,1997-11-24,36.44,36.44,35.25,35.5
BCO,1997-11-25,35.75,35.75,33.44,35.25
BCO,1997-11-26,35.12,36.94,35.12,36.75
BCO,1997-11-28,36.81,37.38,36.62,36.62
BCO,1997-12-01,36.38,37.31,36.31,37.19
BCO,1997-12-02,36.81,37.56,36.81,36.94
BCO,1997-12-03,36.5,37.5,36.5,37.38
BCO,1997-12-04,37.31,38.19,37.31,38.0
BCO,1997-12-05,37.75,38.25,37.75,38.12
BCO,1997-12-08,38.38,39.5,38.38,39.44
BCO,1997-12-09,39.31,39.94,39.31,39.88
BCO,1997-12-10,39.62,39.62,38.75,39.0
BCO,1997-12-11,38.75,39.06,38.5,39.0
BCO,1997-12-12,39.25,39.5,38.19,38.25
BCO,1997-12-15,38.31,38.31,36.75,37.38
BCO,1997-12-16,37.5,39.12,37.5,39.0
BCO,1997-12-17,38.88,40.0,38.62,39.88
BCO,1997-12-18,39.75,39.94,38.75,39.5
BCO,1997-12-19,39.25,39.25,38.25,38.56
BCO,1997-12-22,38.31,39.25,38.19,38.88
BCO,1997-12-23,38.88,39.25,38.44,39.25
BCO,1997-12-24,39.0,39.31,38.88,39.31
BCO,1997-12-26,39.38,39.62,39.38,39.62
BCO,1997-12-29,39.62,40.19,39.44,39.88
BCO,1997-12-30,39.94,40.56,39.91,40.56
BCO,1997-12-31,40.56,40.56,39.94,40.25
BCO,1998-01-02,40.06,41.12,39.88,41.0
BCO,1998-01-05,40.94,41.38,40.25,41.38
BCO,1998-01-06,41.5,42.19,41.5,41.69
BCO,1998-01-07,41.69,41.75,41.44,41.69
BCO,1998-01-08,41.56,41.56,40.5,40.5
BCO,1998-01-09,40.38,40.38,39.31,39.62
BCO,1998-01-12,39.12,39.62,38.88,39.56
BCO,1998-01-13,39.5,40.38,39.38,40.19
BCO,1998-01-14,40.31,40.31,39.75,40.06
BCO,1998-01-15,40.12,40.25,39.44,39.88
BCO,1998-01-16,39.94,40.56,39.75,40.56
BCO,1998-01-20,40.56,42.0,40.56,41.94
BCO,1998-01-21,42.12,42.62,41.56,42.62
BCO,1998-01-22,42.31,42.44,41.88,42.0
BCO,1998-01-23,42.12,42.88,42.12,42.19
BCO,1998-01-26,42.25,42.25,41.69,41.94
BCO,1998-01-27,41.88,42.25,40.88,41.0
BCO,1998-01-28,41.06,41.06,39.75,40.38
BCO,1998-01-29,40.5,41.25,40.38,41.0
BCO,1998-01-30,41.0,41.0,40.56,40.56
BCO,1998-02-02,40.81,41.0,40.69,40.94
BCO,1998-02-03,40.62,40.88,40.44,40.5
BCO,1998-02-04,40.38,40.38,39.44,39.5
BCO,1998-02-05,39.5,39.75,39.0,39.31
BCO,1998-02-06,39.44,39.75,39.12,39.38
BCO,1998-02-09,39.44,39.44,38.56,39.06
BCO,1998-02-10,39.06,39.25,38.62,38.62
BCO,1998-02-11,38.44,39.44,38.44,39.19
BCO,1998-02-12,39.19,39.25,38.56,39.06
BCO,1998-02-13,39.0,39.25,38.62,39.12
BCO,1998-02-17,39.0,39.12,38.12,39.0
BCO,1998-02-18,39.0,39.0,38.0,38.0
BCO,1998-02-19,38.0,38.69,37.38,38.12
BCO,1998-02-20,38.12,38.56,37.88,38.0
BCO,1998-02-23,38.12,38.62,38.0,38.12
BCO,1998-02-24,38.38,38.38,37.69,37.94
BCO,1998-02-25,38.12,38.56,38.12,38.56
BCO,1998-02-26,38.56,38.75,37.88,38.44
BCO,1998-02-27,38.19,38.69,38.06,38.62
BCO,1998-03-02,38.75,39.31,38.62,39.0
BCO,1998-03-03,39.0,39.0,37.91,38.12
BCO,1998-03-04,38.12,38.5,37.69,38.5
BCO,1998-03-05,38.25,38.31,37.88,38.0
BCO,1998-03-06,38.25,39.5,38.25,39.25
BCO,1998-03-09,38.62,38.62,38.06,38.38
BCO,1998-03-10,38.38,38.69,38.0,38.56
BCO,1998-03-11,38.31,38.5,38.06,38.06
BCO,1998-03-12,38.06,38.06,37.25,37.69
BCO,1998-03-13,37.94,38.0,37.25,38.0
BCO,1998-03-16,38.0,38.5,38.0,38.5
BCO,1998-03-17,38.5,38.69,38.0,38.25
BCO,1998-03-18,38.31,38.5,37.75,38.12
BCO,1998-03-19,38.12,39.69,37.88,39.5
BCO,1998-03-20,39.5,39.5,38.31,39.0
BCO,1998-03-23,39.19,39.44,38.31,38.75
BCO,1998-03-24,38.75,39.44,38.69,39.06
BCO,1998-03-25,39.19,40.0,38.38,38.69
BCO,1998-03-26,38.69,39.31,38.56,39.12
BCO,1998-03-27,39.38,39.5,38.62,38.69
BCO,1998-03-30,38.44,38.69,38.0,38.06
BCO,1998-03-31,38.19,38.25,37.88,38.12
BCO,1998-04-01,38.19,39.62,38.19,39.62
BCO,1998-04-02,39.56,39.88,39.25,39.56
BCO,1998-04-03,39.38,40.0,39.31,39.75
BCO,1998-04-06,39.62,39.62,38.5,39.0
BCO,1998-04-07,39.0,39.19,37.56,38.06
BCO,1998-04-08,38.19,38.94,37.88,38.75
BCO,1998-04-09,38.75,38.94,38.75,38.81
BCO,1998-04-13,38.81,39.06,38.44,38.56
BCO,1998-04-14,38.62,39.44,38.38,39.25
BCO,1998-04-15,39.19,39.25,38.5,38.5
BCO,1998-04-16,38.44,38.62,38.12,38.56
BCO,1998-04-17,38.75,39.44,38.62,39.38
BCO,1998-04-20,39.25,40.81,39.25,40.62
BCO,1998-04-21,40.62,41.25,40.0,40.12
BCO,1998-04-22,40.12,40.38,39.94,40.12
BCO,1998-04-23,39.88,39.88,37.88,38.06
BCO,1998-04-24,38.06,38.12,37.25,37.62
BCO,1998-04-27,37.69,37.69,35.94,36.0
BCO,1998-04-28,36.0,36.5,35.56,36.38
BCO,1998-04-29,36.31,39.0,36.31,38.62
BCO,1998-04-30,38.5,39.56,38.5,39.12
BCO,1998-05-01,39.38,39.66,39.19,39.5
BCO,1998-05-04,39.44,39.75,39.38,39.44
BCO,1998-05-05,39.44,39.62,39.38,39.56
BCO,1998-05-06,39.62,40.0,39.38,39.75
BCO,1998-05-07,39.62,39.88,39.38,39.56
BCO,1998-05-08,40.25,41.0,39.94,40.62
BCO,1998-05-11,41.0,41.44,40.38,40.5
BCO,1998-05-12,40.62,40.69,39.44,39.62
BCO,1998-05-13,39.75,40.75,39.0,39.06
BCO,1998-05-14,39.0,39.06,38.94,39.06
BCO,1998-05-15,39.19,39.38,38.31,38.5
BCO,1998-05-18,38.62,38.81,38.19,38.81
BCO,1998-05-19,38.75,40.0,38.75,39.62
BCO,1998-05-20,39.56,39.56,38.88,38.94
BCO,1998-05-21,39.06,39.12,38.88,39.0
BCO,1998-05-22,39.0,39.0,38.12,38.38
BCO,1998-05-26,38.38,39.12,37.38,37.75
BCO,1998-05-27,37.12,38.75,37.12,38.44
BCO,1998-05-28,38.69,39.0,38.5,38.62
BCO,1998-05-29,38.75,39.19,38.69,38.69
BCO,1998-06-01,38.75,39.5,38.75,39.06
BCO,1998-06-02,39.06,39.75,39.0,39.5
BCO,1998-06-03,39.38,40.12,39.12,39.88
BCO,1998-06-04,39.81,40.0,39.56,40.0
BCO,1998-06-05,40.12,40.69,39.88,40.56
BCO,1998-06-08,40.38,40.69,40.12,40.19
BCO,1998-06-09,40.19,41.12,40.19,40.94
BCO,1998-06-10,40.94,41.0,39.5,39.62
BCO,1998-06-11,39.5,39.62,38.75,39.38
BCO,1998-06-12,39.62,39.62,39.0,39.5
BCO,1998-06-15,39.5,39.5,38.62,38.69
BCO,1998-06-16,38.69,38.69,37.38,37.38
BCO,1998-06-17,37.38,37.75,37.19,37.25
BCO,1998-06-18,37.12,37.5,36.88,37.25
BCO,1998-06-19,37.0,37.12,36.62,36.94
BCO,1998-06-22,36.94,36.94,36.38,36.44
BCO,1998-06-23,36.56,37.75,36.25,37.44
BCO,1998-06-24,37.56,37.62,36.75,36.94
BCO,1998-06-25,36.94,37.69,36.59,37.12
BCO,1998-06-26,37.12,37.62,36.94,37.31
BCO,1998-06-29,37.19,38.06,37.12,37.12
BCO,1998-06-30,37.38,37.56,36.88,36.88
BCO,1998-07-01,37.0,37.94,37.0,37.75
BCO,1998-07-02,37.88,38.06,37.31,38.0
BCO,1998-07-06,38.0,38.31,38.0,38.31
BCO,1998-07-07,38.31,38.5,38.0,38.38
BCO,1998-07-08,38.19,39.0,38.06,38.94
BCO,1998-07-09,38.69,38.94,38.62,38.94
BCO,1998-07-10,38.94,39.12,38.56,39.0
BCO,1998-07-13,39.0,39.03,38.0,38.12
BCO,1998-07-14,38.12,38.38,38.0,38.25
BCO,1998-07-15,38.38,38.62,38.06,38.12
BCO,1998-07-16,38.0,38.06,37.56,37.56
BCO,1998-07-17,37.75,38.12,37.25,37.94
BCO,1998-07-20,38.0,38.0,37.5,37.5
BCO,1998-07-21,37.38,37.94,37.12,37.62
BCO,1998-07-22,37.62,37.69,36.0,36.0
BCO,1998-07-23,36.0,36.0,35.0,35.5
BCO,1998-07-24,35.44,36.0,35.44,35.88
BCO,1998-07-27,35.88,35.88,35.25,35.5
BCO,1998-07-28,35.5,36.0,35.31,35.5
BCO,1998-07-29,35.62,35.75,35.0,35.25
BCO,1998-07-30,35.0,35.94,35.0,35.94
BCO,1998-07-31,35.75,35.88,35.31,35.69
BCO,1998-08-03,35.56,35.56,34.69,35.31
BCO,1998-08-04,35.31,35.38,34.38,35.0
BCO,1998-08-05,34.75,35.25,34.62,35.0
BCO,1998-08-06,34.81,36.31,34.81,35.69
BCO,1998-08-07,35.69,37.0,35.69,36.56
BCO,1998-08-10,36.62,36.88,36.25,36.25
BCO,1998-08-11,36.0,36.0,35.0,35.19
BCO,1998-08-12,35.44,36.0,35.38,35.94
BCO,1998-08-13,36.0,36.0,35.0,35.06
BCO,1998-08-14,35.25,35.75,34.88,35.06
BCO,1998-08-17,35.19,36.0,35.19,36.0
BCO,1998-08-18,35.94,36.5,35.69,36.25
BCO,1998-08-19,36.25,36.31,35.0,35.06
BCO,1998-08-20,35.0,35.38,35.0,35.19
BCO,1998-08-21,35.0,35.0,34.06,34.75
BCO,1998-08-24,35.0,35.62,34.25,34.69
BCO,1998-08-25,34.69,35.0,34.56,34.94
BCO,1998-08-26,34.94,34.94,33.62,33.69
BCO,1998-08-27,33.25,33.31,31.75,32.12
BCO,1998-08-28,32.06,33.25,32.0,33.19
BCO,1998-08-31,33.25,33.25,31.31,31.38
BCO,1998-09-01,31.38,32.0,31.38,31.81
BCO,1998-09-02,31.81,32.62,31.81,32.5
BCO,1998-09-03,32.25,32.81,31.88,32.38
BCO,1998-09-04,32.62,32.75,32.19,32.56
BCO,1998-09-08,32.81,34.81,32.75,34.81
BCO,1998-09-09,34.81,34.81,33.75,33.88
BCO,1998-09-10,33.88,34.0,33.12,33.12
BCO,1998-09-11,33.19,33.56,32.62,33.56
BCO,1998-09-14,33.44,34.19,33.44,34.12
BCO,1998-09-15,34.38,34.81,34.12,34.56
BCO,1998-09-16,34.69,34.88,34.25,34.5
BCO,1998-09-17,34.25,34.31,33.75,34.0
BCO,1998-09-18,34.0,35.38,33.25,35.38
BCO,1998-09-21,35.12,35.31,34.88,34.88
BCO,1998-09-22,34.88,34.94,34.56,34.62
BCO,1998-09-23,34.81,35.75,34.81,35.75
BCO,1998-09-24,35.62,35.69,35.19,35.69
BCO,1998-09-25,35.44,35.44,34.31,34.56
BCO,1998-09-28,34.5,35.0,34.44,35.0
BCO,1998-09-29,34.75,35.94,34.75,35.88
BCO,1998-09-30,35.62,35.62,35.0,35.0
BCO,1998-10-01,34.75,34.81,32.94,33.0
BCO,1998-10-02,33.06,34.25,32.56,34.25
BCO,1998-10-05,34.0,34.31,33.81,34.31
BCO,1998-10-06,34.25,34.25,33.62,33.94
BCO,1998-10-07,33.94,34.06,33.31,33.88
BCO,1998-10-08,33.62,33.75,32.88,32.94
BCO,1998-10-09,33.0,33.0,32.06,32.25
BCO,1998-10-12,32.12,33.0,32.12,32.75
BCO,1998-10-13,32.94,33.0,32.06,32.06
BCO,1998-10-14,31.5,31.94,31.5,31.75
BCO,1998-10-15,31.88,32.94,31.81,32.94
BCO,1998-10-16,33.19,35.25,33.19,34.56
BCO,1998-10-19,34.31,36.5,34.25,36.31
BCO,1998-10-20,36.56,37.12,34.44,34.62
BCO,1998-10-21,34.62,34.62,32.94,33.19
BCO,1998-10-22,33.38,34.69,33.38,33.44
BCO,1998-10-23,33.0,33.31,32.5,32.5
BCO,1998-10-26,33.5,33.88,32.94,33.69
BCO,1998-10-27,34.38,34.38,33.44,34.06
BCO,1998-10-28,32.5,32.62,28.0,28.12
BCO,1998-10-29,28.0,30.25,28.0,29.88
BCO,1998-10-30,29.94,30.0,29.5,29.75
BCO,1998-11-02,29.88,30.25,29.75,30.19
BCO,1998-11-03,30.25,30.25,29.81,30.0
BCO,1998-11-04,30.0,30.0,29.38,29.62
BCO,1998-11-05,29.62,29.75,29.12,29.38
BCO,1998-11-06,29.12,29.81,28.88,29.75
BCO,1998-11-09,29.62,29.81,29.31,29.44
BCO,1998-11-10,29.44,30.5,29.44,30.06
BCO,1998-11-11,30.12,30.44,30.0,30.12
BCO,1998-11-12,30.12,30.44,29.81,30.06
BCO,1998-11-13,30.12,30.88,29.94,29.94
BCO,1998-11-16,30.0,30.12,29.5,29.56
BCO,1998-11-17,29.75,29.75,29.12,29.12
BCO,1998-11-18,29.0,29.06,28.5,28.94
BCO,1998-11-19,28.88,29.88,28.88,29.75
BCO,1998-11-20,30.0,31.12,29.88,31.12
BCO,1998-11-23,31.06,31.19,29.81,29.81
BCO,1998-11-24,30.0,30.44,29.81,29.88
BCO,1998-11-25,30.0,30.62,29.94,30.19
BCO,1998-11-27,30.31,30.5,29.94,30.06
BCO,1998-11-30,30.31,30.38,29.75,30.0
BCO,1998-12-01,30.0,30.56,29.94,30.06
BCO,1998-12-02,30.38,30.5,30.0,30.0
BCO,1998-12-03,30.0,30.31,29.94,30.0
BCO,1998-12-04,30.0,30.69,30.0,30.62
BCO,1998-12-07,30.62,31.94,30.38,31.94
BCO,1998-12-08,31.69,31.69,30.56,30.69
BCO,1998-12-09,30.62,30.62,30.0,30.19
BCO,1998-12-10,30.12,30.25,30.0,30.06
BCO,1998-12-11,30.0,30.38,30.0,30.12
BCO,1998-12-14,30.38,30.38,29.88,29.88
BCO,1998-12-15,29.62,29.94,29.62,29.62
BCO,1998-12-16,29.62,30.0,29.5,29.75
BCO,1998-12-17,29.75,30.25,29.62,30.19
BCO,1998-12-18,30.0,30.25,29.5,29.88
BCO,1998-12-21,30.12,31.0,30.06,30.75
BCO,1998-12-22,30.75,31.0,30.06,30.94
BCO,1998-12-23,30.5,30.94,30.06,30.75
BCO,1998-12-24,30.62,30.81,30.38,30.75
BCO,1998-12-28,30.12,30.62,30.06,30.44
BCO,1998-12-29,30.31,30.69,29.81,30.0
BCO,1998-12-30,30.0,31.38,30.0,31.25
BCO,1998-12-31,31.25,32.0,30.31,31.88
BCO,1999-01-04,31.69,31.81,29.81,30.0
BCO,1999-01-05,30.12,30.56,30.0,30.44
BCO,1999-01-06,30.31,30.75,30.06,30.25
BCO,1999-01-07,30.25,30.31,30.0,30.25
BCO,1999-01-08,30.38,30.62,30.31,30.44
BCO,1999-01-11,30.31,30.44,30.0,30.31
BCO,1999-01-12,30.44,30.69,29.94,30.69
BCO,1999-01-13,30.38,30.38,29.75,30.0
BCO,1999-01-14,30.25,30.25,29.81,30.06
BCO,1999-01-15,30.25,30.31,30.0,30.0
BCO,1999-01-19,30.25,30.25,29.44,29.69
BCO,1999-01-20,29.94,30.31,29.5,29.94
BCO,1999-01-21,29.94,30.0,29.75,30.0
BCO,1999-01-22,30.12,30.25,29.06,29.38
BCO,1999-01-25,29.12,29.12,28.31,28.38
BCO,1999-01-26,28.38,28.38,27.06,27.38
BCO,1999-01-27,28.5,29.06,28.12,28.62
BCO,1999-01-28,28.38,29.0,28.38,28.94
BCO,1999-01-29,29.0,29.0,28.69,28.88
BCO,1999-02-01,28.81,29.0,28.62,28.75
BCO,1999-02-02,28.75,28.75,28.31,28.31
BCO,1999-02-03,28.31,28.5,28.25,28.38
BCO,1999-02-04,28.5,28.69,28.25,28.5
BCO,1999-02-05,28.25,28.62,28.25,28.5
BCO,1999-02-08,28.5,28.75,28.5,28.5
BCO,1999-02-09,28.75,29.06,28.44,28.56
BCO,1999-02-10,28.5,28.69,28.25,28.31
BCO,1999-02-11,28.25,28.5,26.75,26.94
BCO,1999-02-12,26.62,26.62,25.56,25.75
BCO,1999-02-16,26.0,26.44,25.25,25.69
BCO,1999-02-17,25.56,25.62,24.81,25.0
BCO,1999-02-18,25.25,25.25,24.75,25.12
BCO,1999-02-19,25.19,25.38,24.75,24.75
BCO,1999-02-22,25.0,26.0,25.0,25.19
BCO,1999-02-23,25.06,25.38,25.06,25.25
BCO,1999-02-24,25.12,25.44,24.88,25.0
BCO,1999-02-25,24.75,25.12,24.38,24.38
BCO,1999-02-26,24.5,24.62,24.31,24.5
BCO,1999-03-01,24.5,24.75,24.44,24.62
BCO,1999-03-02,24.56,24.69,24.38,24.56
BCO,1999-03-03,24.81,24.81,23.88,24.44
BCO,1999-03-04,24.19,24.5,23.75,23.81
BCO,1999-03-05,24.06,24.06,23.88,23.88
BCO,1999-03-08,23.75,23.81,22.62,22.94
BCO,1999-03-09,23.19,23.44,23.06,23.25
BCO,1999-03-10,23.06,23.19,22.88,23.0
BCO,1999-03-11,23.0,23.12,22.88,23.12
BCO,1999-03-12,23.38,23.69,23.06,23.38
BCO,1999-03-15,23.25,23.56,23.06,23.38
BCO,1999-03-16,23.62,24.25,23.56,23.75
BCO,1999-03-17,23.62,23.62,23.31,23.56
BCO,1999-03-18,23.56,23.81,23.56,23.81
BCO,1999-03-19,23.75,23.94,23.19,23.38
BCO,1999-03-22,23.25,23.88,23.19,23.56
BCO,1999-03-23,23.5,23.88,23.31,23.81
BCO,1999-03-24,23.56,23.69,23.44,23.69
BCO,1999-03-25,23.62,23.81,23.44,23.62
BCO,1999-03-26,23.38,23.62,23.38,23.44
BCO,1999-03-29,23.56,23.62,23.06,23.62
BCO,1999-03-30,23.5,23.88,23.25,23.25
BCO,1999-03-31,23.38,23.69,23.06,23.5
BCO,1999-04-01,23.5,23.62,23.06,23.06
BCO,1999-04-05,23.12,23.62,23.12,23.5
BCO,1999-04-06,23.75,23.75,22.44,22.56
BCO,1999-04-07,22.5,23.0,21.94,22.25
BCO,1999-04-08,22.38,22.88,22.0,22.38
BCO,1999-04-09,22.31,22.5,21.69,22.0
BCO,1999-04-12,21.62,22.38,21.56,22.31
BCO,1999-04-13,22.31,22.38,21.69,21.75
BCO,1999-04-14,21.69,22.38,21.69,22.31
BCO,1999-04-15,22.31,23.19,22.31,23.0
BCO,1999-04-16,23.0,23.5,23.0,23.44
BCO,1999-04-19,23.69,25.5,23.69,25.31
BCO,1999-04-20,25.31,25.44,24.38,24.88
BCO,1999-04-21,24.81,24.88,24.62,24.88
BCO,1999-04-22,24.81,24.88,24.69,24.88
BCO,1999-04-23,24.88,24.88,24.56,24.88
BCO,1999-04-26,24.81,24.88,24.81,24.81
BCO,1999-04-27,24.88,25.38,24.88,25.19
BCO,1999-04-28,25.12,25.12,24.38,24.56
BCO,1999-04-29,24.56,26.62,24.56,26.62
BCO,1999-04-30,26.88,27.0,25.75,26.38
BCO,1999-05-03,26.0,27.0,25.81,26.62
BCO,1999-05-04,26.88,27.19,26.75,26.94
BCO,1999-05-05,27.0,28.0,26.88,27.5
BCO,1999-05-06,27.38,27.5,27.25,27.38
BCO,1999-05-07,27.38,27.5,27.31,27.44
BCO,1999-05-10,27.56,28.56,27.44,28.38
BCO,1999-05-11,28.38,28.44,27.38,27.88
BCO,1999-05-12,27.75,28.12,27.69,28.12
BCO,1999-05-13,28.12,28.94,28.12,28.69
BCO,1999-05-14,28.56,28.56,28.12,28.31
BCO,1999-05-17,28.25,28.31,27.94,27.94
BCO,1999-05-18,28.06,28.06,27.25,27.94
BCO,1999-05-19,28.0,28.62,27.94,28.56
BCO,1999-05-20,28.5,28.88,28.44,28.5
BCO,1999-05-21,28.56,28.56,28.0,28.38
BCO,1999-05-24,28.38,28.44,28.0,28.0
BCO,1999-05-25,28.12,28.44,27.81,27.94
BCO,1999-05-26,27.88,28.0,27.0,27.25
BCO,1999-05-27,27.25,27.88,26.81,27.88
BCO,1999-05-28,27.88,28.75,27.88,28.5
BCO,1999-06-01,28.25,28.69,28.12,28.31
BCO,1999-06-02,28.31,28.62,28.31,28.62
BCO,1999-06-03,28.81,29.06,28.69,29.0
BCO,1999-06-04,29.0,29.38,29.0,29.38
BCO,1999-06-07,29.5,30.0,29.5,29.88
BCO,1999-06-08,29.81,29.94,29.75,29.81
BCO,1999-06-09,29.69,29.81,29.56,29.75
BCO,1999-06-10,29.69,29.69,29.31,29.44
BCO,1999-06-11,29.19,29.75,29.19,29.56
BCO,1999-06-14,29.56,29.88,28.94,28.94
BCO,1999-06-15,28.88,29.0,28.75,28.94
BCO,1999-06-16,28.94,28.94,28.88,28.88
BCO,1999-06-17,28.62,28.62,28.12,28.38
BCO,1999-06-18,28.19,28.19,28.0,28.0
BCO,1999-06-21,28.12,28.12,27.75,27.88
BCO,1999-06-22,27.62,27.75,27.62,27.62
BCO,1999-06-23,27.38,27.62,27.19,27.62
BCO,1999-06-24,27.62,27.69,27.0,27.0
BCO,1999-06-25,27.12,27.12,27.06,27.06
BCO,1999-06-28,27.06,27.12,26.88,27.0
BCO,1999-06-29,27.06,27.06,26.94,27.0
BCO,1999-06-30,26.94,27.0,26.69,26.75
BCO,1999-07-01,26.75,26.75,26.62,26.75
BCO,1999-07-02,26.75,27.12,26.69,27.0
BCO,1999-07-06,27.0,27.62,26.75,27.5
BCO,1999-07-07,27.5,27.75,27.0,27.12
BCO,1999-07-08,27.12,27.12,26.75,26.88
BCO,1999-07-09,27.0,27.62,26.88,27.62
BCO,1999-07-12,27.75,28.69,27.69,27.94
BCO,1999-07-13,27.94,27.94,27.19,27.44
BCO,1999-07-14,27.56,27.56,26.88,27.06
BCO,1999-07-15,27.25,27.69,27.12,27.69
BCO,1999-07-16,27.5,27.62,27.25,27.44
BCO,1999-07-19,28.0,28.19,27.88,28.0
BCO,1999-07-20,27.94,27.94,27.31,27.31
BCO,1999-07-21,27.38,27.56,26.88,27.38
BCO,1999-07-22,27.38,28.06,27.38,28.0
BCO,1999-07-23,27.81,28.31,27.62,27.94
BCO,1999-07-26,27.81,28.19,27.75,28.0
BCO,1999-07-27,27.81,28.12,27.44,28.0
BCO,1999-07-28,28.0,28.0,26.5,26.94
BCO,1999-07-29,26.81,26.94,26.62,26.94
BCO,1999-07-30,27.0,27.19,26.62,27.19
BCO,1999-08-02,27.19,27.19,25.88,26.0
BCO,1999-08-03,26.0,26.12,25.62,25.75
BCO,1999-08-04,25.88,25.88,24.94,24.94
BCO,1999-08-05,25.06,25.12,24.56,24.81
BCO,1999-08-06,24.94,25.06,24.31,24.44
BCO,1999-08-09,24.19,24.62,23.94,24.56
BCO,1999-08-10,24.69,24.69,23.38,23.62
BCO,1999-08-11,23.88,24.06,23.88,24.06
BCO,1999-08-12,23.94,24.31,23.94,24.12
BCO,1999-08-13,24.12,24.5,24.06,24.12
BCO,1999-08-16,23.94,24.25,23.81,24.25
BCO,1999-08-17,24.25,24.25,23.94,24.19
BCO,1999-08-18,23.81,23.88,23.25,23.25
BCO,1999-08-19,23.31,25.88,23.12,25.38
BCO,1999-08-20,25.25,25.81,25.19,25.5
BCO,1999-08-23,25.19,25.25,24.56,24.56
BCO,1999-08-24,24.44,24.94,24.44,24.75
BCO,1999-08-25,24.81,24.94,24.5,24.81
BCO,1999-08-26,24.38,24.38,24.12,24.12
BCO,1999-08-27,24.25,24.5,23.88,23.88
BCO,1999-08-30,23.69,23.81,23.31,23.69
BCO,1999-08-31,23.81,24.0,23.56,23.81
BCO,1999-09-01,23.81,24.38,23.69,24.06
BCO,1999-09-02,24.0,24.06,23.75,23.88
BCO,1999-09-03,24.12,24.88,24.12,24.69
BCO,1999-09-07,24.81,25.0,24.69,25.0
BCO,1999-09-08,24.88,25.0,24.0,24.06
BCO,1999-09-09,24.0,24.0,23.56,23.75
BCO,1999-09-10,23.75,23.94,23.5,23.94
BCO,1999-09-13,23.88,23.88,23.25,23.5
BCO,1999-09-14,23.5,23.5,22.62,23.0
BCO,1999-09-15,22.75,23.0,22.56,23.0
BCO,1999-09-16,23.0,23.12,22.69,22.81
BCO,1999-09-17,22.69,23.19,22.69,23.12
BCO,1999-09-20,23.38,23.38,22.69,22.75
BCO,1999-09-21,23.0,23.06,22.75,22.94
BCO,1999-09-22,22.94,23.31,22.81,23.12
BCO,1999-09-23,22.94,23.31,22.69,22.69
BCO,1999-09-24,22.56,22.56,21.94,22.0
BCO,1999-09-27,22.0,22.69,22.0,22.69
BCO,1999-09-28,22.69,23.19,22.31,23.19
BCO,1999-09-29,23.0,23.06,22.62,22.62
BCO,1999-09-30,22.81,23.31,22.81,23.19
BCO,1999-10-01,23.19,23.19,22.0,22.19
BCO,1999-10-04,22.44,22.88,22.44,22.75
BCO,1999-10-05,22.62,22.69,22.12,22.19
BCO,1999-10-06,22.19,22.25,22.06,22.06
BCO,1999-10-07,22.12,22.12,21.81,22.06
BCO,1999-10-08,22.0,22.31,21.75,21.88
BCO,1999-10-11,22.0,22.0,21.69,21.75
BCO,1999-10-12,21.69,21.69,20.75,20.88
BCO,1999-10-13,20.62,20.88,19.88,19.94
BCO,1999-10-14,19.81,19.81,19.0,19.5
BCO,1999-10-15,19.38,19.62,19.12,19.44
BCO,1999-10-18,19.56,19.75,19.19,19.19
BCO,1999-10-19,19.0,19.81,19.0,19.44
BCO,1999-10-20,19.69,19.75,19.25,19.5
BCO,1999-10-21,19.5,19.5,19.12,19.38
BCO,1999-10-22,19.38,19.5,19.25,19.31
BCO,1999-10-25,19.19,19.38,18.88,18.94
BCO,1999-10-26,18.94,18.94,18.62,18.75
BCO,1999-10-27,18.62,18.81,18.56,18.69
BCO,1999-10-28,18.69,18.69,18.38,18.5
BCO,1999-10-29,18.44,19.19,18.38,19.19
BCO,1999-11-01,19.0,19.06,18.12,18.62
BCO,1999-11-02,18.62,19.25,18.5,19.0
BCO,1999-11-03,19.0,19.25,19.0,19.19
BCO,1999-11-04,19.25,19.31,18.69,19.0
BCO,1999-11-05,18.81,19.19,18.12,18.62
BCO,1999-11-08,18.62,19.06,18.5,19.06
BCO,1999-11-09,18.94,18.94,18.69,18.81
BCO,1999-11-10,18.88,19.0,18.81,18.94
BCO,1999-11-11,19.0,19.0,18.81,18.94
BCO,1999-11-12,19.0,19.25,18.94,19.19
BCO,1999-11-15,19.06,19.56,19.0,19.56
BCO,1999-11-16,19.44,19.56,19.19,19.31
BCO,1999-11-17,19.19,19.81,19.19,19.75
BCO,1999-11-18,19.69,20.19,19.69,20.12
BCO,1999-11-19,20.0,20.0,19.25,19.38
BCO,1999-11-22,19.12,19.25,19.0,19.06
BCO,1999-11-23,19.06,19.06,18.5,18.88
BCO,1999-11-24,19.0,19.12,18.94,19.0
BCO,1999-11-26,19.06,19.12,19.0,19.06
BCO,1999-11-29,19.19,19.19,18.88,18.88
BCO,1999-11-30,19.0,19.19,18.75,19.0
BCO,1999-12-01,19.0,19.0,18.56,18.69
BCO,1999-12-02,18.75,18.81,18.31,18.62
BCO,1999-12-03,18.75,18.75,18.19,18.38
BCO,1999-12-06,18.62,22.31,18.62,21.5
BCO,1999-12-07,22.88,22.88,22.06,22.44
BCO,1999-12-08,22.44,22.5,21.88,21.94
BCO,1999-12-09,21.94,21.94,20.75,20.88
BCO,1999-12-10,20.75,21.5,20.56,21.31
BCO,1999-12-13,21.19,21.19,20.56,20.88
BCO,1999-12-14,20.75,20.81,20.31,20.31
BCO,1999-12-15,20.5,21.38,20.31,21.38
BCO,1999-12-16,21.12,21.19,20.31,21.06
BCO,1999-12-17,21.06,21.06,20.31,21.0
BCO,1999-12-20,20.75,20.94,20.62,20.81
BCO,1999-12-21,20.81,21.31,20.56,20.94
BCO,1999-12-22,20.94,21.19,20.81,21.06
BCO,1999-12-23,21.19,21.19,20.56,21.19
BCO,1999-12-27,21.0,21.0,20.5,20.69
BCO,1999-12-28,20.56,21.44,20.56,21.06
BCO,1999-12-29,21.06,22.0,20.94,22.0
BCO,1999-12-30,21.81,22.31,21.81,21.94
BCO,1999-12-31,21.94,22.0,21.5,22.0
BCO,2000-01-03,21.75,21.75,21.0,21.38
BCO,2000-01-04,21.31,21.31,20.5,20.56
BCO,2000-01-05,20.75,21.69,20.56,21.5
BCO,2000-01-06,21.38,21.38,21.0,21.31
BCO,2000-01-07,21.44,21.69,21.12,21.31
BCO,2000-01-10,21.38,22.0,21.38,21.69
BCO,2000-01-11,21.62,21.69,21.06,21.06
BCO,2000-01-12,21.06,21.06,20.38,20.88
BCO,2000-01-13,21.0,22.19,20.88,21.94
BCO,2000-01-14,21.94,22.0,21.56,21.81
BCO,2000-01-18,21.75,22.0,21.56,21.75
BCO,2000-01-19,21.31,22.0,21.31,22.0
BCO,2000-01-20,22.0,22.0,21.25,22.0
BCO,2000-01-21,22.0,22.0,21.06,21.31
BCO,2000-01-24,21.44,21.5,20.5,20.56
BCO,2000-01-25,20.75,20.75,19.62,19.62
BCO,2000-01-26,19.75,20.44,19.75,19.88
BCO,2000-01-27,20.12,20.44,19.88,20.06
BCO,2000-01-28,19.88,20.25,19.31,20.25
BCO,2000-01-31,20.38,20.38,18.88,19.5
BCO,2000-02-01,19.75,20.38,19.56,20.12
BCO,2000-02-02,19.88,19.88,19.0,19.56
BCO,2000-02-03,19.5,19.5,18.62,19.06
BCO,2000-02-04,18.81,20.12,18.81,19.69
BCO,2000-02-07,19.44,19.56,18.44,19.0
BCO,2000-02-08,19.25,19.25,18.44,18.69
BCO,2000-02-09,18.44,19.19,18.19,18.88
BCO,2000-02-10,18.81,18.81,17.94,18.12
BCO,2000-02-11,18.19,18.44,18.0,18.38
BCO,2000-02-14,18.25,18.5,18.0,18.12
BCO,2000-02-15,18.06,18.75,18.06,18.75
BCO,2000-02-16,18.56,18.56,17.88,17.88
BCO,2000-02-17,18.0,18.19,17.38,17.62
BCO,2000-02-18,17.62,17.75,16.94,16.94
BCO,2000-02-22,16.94,17.12,16.94,17.0
BCO,2000-02-23,16.88,17.06,16.44,16.94
BCO,2000-02-24,16.62,16.81,16.44,16.81
BCO,2000-02-25,16.62,16.81,16.31,16.38
BCO,2000-02-28,16.38,16.69,15.88,16.69
BCO,2000-02-29,16.56,17.88,16.56,17.88
BCO,2000-03-01,17.88,17.88,16.88,17.19
BCO,2000-03-02,17.25,17.25,16.44,16.44
BCO,2000-03-03,16.56,16.62,16.25,16.31
BCO,2000-03-06,16.5,16.75,16.0,16.0
BCO,2000-03-07,16.25,16.31,15.75,15.81
BCO,2000-03-08,15.81,16.12,15.75,15.94
BCO,2000-03-09,15.94,16.0,15.81,15.88
BCO,2000-03-10,15.75,16.44,15.25,15.25
BCO,2000-03-13,15.38,15.5,15.0,15.38
BCO,2000-03-14,15.5,15.88,15.38,15.5
BCO,2000-03-15,15.75,16.38,15.62,16.06
BCO,2000-03-16,16.12,17.0,16.0,16.69
BCO,2000-03-17,16.0,16.75,16.0,16.0
BCO,2000-03-20,15.81,16.25,15.81,16.06
BCO,2000-03-21,15.88,16.44,15.75,16.44
BCO,2000-03-22,16.38,16.81,16.38,16.75
BCO,2000-03-23,16.62,17.31,16.62,17.19
BCO,2000-03-24,17.06,17.12,16.5,16.69
BCO,2000-03-27,16.62,17.06,16.62,16.75
BCO,2000-03-28,16.81,17.12,16.38,16.88
BCO,2000-03-29,17.0,17.0,15.94,16.06
BCO,2000-03-30,16.25,16.44,16.06,16.38
BCO,2000-03-31,16.62,17.0,16.5,17.0
BCO,2000-04-03,16.62,16.78,16.19,16.25
BCO,2000-04-04,16.5,16.62,15.75,16.62
BCO,2000-04-05,16.5,16.56,16.25,16.38
BCO,2000-04-06,16.44,16.5,16.25,16.38
BCO,2000-04-07,16.5,16.5,16.31,16.5
BCO,2000-04-10,16.38,16.69,16.31,16.31
BCO,2000-04-11,16.44,16.62,16.25,16.62
BCO,2000-04-12,16.62,16.88,16.25,16.81
BCO,2000-04-13,16.69,17.0,16.56,17.0
BCO,2000-04-14,16.94,17.0,16.38,16.38
BCO,2000-04-17,16.5,17.12,16.38,16.62
BCO,2000-04-18,16.5,17.06,16.31,17.06
BCO,2000-04-19,16.94,17.12,16.62,16.69
BCO,2000-04-20,16.75,16.81,16.12,16.25
BCO,2000-04-24,16.38,16.5,16.0,16.19
BCO,2000-04-25,16.5,16.69,16.31,16.5
BCO,2000-04-26,16.44,16.62,16.38,16.62
BCO,2000-04-27,16.5,16.81,15.44,15.88
BCO,2000-04-28,15.88,16.38,15.81,16.38
BCO,2000-05-01,16.19,16.81,16.06,16.5
BCO,2000-05-02,16.31,16.44,15.19,15.25
BCO,2000-05-03,15.12,15.19,14.81,14.81
BCO,2000-05-04,14.94,15.31,14.88,14.94
BCO,2000-05-05,15.0,15.44,14.94,15.25
BCO,2000-05-08,15.12,15.19,14.81,14.88
BCO,2000-05-09,14.88,14.88,14.25,14.69
BCO,2000-05-10,14.75,14.94,14.38,14.69
BCO,2000-05-11,14.75,15.25,14.75,15.06
BCO,2000-05-12,14.75,15.25,14.69,15.0
BCO,2000-05-15,15.0,15.0,14.56,14.81
BCO,2000-05-16,14.81,15.19,14.75,14.81
BCO,2000-05-17,14.69,14.81,14.56,14.69
BCO,2000-05-18,14.62,15.12,14.62,14.94
BCO,2000-05-19,14.94,15.06,14.44,14.62
BCO,2000-05-22,14.69,14.75,14.25,14.56
BCO,2000-05-23,14.31,14.5,14.25,14.31
BCO,2000-05-24,14.44,15.0,14.19,14.75
BCO,2000-05-25,14.88,14.88,14.62,14.75
BCO,2000-05-26,14.69,15.0,14.5,14.69
BCO,2000-05-30,14.56,15.12,14.5,14.69
BCO,2000-05-31,14.81,15.38,14.69,15.19
BCO,2000-06-01,15.19,15.94,15.19,15.88
BCO,2000-06-02,16.06,16.25,14.94,15.31
BCO,2000-06-05,15.19,15.5,15.0,15.0
BCO,2000-06-06,15.25,15.62,14.94,15.56
BCO,2000-06-07,15.5,15.81,15.5,15.62
BCO,2000-06-08,15.62,15.88,15.62,15.75
BCO,2000-06-09,15.69,15.94,15.66,15.88
BCO,2000-06-12,15.75,15.94,15.06,15.06
BCO,2000-06-13,15.31,15.62,15.12,15.5
BCO,2000-06-14,15.56,15.88,15.06,15.38
BCO,2000-06-15,15.38,15.38,14.81,15.19
BCO,2000-06-16,15.0,15.38,14.88,15.31
BCO,2000-06-19,15.06,15.25,14.75,15.25
BCO,2000-06-20,15.06,15.25,14.56,14.75
BCO,2000-06-21,14.75,14.75,14.25,14.31
BCO,2000-06-22,14.19,14.25,13.94,13.94
BCO,2000-06-23,14.12,14.44,13.81,14.44
BCO,2000-06-26,14.31,14.56,14.19,14.25
BCO,2000-06-27,14.19,14.56,14.0,14.06
BCO,2000-06-28,14.19,14.31,13.94,14.25
BCO,2000-06-29,14.12,14.62,14.12,14.44
BCO,2000-06-30,14.5,14.5,13.44,14.12
BCO,2000-07-03,13.94,14.5,13.75,14.5
BCO,2000-07-05,14.19,14.25,13.88,13.88
BCO,2000-07-06,13.81,14.25,13.38,13.75
BCO,2000-07-07,13.88,14.44,13.75,14.25
BCO,2000-07-10,14.25,14.69,14.19,14.38
BCO,2000-07-11,14.44,14.44,13.62,13.88
BCO,2000-07-12,14.25,14.25,13.69,13.75
BCO,2000-07-13,13.62,13.81,13.5,13.5
BCO,2000-07-14,13.62,14.0,13.19,13.19
BCO,2000-07-17,13.19,13.38,13.19,13.25
BCO,2000-07-18,13.25,13.38,12.94,13.0
BCO,2000-07-19,13.0,13.0,12.56,12.56
BCO,2000-07-20,12.5,12.62,12.06,12.38
BCO,2000-07-21,12.38,12.44,11.88,11.94
BCO,2000-07-24,12.06,12.06,11.31,11.31
BCO,2000-07-25,11.31,12.0,11.31,11.69
BCO,2000-07-26,11.56,11.88,11.38,11.5
BCO,2000-07-27,11.12,11.38,10.69,10.94
BCO,2000-07-28,10.81,11.19,10.81,11.0
BCO,2000-07-31,11.12,12.0,10.94,12.0
BCO,2000-08-01,11.62,11.88,11.5,11.56
BCO,2000-08-02,11.56,12.44,11.56,12.12
BCO,2000-08-03,11.94,14.25,11.88,13.81
BCO,2000-08-04,14.5,14.88,14.0,14.75
BCO,2000-08-07,14.06,14.38,13.88,14.06
BCO,2000-08-08,13.94,13.94,13.5,13.62
BCO,2000-08-09,13.62,14.0,13.44,13.88
BCO,2000-08-10,13.88,13.88,13.5,13.5
BCO,2000-08-11,13.56,14.06,13.56,14.06
BCO,2000-08-14,13.94,14.12,13.88,14.12
BCO,2000-08-15,14.0,14.25,13.81,14.25
BCO,2000-08-16,14.12,14.56,14.12,14.44
BCO,2000-08-17,14.56,14.88,14.19,14.88
BCO,2000-08-18,14.75,14.94,14.5,14.94
BCO,2000-08-21,14.94,14.94,14.81,14.94
BCO,2000-08-22,14.88,15.12,14.88,15.12
BCO,2000-08-23,15.19,15.19,14.88,15.0
BCO,2000-08-24,14.88,15.25,14.88,15.19
BCO,2000-08-25,15.06,15.56,15.06,15.5
BCO,2000-08-28,15.44,15.69,15.44,15.69
BCO,2000-08-29,15.69,16.69,15.69,16.69
BCO,2000-08-30,16.56,16.75,16.25,16.5
BCO,2000-08-31,16.44,16.94,15.56,15.56
BCO,2000-09-01,15.81,16.19,15.75,16.19
BCO,2000-09-05,15.88,16.25,15.81,16.06
BCO,2000-09-06,15.94,16.31,15.88,16.19
BCO,2000-09-07,16.44,16.44,16.12,16.38
BCO,2000-09-08,16.5,17.06,16.38,16.94
BCO,2000-09-11,16.81,17.19,16.75,17.19
BCO,2000-09-12,17.5,17.5,17.0,17.0
BCO,2000-09-13,17.06,17.06,16.81,16.94
BCO,2000-09-14,16.88,16.88,15.94,16.19
BCO,2000-09-15,15.94,16.25,15.81,16.0
BCO,2000-09-18,16.19,16.19,15.62,15.62
BCO,2000-09-19,15.38,15.69,15.12,15.56
BCO,2000-09-20,15.44,16.12,15.38,15.44
BCO,2000-09-21,15.12,15.62,15.0,15.12
BCO,2000-09-22,15.06,15.31,15.06,15.25
BCO,2000-09-25,15.06,15.25,14.88,15.06
BCO,2000-09-26,14.94,15.25,14.75,14.94
BCO,2000-09-27,14.81,15.44,14.75,15.44
BCO,2000-09-28,15.31,15.38,15.12,15.25
BCO,2000-09-29,15.06,15.75,15.06,15.5
BCO,2000-10-02,15.62,15.81,14.81,14.81
BCO,2000-10-03,14.81,15.94,14.81,15.0
BCO,2000-10-04,15.25,15.88,14.88,15.88
BCO,2000-10-05,15.81,15.81,15.44,15.69
BCO,2000-10-06,15.81,16.25,15.81,16.06
BCO,2000-10-09,16.0,16.25,15.81,15.88
BCO,2000-10-10,15.94,16.06,15.5,15.56
BCO,2000-10-11,15.38,15.5,14.75,15.06
BCO,2000-10-12,15.06,15.31,14.62,14.75
BCO,2000-10-13,14.5,15.44,14.5,15.25
BCO,2000-10-16,15.31,15.31,14.94,14.94
BCO,2000-10-17,14.81,14.81,14.12,14.5
BCO,2000-10-18,14.38,14.56,14.0,14.5
BCO,2000-10-19,14.56,14.88,14.38,14.81
BCO,2000-10-20,14.88,15.06,14.75,14.75
BCO,2000-10-23,15.0,15.0,14.69,14.94
BCO,2000-10-24,15.19,15.19,14.88,15.0
BCO,2000-10-25,14.81,14.94,14.38,14.5
BCO,2000-10-26,14.44,14.88,14.44,14.75
BCO,2000-10-27,14.75,15.0,14.62,14.88
BCO,2000-10-30,14.75,15.0,14.75,14.88
BCO,2000-10-31,14.94,15.88,14.88,15.88
BCO,2000-11-01,15.69,15.69,13.75,14.12
BCO,2000-11-02,14.12,14.75,13.75,14.69
BCO,2000-11-03,14.69,14.69,14.06,14.12
BCO,2000-11-06,14.19,14.44,14.06,14.44
BCO,2000-11-07,14.56,15.19,14.25,15.0
BCO,2000-11-08,14.88,15.69,14.88,15.56
BCO,2000-11-09,15.38,15.5,15.06,15.25
BCO,2000-11-10,15.12,15.38,14.75,15.0
BCO,2000-11-13,15.0,15.94,14.69,15.69
BCO,2000-11-14,15.94,16.06,15.75,15.81
BCO,2000-11-15,15.75,16.44,15.75,15.88
BCO,2000-11-16,15.81,16.12,15.25,15.31
BCO,2000-11-17,15.62,15.75,15.12,15.38
BCO,2000-11-20,15.5,15.69,15.25,15.38
BCO,2000-11-21,15.25,15.44,14.94,15.44
BCO,2000-11-22,15.38,15.81,15.25,15.5
BCO,2000-11-24,15.5,15.56,15.25,15.44
BCO,2000-11-27,15.31,15.44,15.31,15.31
BCO,2000-11-28,15.19,15.38,14.81,15.0
BCO,2000-11-29,14.88,15.0,14.75,14.88
BCO,2000-11-30,14.75,15.56,14.69,15.12
BCO,2000-12-01,15.12,16.5,15.12,16.12
BCO,2000-12-04,16.0,16.25,16.0,16.19
BCO,2000-12-05,16.19,16.5,16.19,16.44
BCO,2000-12-06,16.38,17.5,16.38,16.81
BCO,2000-12-07,16.69,17.81,16.69,17.62
BCO,2000-12-08,17.62,18.31,17.62,18.31
BCO,2000-12-11,18.19,18.25,17.94,18.25
BCO,2000-12-12,18.12,18.19,17.69,17.75
BCO,2000-12-13,17.62,18.0,17.38,18.0
BCO,2000-12-14,17.81,18.25,17.5,17.69
BCO,2000-12-15,17.38,18.06,16.75,16.75
BCO,2000-12-18,17.0,18.25,16.88,18.25
BCO,2000-12-19,18.06,18.5,17.69,18.38
BCO,2000-12-20,18.38,18.38,17.25,17.56
BCO,2000-12-21,17.62,18.25,17.62,18.19
BCO,2000-12-22,18.12,18.81,17.88,18.81
BCO,2000-12-26,18.81,19.12,18.31,19.06
BCO,2000-12-27,18.94,20.5,18.81,20.0
BCO,2000-12-28,19.88,19.94,19.0,19.0
BCO,2000-12-29,18.75,21.0,18.56,19.88
BCO,2001-01-02,19.62,20.12,19.5,19.56
BCO,2001-01-03,19.5,20.38,19.5,20.12
BCO,2001-01-04,19.88,20.31,19.62,20.0
BCO,2001-01-05,20.0,20.0,19.5,19.5
BCO,2001-01-08,19.5,19.5,18.62,19.38
BCO,2001-01-09,19.44,19.81,19.0,19.75
BCO,2001-01-10,19.75,20.12,19.06,20.06
BCO,2001-01-11,19.94,20.38,19.94,20.12
BCO,2001-01-12,20.12,20.56,20.12,20.25
BCO,2001-01-16,20.0,21.56,20.0,21.38
BCO,2001-01-17,21.5,22.0,21.19,21.38
BCO,2001-01-18,21.25,21.38,21.0,21.19
BCO,2001-01-19,21.0,21.25,21.0,21.19
BCO,2001-01-22,21.0,21.12,20.81,20.88
BCO,2001-01-23,20.62,21.31,20.62,21.25
BCO,2001-01-24,21.31,22.44,21.31,21.88
BCO,2001-01-25,21.69,21.75,20.88,20.88
BCO,2001-01-26,21.0,21.19,20.5,20.69
BCO,2001-01-29,20.4,20.9,20.4,20.87
BCO,2001-01-30,20.62,21.0,20.56,20.99
BCO,2001-01-31,20.99,21.0,20.45,20.81
BCO,2001-02-01,20.6,20.6,18.15,18.4
BCO,2001-02-02,18.6,18.6,17.86,17.89
BCO,2001-02-05,18.0,18.4,17.9,18.26
BCO,2001-02-06,18.28,18.51,18.18,18.48
BCO,2001-02-07,18.35,19.0,18.28,18.85
BCO,2001-02-08,18.6,18.94,18.43,18.55
BCO,2001-02-09,18.5,19.2,18.4,18.96
BCO,2001-02-12,19.1,19.25,19.1,19.2
BCO,2001-02-13,19.19,19.28,19.01,19.15
BCO,2001-02-14,19.0,19.4,19.0,19.18
BCO,2001-02-15,19.01,19.5,19.01,19.37
BCO,2001-02-16,19.61,19.61,19.01,19.11
BCO,2001-02-20,19.13,19.13,18.7,18.75
BCO,2001-02-21,18.75,19.3,18.75,18.93
BCO,2001-02-22,18.94,19.2,18.8,18.95
BCO,2001-02-23,19.05,19.44,18.85,19.24
BCO,2001-02-26,19.25,19.75,19.24,19.5
BCO,2001-02-27,19.4,19.98,19.38,19.41
BCO,2001-02-28,19.55,19.94,19.5,19.85
BCO,2001-03-01,19.9,19.9,19.51,19.8
BCO,2001-03-02,19.6,20.55,19.6,20.35
BCO,2001-03-05,20.34,20.4,20.1,20.3
BCO,2001-03-06,20.3,20.9,20.2,20.9
BCO,2001-03-07,20.8,22.05,20.8,21.2
BCO,2001-03-08,21.0,21.47,20.6,21.05
BCO,2001-03-09,21.0,21.12,20.86,21.01
BCO,2001-03-12,20.59,21.0,20.27,20.27
BCO,2001-03-13,20.28,20.45,19.9,20.44
BCO,2001-03-14,20.1,20.35,19.75,19.8
BCO,2001-03-15,19.9,20.2,19.9,20.01
BCO,2001-03-16,20.25,20.85,20.25,20.41
BCO,2001-03-19,20.45,20.6,20.4,20.45
BCO,2001-03-20,20.4,20.95,20.4,20.5
BCO,2001-03-21,20.7,20.75,20.4,20.4
BCO,2001-03-22,20.5,20.5,19.6,20.2
BCO,2001-03-23,20.2,20.51,19.8,20.5
BCO,2001-03-26,20.51,20.74,20.5,20.73
BCO,2001-03-27,20.7,20.7,20.18,20.4
BCO,2001-03-28,20.5,20.5,19.8,20.21
BCO,2001-03-29,20.4,20.8,20.4,20.68
BCO,2001-03-30,20.88,21.95,20.88,21.7
BCO,2001-04-02,21.69,21.74,21.4,21.4
BCO,2001-04-03,21.41,21.41,21.0,21.0
BCO,2001-04-04,20.9,21.5,20.85,21.33
BCO,2001-04-05,21.34,22.0,21.34,22.0
BCO,2001-04-06,22.0,22.0,19.92,20.84
BCO,2001-04-09,20.9,21.5,20.9,21.25
BCO,2001-04-10,21.25,21.85,21.25,21.71
BCO,2001-04-11,21.82,21.82,20.85,20.85
BCO,2001-04-12,20.95,21.46,20.89,21.26
BCO,2001-04-16,21.16,21.19,20.8,20.92
BCO,2001-04-17,20.93,20.93,20.45,20.67
BCO,2001-04-18,20.75,21.0,20.6,20.7
BCO,2001-04-19,20.7,20.95,20.7,20.7
BCO,2001-04-20,20.58,20.6,19.6,19.85
BCO,2001-04-23,19.5,19.69,19.35,19.35
BCO,2001-04-24,19.55,19.88,19.43,19.58
BCO,2001-04-25,19.48,19.97,19.4,19.85
BCO,2001-04-26,19.84,20.6,19.75,20.4
BCO,2001-04-27,20.2,21.4,20.19,21.37
BCO,2001-04-30,21.23,21.78,21.23,21.3
BCO,2001-05-01,21.15,21.58,21.0,21.44
BCO,2001-05-02,21.4,21.62,21.2,21.4
BCO,2001-05-03,21.45,21.45,20.88,21.13
BCO,2001-05-04,21.14,21.7,20.85,21.7
BCO,2001-05-07,21.69,21.69,20.82,20.9
BCO,2001-05-08,20.8,21.23,20.6,21.05
BCO,2001-05-09,21.05,21.05,20.65,20.8
BCO,2001-05-10,20.8,21.18,20.8,21.02
BCO,2001-05-11,21.05,21.2,20.72,20.82
BCO,2001-05-14,20.82,20.83,20.71,20.79
BCO,2001-05-15,20.75,21.3,20.72,21.3
BCO,2001-05-16,21.29,21.5,20.98,21.39
BCO,2001-05-17,21.4,23.67,21.4,23.45
BCO,2001-05-18,23.44,23.8,23.4,23.8
BCO,2001-05-21,23.76,25.1,23.68,25.04
BCO,2001-05-22,24.9,24.91,24.45,24.58
BCO,2001-05-23,24.5,24.55,24.0,24.0
BCO,2001-05-24,24.0,24.3,23.66,24.3
BCO,2001-05-25,24.29,24.8,24.29,24.61
BCO,2001-05-29,24.5,24.6,23.83,23.85
BCO,2001-05-30,23.88,24.1,23.23,23.28
BCO,2001-05-31,23.45,24.31,23.45,23.5
BCO,2001-06-01,23.7,24.64,23.53,24.4
BCO,2001-06-04,24.6,25.31,24.6,25.2
BCO,2001-06-05,25.3,25.3,24.42,24.69
BCO,2001-06-06,24.75,24.75,23.84,23.96
BCO,2001-06-07,24.05,24.4,23.81,24.06
BCO,2001-06-08,24.06,24.16,23.79,24.01
BCO,2001-06-11,23.85,24.69,23.85,24.55
BCO,2001-06-12,24.5,24.64,23.82,24.2
BCO,2001-06-13,24.19,24.19,24.02,24.14
BCO,2001-06-14,24.0,24.0,23.21,23.23
BCO,2001-06-15,22.5,23.22,22.0,23.22
BCO,2001-06-18,23.06,23.06,22.48,22.6
BCO,2001-06-19,22.7,23.0,21.94,22.1
BCO,2001-06-20,22.15,22.5,21.85,22.4
BCO,2001-06-21,22.5,22.64,21.7,21.8
BCO,2001-06-22,21.8,21.8,19.9,20.68
BCO,2001-06-25,20.7,21.08,20.3,20.92
BCO,2001-06-26,20.9,21.5,20.9,21.3
BCO,2001-06-27,21.48,21.75,21.2,21.75
BCO,2001-06-28,21.65,22.57,21.65,21.95
BCO,2001-06-29,22.1,22.75,22.1,22.29
BCO,2001-07-02,22.35,22.35,21.42,21.44
BCO,2001-07-03,21.43,21.72,21.4,21.51
BCO,2001-07-05,21.35,22.5,21.22,21.93
BCO,2001-07-06,21.78,21.78,21.23,21.38
BCO,2001-07-09,21.38,21.45,21.14,21.41
BCO,2001-07-10,21.2,21.5,20.8,21.38
BCO,2001-07-11,21.4,21.4,20.6,21.2
BCO,2001-07-12,21.05,22.15,21.05,21.81
BCO,2001-07-13,21.8,22.0,21.72,21.78
BCO,2001-07-16,21.8,22.02,21.69,21.76
BCO,2001-07-17,21.76,21.77,21.43,21.68
BCO,2001-07-18,21.68,21.9,21.56,21.72
BCO,2001-07-19,21.52,21.82,21.52,21.77
BCO,2001-07-20,21.77,21.98,21.75,21.8
BCO,2001-07-23,21.6,21.66,21.26,21.51
BCO,2001-07-24,21.45,21.77,21.27,21.36
BCO,2001-07-25,21.45,21.99,21.45,21.65
BCO,2001-07-26,21.8,21.8,20.9,21.5
BCO,2001-07-27,21.55,21.89,21.55,21.85
BCO,2001-07-30,21.65,21.86,21.45,21.86
BCO,2001-07-31,21.8,22.3,21.8,22.05
BCO,2001-08-01,22.1,23.15,22.1,22.7
BCO,2001-08-02,22.65,22.95,22.4,22.61
BCO,2001-08-03,22.6,22.6,21.87,21.9
BCO,2001-08-06,21.86,21.87,21.45,21.7
BCO,2001-08-07,21.75,21.75,21.35,21.57
BCO,2001-08-08,21.75,22.0,21.17,21.2
BCO,2001-08-09,21.25,21.79,21.25,21.67
BCO,2001-08-10,21.62,21.95,21.41,21.65
BCO,2001-08-13,21.82,21.86,21.4,21.63
BCO,2001-08-14,21.6,21.87,21.49,21.5
BCO,2001-08-15,21.74,21.74,21.1,21.58
BCO,2001-08-16,21.5,22.21,21.5,21.94
BCO,2001-08-17,21.9,22.17,21.86,22.09
BCO,2001-08-20,22.0,22.2,21.69,22.14
BCO,2001-08-21,22.19,22.32,21.95,22.0
BCO,2001-08-22,22.0,22.28,21.66,21.9
BCO,2001-08-23,21.9,22.3,21.55,21.57
BCO,2001-08-24,21.58,22.32,21.58,22.3
BCO,2001-08-27,22.3,22.3,21.89,21.89
BCO,2001-08-28,21.94,21.98,21.56,21.89
BCO,2001-08-29,21.95,21.99,21.85,21.95
BCO,2001-08-30,21.95,21.95,21.64,21.68
BCO,2001-08-31,21.72,22.32,21.72,22.06
BCO,2001-09-04,22.05,22.23,21.41,21.54
BCO,2001-09-05,21.7,22.3,21.69,22.3
BCO,2001-09-06,22.35,22.35,21.72,21.9
BCO,2001-09-07,21.75,21.75,21.02,21.28
BCO,2001-09-10,21.1,21.1,19.94,20.4
BCO,2001-09-17,21.0,21.91,19.25,19.96
BCO,2001-09-18,19.95,20.42,19.76,19.95
BCO,2001-09-19,19.95,19.95,18.48,18.94
BCO,2001-09-20,18.5,18.55,17.65,17.65
BCO,2001-09-21,15.75,17.36,15.75,16.88
BCO,2001-09-24,17.3,18.21,17.3,18.21
BCO,2001-09-25,18.2,18.92,18.06,18.68
BCO,2001-09-26,18.5,18.5,17.35,17.53
BCO,2001-09-27,17.59,18.34,17.45,18.25
BCO,2001-09-28,18.2,18.8,17.9,18.1
BCO,2001-10-01,18.15,18.37,17.2,18.37
BCO,2001-10-02,18.37,18.5,18.09,18.49
BCO,2001-10-03,18.5,18.5,18.2,18.5
BCO,2001-10-04,18.55,19.0,18.49,18.81
BCO,2001-10-05,18.81,18.94,17.95,18.55
BCO,2001-10-08,18.45,18.51,17.65,18.05
BCO,2001-10-09,18.15,18.15,17.62,18.1
BCO,2001-10-10,18.09,19.7,18.02,19.63
BCO,2001-10-11,19.68,20.21,19.54,19.98
BCO,2001-10-12,19.92,19.92,19.28,19.89
BCO,2001-10-15,19.65,19.8,19.29,19.8
BCO,2001-10-16,19.8,20.46,19.73,20.46
BCO,2001-10-17,20.6,20.71,19.68,20.2
BCO,2001-10-18,20.2,20.5,19.86,20.41
BCO,2001-10-19,20.45,20.48,20.03,20.48
BCO,2001-10-22,20.5,20.75,20.23,20.66
BCO,2001-10-23,20.46,20.95,20.34,20.59
BCO,2001-10-24,20.6,20.7,20.0,20.36
BCO,2001-10-25,20.4,20.82,20.0,20.82
BCO,2001-10-26,20.82,21.0,20.43,20.99
BCO,2001-10-29,20.85,20.86,19.7,20.19
BCO,2001-10-30,20.0,20.0,19.25,19.7
BCO,2001-10-31,19.75,20.05,19.19,19.25
BCO,2001-11-01,19.25,20.2,18.4,19.99
BCO,2001-11-02,19.99,20.36,19.6,19.62
BCO,2001-11-05,19.37,19.95,19.2,19.24
BCO,2001-11-06,19.14,20.1,19.1,20.06
BCO,2001-11-07,19.82,20.05,19.75,19.97
BCO,2001-11-08,19.96,20.32,19.75,19.97
BCO,2001-11-09,19.96,20.31,19.89,20.29
BCO,2001-11-12,20.29,20.29,19.65,19.96
BCO,2001-11-13,20.02,20.99,19.98,20.5
BCO,2001-11-14,20.7,20.8,20.61,20.78
BCO,2001-11-15,20.72,20.88,20.4,20.48
BCO,2001-11-16,20.7,21.51,20.7,21.47
BCO,2001-11-19,21.47,21.47,20.5,20.82
BCO,2001-11-20,20.8,20.84,19.94,20.47
BCO,2001-11-21,20.47,20.48,20.01,20.29
BCO,2001-11-23,20.29,21.03,20.25,20.98
BCO,2001-11-26,20.85,20.9,20.4,20.65
BCO,2001-11-27,20.85,20.85,19.8,20.1
BCO,2001-11-28,20.25,20.6,20.1,20.3
BCO,2001-11-29,20.23,21.24,20.23,21.17
BCO,2001-11-30,21.05,21.7,20.53,20.61
BCO,2001-12-03,20.75,21.6,20.45,21.26
BCO,2001-12-04,21.18,21.35,20.94,21.29
BCO,2001-12-05,21.35,22.55,21.35,22.2
BCO,2001-12-06,22.25,22.9,22.01,22.75
BCO,2001-12-07,22.55,22.7,22.5,22.7
BCO,2001-12-10,22.7,22.7,22.1,22.36
BCO,2001-12-11,22.4,22.55,22.1,22.45
BCO,2001-12-12,22.25,22.25,21.62,21.85
BCO,2001-12-13,21.65,22.06,21.15,21.15
BCO,2001-12-14,21.2,21.41,20.9,21.26
BCO,2001-12-17,21.23,22.18,21.23,22.15
BCO,2001-12-18,22.05,22.72,22.03,22.3
BCO,2001-12-19,22.3,22.3,21.4,21.76
BCO,2001-12-20,21.77,21.99,21.35,21.9
BCO,2001-12-21,21.98,22.24,21.68,22.0
BCO,2001-12-24,21.9,22.22,21.86,22.18
BCO,2001-12-26,22.18,22.18,21.99,21.99
BCO,2001-12-27,22.09,22.27,22.01,22.16
BCO,2001-12-28,22.23,22.4,22.0,22.09
BCO,2001-12-31,22.01,22.23,21.86,22.1
BCO,2002-01-02,22.05,22.15,21.06,21.31
BCO,2002-01-03,21.35,21.94,21.3,21.94
BCO,2002-01-04,21.93,22.45,21.93,22.3
BCO,2002-01-07,22.28,22.28,21.48,21.48
BCO,2002-01-08,21.7,22.0,21.27,21.95
BCO,2002-01-09,21.95,22.21,21.74,21.8
BCO,2002-01-10,21.8,22.23,21.8,21.94
BCO,2002-01-11,21.94,22.0,21.76,21.88
BCO,2002-01-14,21.88,21.99,21.5,21.54
BCO,2002-01-15,21.54,21.88,21.15,21.87
BCO,2002-01-16,21.8,21.99,21.62,21.65
BCO,2002-01-17,21.55,21.7,21.38,21.62
BCO,2002-01-18,21.62,21.68,20.81,21.14
BCO,2002-01-22,21.0,21.5,20.95,21.45
BCO,2002-01-23,21.3,21.35,20.98,21.24
BCO,2002-01-24,21.35,21.45,20.95,21.2
BCO,2002-01-25,21.2,21.4,20.9,21.17
BCO,2002-01-28,21.15,21.15,20.55,21.0
BCO,2002-01-29,21.15,21.28,20.5,20.77
BCO,2002-01-30,20.95,22.0,20.63,21.75
BCO,2002-01-31,21.65,22.5,21.59,22.4
BCO,2002-02-01,22.5,23.15,22.25,22.39
BCO,2002-02-04,22.5,23.7,22.5,22.84
BCO,2002-02-05,22.8,23.71,22.8,23.19
BCO,2002-02-06,23.19,23.19,22.42,22.82
BCO,2002-02-07,23.05,23.09,22.76,22.98
BCO,2002-02-08,22.98,23.0,22.4,23.0
BCO,2002-02-11,23.1,23.1,22.9,22.9
BCO,2002-02-12,22.92,23.45,22.8,23.19
BCO,2002-02-13,23.25,23.48,22.72,22.86
BCO,2002-02-14,22.9,23.85,22.7,23.02
BCO,2002-02-15,23.05,23.08,22.6,22.95
BCO,2002-02-19,23.0,23.1,22.71,22.91
BCO,2002-02-20,23.0,23.11,22.32,23.1
BCO,2002-02-21,23.1,23.1,22.32,22.7
BCO,2002-02-22,22.85,23.04,22.6,23.04
BCO,2002-02-25,23.05,23.1,22.8,22.9
BCO,2002-02-26,22.8,23.09,22.57,22.95
BCO,2002-02-27,23.2,23.23,22.83,23.1
BCO,2002-02-28,23.1,23.39,22.9,23.23
BCO,2002-03-01,23.05,23.15,22.8,23.05
BCO,2002-03-04,23.08,23.27,22.85,23.16
BCO,2002-03-05,23.25,23.28,22.97,23.14
BCO,2002-03-06,23.15,23.27,23.02,23.1
BCO,2002-03-07,23.25,23.3,22.99,23.05
BCO,2002-03-08,23.15,23.37,22.66,22.93
BCO,2002-03-11,22.93,22.95,22.65,22.87
BCO,2002-03-12,22.87,23.04,22.85,22.94
BCO,2002-03-13,22.95,23.3,22.77,23.21
BCO,2002-03-14,23.4,23.7,23.22,23.66
BCO,2002-03-15,23.41,24.17,23.41,24.0
BCO,2002-03-18,24.0,24.2,24.0,24.15
BCO,2002-03-19,24.2,25.9,24.14,24.69
BCO,2002-03-20,24.2,24.58,24.02,24.35
BCO,2002-03-21,24.6,24.6,24.03,24.1
BCO,2002-03-22,24.1,24.35,24.0,24.09
BCO,2002-03-25,24.0,24.35,24.0,24.25
BCO,2002-03-26,24.3,24.75,24.24,24.59
BCO,2002-03-27,24.6,25.0,24.3,24.99
BCO,2002-03-28,25.0,25.22,24.86,25.1
BCO,2002-04-01,25.0,25.35,24.75,25.25
BCO,2002-04-02,25.05,25.18,25.02,25.05
BCO,2002-04-03,25.02,25.1,24.99,25.0
BCO,2002-04-04,25.0,25.31,25.0,25.09
BCO,2002-04-05,25.09,25.1,24.8,24.85
BCO,2002-04-08,24.75,25.0,24.7,25.0
BCO,2002-04-09,24.9,25.05,24.9,25.0
BCO,2002-04-10,25.05,25.7,25.0,25.7
BCO,2002-04-11,25.5,26.17,25.44,25.6
BCO,2002-04-12,25.5,26.77,25.5,26.62
BCO,2002-04-15,26.6,27.05,26.4,26.5
BCO,2002-04-16,26.5,27.38,26.5,27.08
BCO,2002-04-17,27.02,27.08,26.51,26.53
BCO,2002-04-18,26.33,26.55,26.1,26.5
BCO,2002-04-19,26.6,26.68,26.4,26.55
BCO,2002-04-22,26.45,26.55,26.05,26.24
BCO,2002-04-23,26.23,26.8,26.19,26.6
BCO,2002-04-24,26.6,27.16,26.45,26.62
BCO,2002-04-25,26.5,28.31,26.5,28.31
BCO,2002-04-26,28.6,28.92,27.3,27.35
BCO,2002-04-29,27.32,27.55,27.3,27.34
BCO,2002-04-30,27.2,27.8,27.2,27.52
BCO,2002-05-01,27.3,27.9,27.3,27.63
BCO,2002-05-02,27.65,27.75,27.4,27.69
BCO,2002-05-03,27.7,27.7,27.14,27.14
BCO,2002-05-06,27.34,27.6,27.24,27.48
BCO,2002-05-07,27.5,27.75,26.75,26.95
BCO,2002-05-08,26.9,27.25,26.37,26.75
BCO,2002-05-09,26.8,27.79,26.71,27.2
BCO,2002-05-10,27.24,27.64,27.0,27.3
BCO,2002-05-13,27.3,27.74,27.2,27.65
BCO,2002-05-14,27.5,28.15,27.5,28.12
BCO,2002-05-15,28.2,28.4,27.8,27.89
BCO,2002-05-16,27.9,28.0,27.16,27.29
BCO,2002-05-17,27.8,28.41,27.75,27.95
BCO,2002-05-20,27.95,28.0,27.29,27.29
BCO,2002-05-21,27.45,27.52,26.73,26.85
BCO,2002-05-22,26.85,27.01,26.4,27.01
BCO,2002-05-23,27.05,27.56,26.3,27.56
BCO,2002-05-24,27.65,27.65,27.0,27.08
BCO,2002-05-28,27.0,27.28,26.05,27.28
BCO,2002-05-29,27.26,27.38,26.59,26.81
BCO,2002-05-30,26.71,27.15,26.45,26.77
BCO,2002-05-31,26.77,27.35,26.66,27.01
BCO,2002-06-03,27.05,27.05,25.88,26.19
BCO,2002-06-04,26.15,26.43,25.56,26.2
BCO,2002-06-05,26.1,26.22,25.65,25.79
BCO,2002-06-06,25.8,25.82,25.2,25.64
BCO,2002-06-07,25.55,25.7,25.25,25.51
BCO,2002-06-10,25.55,25.55,25.22,25.31
BCO,2002-06-11,25.35,25.35,24.83,24.92
BCO,2002-06-12,25.0,25.18,24.52,24.63
BCO,2002-06-13,24.65,24.65,23.71,23.79
BCO,2002-06-14,23.79,24.2,23.2,24.19
BCO,2002-06-17,24.3,25.0,24.25,24.6
BCO,2002-06-18,24.55,24.59,24.01,24.13
BCO,2002-06-19,24.1,24.35,23.53,23.85
BCO,2002-06-20,23.86,24.0,23.21,23.21
BCO,2002-06-21,23.1,23.96,22.98,23.85
BCO,2002-06-24,23.8,23.8,22.2,23.05
BCO,2002-06-25,23.14,24.0,23.0,23.13
BCO,2002-06-26,23.05,23.8,22.79,23.27
BCO,2002-06-27,23.27,23.6,22.37,22.5
BCO,2002-06-28,22.55,24.0,22.46,24.0
BCO,2002-07-01,24.05,24.19,22.88,23.01
BCO,2002-07-02,22.78,23.17,22.61,22.95
BCO,2002-07-03,22.87,23.14,22.3,22.64
BCO,2002-07-05,22.85,23.35,22.85,23.0
BCO,2002-07-08,23.2,23.2,22.75,22.85
BCO,2002-07-09,22.75,22.97,22.44,22.44
BCO,2002-07-10,22.5,22.6,21.53,21.73
BCO,2002-07-11,21.6,22.05,20.9,22.03
BCO,2002-07-12,22.0,22.01,21.38,21.45
BCO,2002-07-15,21.2,21.5,20.55,21.42
BCO,2002-07-16,21.42,21.42,20.4,20.52
BCO,2002-07-17,20.56,20.92,20.07,20.45
BCO,2002-07-18,20.46,20.83,19.72,19.8
BCO,2002-07-19,19.8,20.07,19.54,19.9
BCO,2002-07-22,19.75,19.98,19.0,19.28
BCO,2002-07-23,19.27,19.8,19.14,19.16
BCO,2002-07-24,18.93,19.34,18.6,19.23
BCO,2002-07-25,19.22,21.6,19.21,21.53
BCO,2002-07-26,21.42,21.86,20.95,21.6
BCO,2002-07-29,21.75,23.0,21.75,22.57
BCO,2002-07-30,22.77,22.77,22.15,22.52
BCO,2002-07-31,22.53,23.09,22.43,22.73
BCO,2002-08-01,22.75,22.95,22.17,22.71
BCO,2002-08-02,22.75,22.75,21.8,22.02
BCO,2002-08-05,22.03,22.32,21.88,22.02
BCO,2002-08-06,22.15,22.95,22.05,22.91
BCO,2002-08-07,23.05,23.1,22.28,23.07
BCO,2002-08-08,22.85,23.6,22.71,23.29
BCO,2002-08-09,23.29,23.51,22.8,23.27
BCO,2002-08-12,23.2,23.79,22.69,23.49
BCO,2002-08-13,23.7,23.7,22.87,22.92
BCO,2002-08-14,23.05,23.6,22.52,23.39
BCO,2002-08-15,23.51,23.93,23.3,23.77
BCO,2002-08-16,23.75,24.2,23.6,24.03
BCO,2002-08-19,23.9,24.36,23.82,24.2
BCO,2002-08-20,24.22,24.22,23.84,24.08
BCO,2002-08-21,24.11,24.87,24.06,24.43
BCO,2002-08-22,24.18,24.97,24.18,24.97
BCO,2002-08-23,24.97,24.97,24.5,24.52
BCO,2002-08-26,24.51,24.92,24.48,24.92
BCO,2002-08-27,24.92,25.0,24.5,24.5
BCO,2002-08-28,24.5,24.52,24.05,24.25
BCO,2002-08-29,24.22,24.46,23.96,24.2
BCO,2002-08-30,24.05,24.42,23.95,24.1
BCO,2002-09-03,24.2,24.25,23.65,23.95
BCO,2002-09-04,23.85,23.85,23.15,23.52
BCO,2002-09-05,23.42,23.65,23.1,23.1
BCO,2002-09-06,23.2,23.46,23.1,23.36
BCO,2002-09-09,23.46,23.7,23.15,23.51
BCO,2002-09-10,23.51,24.08,23.35,24.0
BCO,2002-09-11,24.25,24.56,24.18,24.48
BCO,2002-09-12,24.45,24.6,23.75,23.98
BCO,2002-09-13,23.9,24.11,23.7,24.01
BCO,2002-09-16,23.7,24.2,23.7,24.17
BCO,2002-09-17,24.25,24.5,23.6,23.6
BCO,2002-09-18,23.6,23.74,23.2,23.35
BCO,2002-09-19,23.3,23.47,23.15,23.2
BCO,2002-09-20,23.35,23.35,22.75,23.02
BCO,2002-09-23,22.9,23.0,22.8,22.9
BCO,2002-09-24,22.85,22.85,22.19,22.68
BCO,2002-09-25,22.58,22.73,22.15,22.61
BCO,2002-09-26,22.62,22.87,22.35,22.64
BCO,2002-09-27,22.64,22.64,22.11,22.15
BCO,2002-09-30,22.1,22.48,21.91,22.4
BCO,2002-10-01,22.43,23.63,22.27,23.55
BCO,2002-10-02,23.5,23.69,22.63,22.65
BCO,2002-10-03,22.55,22.88,21.91,21.98
BCO,2002-10-04,22.2,22.2,21.49,21.5
BCO,2002-10-07,21.2,21.38,20.84,20.96
BCO,2002-10-08,20.99,21.23,20.63,21.06
BCO,2002-10-09,21.06,21.1,20.2,20.33
BCO,2002-10-10,20.25,20.82,20.0,20.78
BCO,2002-10-11,20.76,21.64,20.68,21.17
BCO,2002-10-14,21.27,21.5,21.1,21.49
BCO,2002-10-15,21.75,22.69,21.69,22.43
BCO,2002-10-16,22.46,22.46,21.83,22.03
BCO,2002-10-17,22.06,23.13,22.06,23.01
BCO,2002-10-18,23.1,23.7,22.76,23.04
BCO,2002-10-21,23.04,23.11,22.75,23.03
BCO,2002-10-22,23.06,23.22,22.62,22.9
BCO,2002-10-23,22.8,23.05,22.7,23.0
BCO,2002-10-24,23.0,23.0,22.4,22.55
BCO,2002-10-25,22.5,23.42,22.5,23.37
BCO,2002-10-28,23.37,23.44,22.5,22.7
BCO,2002-10-29,22.69,22.71,22.27,22.6
BCO,2002-10-30,22.68,23.29,22.45,23.08
BCO,2002-10-31,22.15,22.15,20.45,21.17
BCO,2002-11-01,21.25,21.3,19.21,19.61
BCO,2002-11-04,20.1,20.15,19.77,20.01
BCO,2002-11-05,20.0,20.32,19.9,20.0
BCO,2002-11-06,20.4,21.0,20.2,20.99
BCO,2002-11-07,20.9,20.96,20.0,20.25
BCO,2002-11-08,20.0,20.3,19.5,19.94
BCO,2002-11-11,19.92,20.09,19.5,19.55
BCO,2002-11-12,19.51,19.75,19.08,19.11
BCO,2002-11-13,19.0,19.38,18.7,18.94
BCO,2002-11-14,18.97,19.5,18.86,19.2
BCO,2002-11-15,19.0,19.4,18.7,18.86
BCO,2002-11-18,18.95,19.07,18.52,18.84
BCO,2002-11-19,18.74,18.79,18.18,18.24
BCO,2002-11-20,18.05,18.18,17.55,17.8
BCO,2002-11-21,18.0,18.41,17.8,18.35
BCO,2002-11-22,18.33,18.4,17.9,18.3
BCO,2002-11-25,18.15,18.18,17.55,17.78
BCO,2002-11-26,17.7,17.9,17.5,17.74
BCO,2002-11-27,17.8,18.79,17.8,18.73
BCO,2002-11-29,18.73,18.97,18.67,18.86
BCO,2002-12-02,19.25,19.4,19.15,19.25
BCO,2002-12-03,19.0,19.1,18.69,18.87
BCO,2002-12-04,18.7,19.3,18.7,19.12
BCO,2002-12-05,19.25,19.25,18.95,19.02
BCO,2002-12-06,18.95,19.19,18.8,19.02
BCO,2002-12-09,19.0,19.15,18.8,18.96
BCO,2002-12-10,18.96,19.38,18.92,19.27
BCO,2002-12-11,19.32,19.7,19.18,19.62
BCO,2002-12-12,19.6,19.6,19.07,19.48
BCO,2002-12-13,19.4,19.4,19.0,19.32
BCO,2002-12-16,19.3,19.3,18.85,18.94
BCO,2002-12-17,18.93,19.05,18.5,18.61
BCO,2002-12-18,18.51,18.71,18.34,18.63
BCO,2002-12-19,18.7,18.98,18.4,18.89
BCO,2002-12-20,18.95,18.95,18.35,18.54
BCO,2002-12-23,18.55,18.73,18.2,18.55
BCO,2002-12-24,18.6,18.63,18.25,18.5
BCO,2002-12-26,18.5,18.64,18.23,18.45
BCO,2002-12-27,18.5,18.59,18.17,18.5
BCO,2002-12-30,18.4,18.65,18.13,18.37
BCO,2002-12-31,18.5,18.8,18.12,18.48
BCO,2003-01-02,18.65,18.81,18.43,18.52
BCO,2003-01-03,18.52,18.54,18.25,18.39
BCO,2003-01-06,18.39,18.72,18.34,18.48
BCO,2003-01-07,18.4,18.48,18.1,18.15
BCO,2003-01-08,18.05,18.11,17.59,17.74
BCO,2003-01-09,17.6,17.65,17.0,17.18
BCO,2003-01-10,17.1,17.3,16.95,17.15
BCO,2003-01-13,17.25,17.31,17.03,17.21
BCO,2003-01-14,17.2,17.35,16.86,17.13
BCO,2003-01-15,17.13,17.27,16.74,17.08
BCO,2003-01-16,17.09,17.49,17.09,17.27
BCO,2003-01-17,17.23,17.23,16.66,16.77
BCO,2003-01-21,16.75,16.78,16.27,16.37
BCO,2003-01-22,16.3,16.3,15.95,15.97
BCO,2003-01-23,15.94,16.04,15.81,15.93
BCO,2003-01-24,16.08,16.08,15.32,15.56
BCO,2003-01-27,15.56,15.69,15.04,15.25
BCO,2003-01-28,15.3,15.45,15.13,15.34
BCO,2003-01-29,15.3,15.57,15.09,15.46
BCO,2003-01-30,15.57,15.65,15.09,15.15
BCO,2003-01-31,15.11,15.71,15.07,15.6
BCO,2003-02-03,15.75,15.83,15.39,15.46
BCO,2003-02-04,15.46,15.46,14.85,15.12
BCO,2003-02-05,15.15,15.25,14.66,14.97
BCO,2003-02-06,15.0,15.01,14.79,14.89
BCO,2003-02-07,14.9,15.0,14.65,14.69
BCO,2003-02-10,14.6,14.79,14.14,14.55
BCO,2003-02-11,14.55,15.18,14.4,14.69
BCO,2003-02-12,14.74,14.8,14.26,14.31
BCO,2003-02-13,14.18,14.25,13.55,13.74
BCO,2003-02-14,13.75,13.8,12.9,13.1
BCO,2003-02-18,13.35,14.0,13.2,13.95
BCO,2003-02-19,14.0,14.09,13.76,13.87
BCO,2003-02-20,13.88,14.1,13.8,14.0
BCO,2003-02-21,14.0,14.35,13.84,14.27
BCO,2003-02-24,14.17,14.28,14.08,14.19
BCO,2003-02-25,14.11,14.13,13.89,14.01
BCO,2003-02-26,14.1,14.19,13.84,13.85
BCO,2003-02-27,13.95,14.2,13.8,14.11
BCO,2003-02-28,14.11,14.24,14.0,14.17
BCO,2003-03-03,14.25,14.36,13.95,14.01
BCO,2003-03-04,14.0,14.15,13.65,13.88
BCO,2003-03-05,13.89,13.93,13.5,13.86
BCO,2003-03-06,13.8,13.8,13.43,13.47
BCO,2003-03-07,13.2,13.75,13.2,13.56
BCO,2003-03-10,13.56,13.56,12.98,12.99
BCO,2003-03-11,13.24,13.4,12.7,12.75
BCO,2003-03-12,12.65,12.86,12.36,12.36
BCO,2003-03-13,12.6,12.9,12.52,12.65
BCO,2003-03-14,12.75,13.13,12.58,12.78
BCO,2003-03-17,12.83,13.65,12.83,13.42
BCO,2003-03-18,13.52,13.55,13.21,13.35
BCO,2003-03-19,13.55,13.71,13.42,13.5
BCO,2003-03-20,13.51,13.9,13.35,13.73
BCO,2003-03-21,13.8,14.0,13.5,13.75
BCO,2003-03-24,13.67,13.75,13.4,13.6
BCO,2003-03-25,13.59,13.72,13.4,13.58
BCO,2003-03-26,13.58,13.85,13.4,13.66
BCO,2003-03-27,13.65,13.9,13.5,13.8
BCO,2003-03-28,13.72,13.75,13.51,13.65
BCO,2003-03-31,13.66,14.0,13.5,13.86
BCO,2003-04-01,13.86,14.03,13.69,14.0
BCO,2003-04-02,14.3,14.71,14.29,14.71
BCO,2003-04-03,14.71,14.71,14.15,14.23
BCO,2003-04-04,14.15,14.42,13.91,14.07
BCO,2003-04-07,14.08,14.6,14.08,14.37
BCO,2003-04-08,14.37,14.38,14.02,14.12
BCO,2003-04-09,14.02,14.37,14.01,14.02
BCO,2003-04-10,14.01,14.45,14.01,14.23
BCO,2003-04-11,14.3,14.36,14.05,14.2
BCO,2003-04-14,14.1,14.55,14.1,14.53
BCO,2003-04-15,14.51,14.96,14.45,14.9
BCO,2003-04-16,14.97,15.1,14.46,14.61
BCO,2003-04-17,14.61,14.73,14.45,14.65
BCO,2003-04-21,14.75,14.81,14.55,14.61
BCO,2003-04-22,14.51,14.94,14.51,14.89
BCO,2003-04-23,14.89,14.97,14.75,14.89
BCO,2003-04-24,14.79,15.05,14.6,14.96
BCO,2003-04-25,14.96,15.02,14.6,14.71
BCO,2003-04-28,14.75,15.08,14.75,14.99
BCO,2003-04-29,15.02,15.2,14.6,14.69
BCO,2003-04-30,13.77,14.15,12.68,12.75
BCO,2003-05-01,12.75,12.86,12.39,12.65
BCO,2003-05-02,12.65,13.0,12.62,12.95
BCO,2003-05-05,13.0,13.3,12.56,12.61
BCO,2003-05-06,12.58,13.2,12.5,12.98
BCO,2003-05-07,12.95,13.0,12.75,12.94
BCO,2003-05-08,12.84,13.04,12.65,12.96
BCO,2003-05-09,12.96,13.44,12.74,13.27
BCO,2003-05-12,13.35,14.03,13.13,13.95
BCO,2003-05-13,13.82,14.1,13.75,13.8
BCO,2003-05-14,13.6,13.85,13.41,13.59
BCO,2003-05-15,13.55,14.05,13.55,13.92
BCO,2003-05-16,13.82,14.45,13.7,14.45
BCO,2003-05-19,14.2,14.35,13.99,14.05
BCO,2003-05-20,14.1,14.25,14.01,14.11
BCO,2003-05-21,14.1,14.26,13.84,14.0
BCO,2003-05-22,14.0,14.54,14.0,14.52
BCO,2003-05-23,14.52,14.9,14.38,14.77
BCO,2003-05-27,15.85,15.92,15.46,15.57
BCO,2003-05-28,15.58,15.81,15.53,15.63
BCO,2003-05-29,15.83,15.83,15.3,15.52
BCO,2003-05-30,15.75,16.09,15.65,15.83
BCO,2003-06-02,16.4,16.4,15.6,15.6
BCO,2003-06-03,15.51,15.61,15.2,15.21
BCO,2003-06-04,15.21,15.44,15.2,15.25
BCO,2003-06-05,15.25,15.3,15.11,15.14
BCO,2003-06-06,15.14,15.66,15.13,15.54
BCO,2003-06-09,15.44,15.45,14.99,15.12
BCO,2003-06-10,15.09,15.12,14.82,14.95
BCO,2003-06-11,15.05,15.56,14.91,15.56
BCO,2003-06-12,15.56,16.1,15.45,16.0
BCO,2003-06-13,16.0,16.0,15.0,15.11
BCO,2003-06-16,15.21,15.35,15.14,15.29
BCO,2003-06-17,15.28,15.28,14.79,14.99
BCO,2003-06-18,14.89,15.18,14.85,15.1
BCO,2003-06-19,15.14,15.19,14.76,14.76
BCO,2003-06-20,14.85,15.14,14.85,14.94
BCO,2003-06-23,14.94,14.99,14.62,14.65
BCO,2003-06-24,14.65,14.9,14.65,14.65
BCO,2003-06-25,14.95,14.98,14.67,14.83
BCO,2003-06-26,14.82,15.0,14.4,14.93
BCO,2003-06-27,15.03,15.15,14.59,14.67
BCO,2003-06-30,14.67,14.91,14.45,14.57
BCO,2003-07-01,14.6,14.89,14.38,14.77
BCO,2003-07-02,14.72,14.99,14.59,14.9
BCO,2003-07-03,14.86,14.99,14.65,14.7
BCO,2003-07-07,14.8,15.09,14.75,14.93
BCO,2003-07-08,14.93,15.3,14.65,15.21
BCO,2003-07-09,15.21,15.37,15.1,15.21
BCO,2003-07-10,15.19,15.39,15.15,15.25
BCO,2003-07-11,15.28,15.61,15.27,15.54
BCO,2003-07-14,15.74,15.96,15.45,15.53
BCO,2003-07-15,15.6,15.9,15.5,15.75
BCO,2003-07-16,15.9,15.93,15.63,15.68
BCO,2003-07-17,15.62,15.77,15.3,15.34
BCO,2003-07-18,15.44,15.8,15.44,15.69
BCO,2003-07-21,15.8,16.3,15.62,15.95
BCO,2003-07-22,15.85,15.86,15.15,15.45
BCO,2003-07-23,15.63,15.74,15.32,15.61
BCO,2003-07-24,15.8,15.94,15.26,15.36
BCO,2003-07-25,15.35,15.63,15.25,15.57
BCO,2003-07-28,15.47,15.9,15.36,15.64
BCO,2003-07-29,15.74,15.89,15.39,15.71
BCO,2003-07-30,15.75,15.75,15.14,15.24
BCO,2003-07-31,15.18,16.71,15.0,16.44
BCO,2003-08-01,16.4,16.42,16.0,16.18
BCO,2003-08-04,16.25,16.35,15.91,16.01
BCO,2003-08-05,16.01,16.07,15.2,15.23
BCO,2003-08-06,15.3,15.7,15.0,15.53
BCO,2003-08-07,15.4,15.63,15.36,15.57
BCO,2003-08-08,15.69,16.06,15.45,16.01
BCO,2003-08-11,15.95,16.0,15.58,15.81
BCO,2003-08-12,15.71,16.01,15.68,15.84
BCO,2003-08-13,15.91,16.0,15.68,15.81
BCO,2003-08-14,15.87,16.0,15.6,15.91
BCO,2003-08-15,16.04,16.22,16.02,16.18
BCO,2003-08-18,16.2,16.48,16.07,16.4
BCO,2003-08-19,16.55,16.88,16.4,16.88
BCO,2003-08-20,16.75,16.94,16.54,16.74
BCO,2003-08-21,17.2,17.23,16.46,16.59
BCO,2003-08-22,16.79,17.05,16.35,16.54
BCO,2003-08-25,16.4,16.49,16.03,16.29
BCO,2003-08-26,16.19,16.38,16.03,16.2
BCO,2003-08-27,16.15,16.34,16.02,16.19
BCO,2003-08-28,16.23,16.49,16.03,16.32
BCO,2003-08-29,16.26,16.48,16.2,16.35
BCO,2003-09-02,16.6,17.29,16.48,17.16
BCO,2003-09-03,17.36,17.54,17.12,17.28
BCO,2003-09-04,17.2,17.5,17.12,17.47
BCO,2003-09-05,17.46,17.64,17.35,17.5
BCO,2003-09-08,17.62,18.0,17.41,17.48
BCO,2003-09-09,17.38,17.45,16.81,16.89
BCO,2003-09-10,16.8,17.0,16.51,16.68
BCO,2003-09-11,17.45,17.47,16.78,16.96
BCO,2003-09-12,16.81,16.95,16.57,16.9
BCO,2003-09-15,17.0,17.27,16.44,16.68
BCO,2003-09-16,16.93,17.37,16.74,17.37
BCO,2003-09-17,17.37,17.37,17.03,17.33
BCO,2003-09-18,17.53,18.02,17.4,18.02
BCO,2003-09-19,18.23,18.25,17.5,17.84
BCO,2003-09-22,17.65,17.74,17.2,17.68
BCO,2003-09-23,17.57,17.78,17.33,17.7
BCO,2003-09-24,17.95,17.95,17.43,17.49
BCO,2003-09-25,17.74,17.88,17.27,17.33
BCO,2003-09-26,17.75,17.85,17.35,17.65
BCO,2003-09-29,17.61,17.7,17.02,17.66
BCO,2003-09-30,17.79,17.79,17.34,17.36
BCO,2003-10-01,17.75,17.98,17.7,17.93
BCO,2003-10-02,17.95,17.95,17.65,17.79
BCO,2003-10-03,18.21,18.23,17.86,18.12
BCO,2003-10-06,18.15,18.25,17.98,18.25
BCO,2003-10-07,18.25,18.25,17.92,18.23
BCO,2003-10-08,18.4,18.4,17.99,18.09
BCO,2003-10-09,18.9,18.9,18.43,18.54
BCO,2003-10-10,18.7,18.76,18.25,18.45
BCO,2003-10-13,18.55,19.0,18.55,18.85
BCO,2003-10-14,18.9,19.04,18.66,18.99
BCO,2003-10-15,19.03,19.03,18.67,18.83
BCO,2003-10-16,18.81,19.18,18.81,19.06
BCO,2003-10-17,19.1,19.16,18.84,19.01
BCO,2003-10-20,19.11,19.22,18.81,19.01
BCO,2003-10-21,19.06,19.09,18.81,18.9
BCO,2003-10-22,18.85,19.0,18.7,18.83
BCO,2003-10-23,18.6,19.03,18.55,18.97
BCO,2003-10-24,18.95,18.96,18.7,18.82
BCO,2003-10-27,18.83,19.1,18.83,19.05
BCO,2003-10-28,19.06,19.22,18.9,19.22
BCO,2003-10-29,19.22,19.7,19.15,19.46
BCO,2003-10-30,19.4,20.1,19.35,19.98
BCO,2003-10-31,19.99,20.15,19.92,20.05
BCO,2003-11-03,20.05,20.2,19.94,20.05
BCO,2003-11-04,20.05,20.22,20.0,20.14
BCO,2003-11-05,20.0,20.05,19.62,19.95
BCO,2003-11-06,19.95,20.3,19.88,20.25
BCO,2003-11-07,20.45,20.53,20.3,20.35
BCO,2003-11-10,20.35,20.49,19.87,19.95
BCO,2003-11-11,19.9,19.94,19.64,19.8
BCO,2003-11-12,19.77,20.5,19.77,20.5
BCO,2003-11-13,20.5,20.55,20.22,20.51
BCO,2003-11-14,20.45,20.97,20.34,20.51
BCO,2003-11-17,20.4,20.52,20.15,20.51
BCO,2003-11-18,20.51,20.75,20.24,20.35
BCO,2003-11-19,20.26,20.8,20.26,20.73
BCO,2003-11-20,20.65,20.9,20.61,20.76
BCO,2003-11-21,20.78,20.89,20.67,20.75
BCO,2003-11-24,22.25,22.76,21.25,22.19
BCO,2003-11-25,22.19,22.25,21.92,22.09
BCO,2003-11-26,22.15,22.41,21.95,22.38
BCO,2003-11-28,22.38,22.48,22.2,22.2
BCO,2003-12-01,22.45,22.84,22.45,22.7
BCO,2003-12-02,22.92,23.0,22.41,22.45
BCO,2003-12-03,22.75,22.78,22.08,22.18
BCO,2003-12-04,22.18,22.33,21.68,22.0
BCO,2003-12-05,21.97,22.03,21.54,21.75
BCO,2003-12-08,21.15,22.0,21.15,21.7
BCO,2003-12-09,21.9,21.95,21.54,21.55
BCO,2003-12-10,21.45,21.55,21.2,21.42
BCO,2003-12-11,21.42,22.2,21.42,22.08
BCO,2003-12-12,22.21,22.29,21.75,22.09
BCO,2003-12-15,22.7,22.7,21.63,21.67
BCO,2003-12-16,21.72,21.92,21.41,21.74
BCO,2003-12-17,21.9,21.94,21.59,21.91
BCO,2003-12-18,21.99,22.08,21.39,22.01
BCO,2003-12-19,22.01,22.08,21.64,21.75
BCO,2003-12-22,21.9,22.25,21.63,22.25
BCO,2003-12-23,22.1,22.38,21.93,22.36
BCO,2003-12-24,22.3,22.44,22.25,22.29
BCO,2003-12-26,22.4,22.78,22.4,22.64
BCO,2003-12-29,22.84,23.22,22.83,23.21
BCO,2003-12-30,23.34,23.34,22.75,22.86
BCO,2003-12-31,22.92,23.0,22.33,22.61
BCO,2004-01-02,22.71,23.25,22.71,23.06
BCO,2004-01-05,23.0,23.24,22.71,22.93
BCO,2004-01-06,22.8,23.25,22.8,22.96
BCO,2004-01-07,22.71,23.12,22.71,23.1
BCO,2004-01-08,23.0,23.56,22.73,23.46
BCO,2004-01-09,23.25,23.98,23.15,23.56
BCO,2004-01-12,23.6,23.93,23.49,23.76
BCO,2004-01-13,23.8,23.84,23.36,23.84
BCO,2004-01-14,23.84,24.02,23.62,23.97
BCO,2004-01-15,23.98,24.48,23.62,24.48
BCO,2004-01-16,24.6,25.08,24.6,24.69
BCO,2004-01-20,24.77,25.18,24.1,24.74
BCO,2004-01-21,24.74,25.44,24.68,25.28
BCO,2004-01-22,25.28,25.49,25.22,25.3
BCO,2004-01-23,25.3,25.53,25.1,25.29
BCO,2004-01-26,25.38,25.75,25.0,25.7
BCO,2004-01-27,25.7,25.7,24.6,24.75
BCO,2004-01-28,24.55,24.88,24.1,24.42
BCO,2004-01-29,24.49,24.58,23.63,23.94
BCO,2004-01-30,23.8,23.92,23.45,23.71
BCO,2004-02-02,23.47,24.04,23.3,23.49
BCO,2004-02-03,23.5,23.64,23.15,23.2
BCO,2004-02-04,23.1,24.61,23.07,24.12
BCO,2004-02-05,24.27,24.81,24.15,24.79
BCO,2004-02-06,24.79,25.25,24.44,25.09
BCO,2004-02-09,25.15,25.87,25.15,25.65
BCO,2004-02-10,25.55,26.16,25.51,25.95
BCO,2004-02-11,25.8,26.24,25.8,26.22
BCO,2004-02-12,26.05,26.2,25.93,26.13
BCO,2004-02-13,26.18,26.79,26.06,26.51
BCO,2004-02-17,26.76,27.11,26.67,26.99
BCO,2004-02-18,26.95,27.08,26.64,26.71
BCO,2004-02-19,26.96,27.59,26.96,27.03
BCO,2004-02-20,27.15,27.24,26.5,26.98
BCO,2004-02-23,27.15,27.25,26.19,26.35
BCO,2004-02-24,26.1,26.47,25.84,26.23
BCO,2004-02-25,26.3,26.32,25.47,26.13
BCO,2004-02-26,26.3,26.5,26.02,26.5
BCO,2004-02-27,25.55,26.65,25.55,26.48
BCO,2004-03-01,26.48,26.92,26.42,26.75
BCO,2004-03-02,26.75,26.93,26.5,26.77
BCO,2004-03-03,26.52,27.09,26.4,26.7
BCO,2004-03-04,26.55,26.78,26.54,26.65
BCO,2004-03-05,26.65,26.98,26.59,26.63
BCO,2004-03-08,26.63,26.63,25.53,25.83
BCO,2004-03-09,25.85,25.85,25.51,25.69
BCO,2004-03-10,25.69,25.85,24.92,25.04
BCO,2004-03-11,24.97,25.74,24.51,25.0
BCO,2004-03-12,25.0,25.76,24.97,25.48
BCO,2004-03-15,25.55,25.6,24.5,24.58
BCO,2004-03-16,24.7,24.97,24.63,24.81
BCO,2004-03-17,24.97,25.73,24.97,25.57
BCO,2004-03-18,25.49,25.74,25.12,25.51
BCO,2004-03-19,25.51,25.59,24.97,24.97
BCO,2004-03-22,24.9,25.04,24.34,24.85
BCO,2004-03-23,24.78,25.56,24.78,25.38
BCO,2004-03-24,25.28,25.6,24.84,25.31
BCO,2004-03-25,25.35,26.25,25.31,25.65
BCO,2004-03-26,25.73,26.27,25.73,25.99
BCO,2004-03-29,26.2,27.33,26.2,27.12
BCO,2004-03-30,27.12,28.38,27.07,28.0
BCO,2004-03-31,27.8,27.91,27.35,27.58
BCO,2004-04-01,27.59,28.1,27.57,28.08
BCO,2004-04-02,28.33,28.88,28.33,28.6
BCO,2004-04-05,28.6,28.75,28.36,28.71
BCO,2004-04-06,28.46,28.74,28.25,28.62
BCO,2004-04-07,28.45,29.03,28.15,28.57
BCO,2004-04-08,28.79,28.91,28.38,28.83
BCO,2004-04-12,28.84,29.07,28.43,28.56
BCO,2004-04-13,28.81,28.81,27.71,27.93
BCO,2004-04-14,27.8,28.67,27.73,28.12
BCO,2004-04-15,28.12,28.49,27.83,28.16
BCO,2004-04-16,28.16,28.96,27.87,28.4
BCO,2004-04-19,28.3,29.19,28.22,28.92
BCO,2004-04-20,28.94,29.5,28.19,28.26
BCO,2004-04-21,28.4,29.03,28.12,28.88
BCO,2004-04-22,28.92,29.81,28.81,29.7
BCO,2004-04-23,29.75,29.81,28.9,29.4
BCO,2004-04-26,29.23,29.74,28.94,29.24
BCO,2004-04-27,29.13,29.9,29.1,29.9
BCO,2004-04-28,29.85,29.85,28.8,28.93
BCO,2004-04-29,28.93,29.74,28.69,29.1
BCO,2004-04-30,29.1,29.1,27.72,27.73
BCO,2004-05-03,27.88,28.72,27.63,28.59
BCO,2004-05-04,28.6,29.5,28.5,28.92
BCO,2004-05-05,30.75,31.2,29.99,30.05
BCO,2004-05-06,30.05,30.2,28.56,29.98
BCO,2004-05-07,29.85,30.11,29.0,29.0
BCO,2004-05-10,28.4,28.95,27.95,28.5
BCO,2004-05-11,28.7,29.3,28.6,29.0
BCO,2004-05-12,28.9,29.0,27.8,28.84
BCO,2004-05-13,28.83,29.75,28.64,29.0
BCO,2004-05-14,28.98,29.22,28.42,28.88
BCO,2004-05-17,28.63,28.86,28.04,28.29
BCO,2004-05-18,28.45,28.61,28.21,28.51
BCO,2004-05-19,28.76,29.54,28.67,29.2
BCO,2004-05-20,29.4,29.66,29.18,29.37
BCO,2004-05-21,29.62,30.06,29.43,29.9
BCO,2004-05-24,30.15,30.48,29.71,29.89
BCO,2004-05-25,29.95,30.91,29.62,30.89
BCO,2004-05-26,30.79,31.0,30.47,30.73
BCO,2004-05-27,30.75,31.08,30.19,30.73
BCO,2004-05-28,30.8,31.02,30.61,30.93
BCO,2004-06-01,30.75,31.23,30.58,31.18
BCO,2004-06-02,31.35,31.37,30.86,31.05
BCO,2004-06-03,31.03,31.04,30.19,30.22
BCO,2004-06-04,30.65,30.96,30.39,30.7
BCO,2004-06-07,30.9,31.0,30.52,30.82
BCO,2004-06-08,30.9,31.18,30.8,31.13
BCO,2004-06-09,31.1,31.26,30.4,30.51
BCO,2004-06-10,30.67,31.13,30.54,31.09
BCO,2004-06-14,30.84,30.84,29.75,29.86
BCO,2004-06-15,30.11,31.05,30.11,30.8
BCO,2004-06-16,31.15,31.15,30.14,30.56
BCO,2004-06-17,30.56,30.66,30.16,30.3
BCO,2004-06-18,30.4,30.55,30.09,30.1
BCO,2004-06-21,30.25,30.27,29.55,30.04
BCO,2004-06-22,30.2,30.27,29.49,29.97
BCO,2004-06-23,29.99,30.79,29.67,30.69
BCO,2004-06-24,30.72,31.4,30.72,30.97
BCO,2004-06-25,30.95,32.4,30.95,32.4
BCO,2004-06-28,32.4,32.96,32.22,32.56
BCO,2004-06-29,32.4,33.29,32.4,33.29
BCO,2004-06-30,33.37,34.47,33.34,34.25
BCO,2004-07-01,34.25,34.29,33.3,33.41
BCO,2004-07-02,33.66,33.67,33.1,33.54
BCO,2004-07-06,33.54,33.73,32.95,33.13
BCO,2004-07-07,33.2,33.69,33.19,33.25
BCO,2004-07-08,33.25,33.25,32.1,32.17
BCO,2004-07-09,32.17,32.85,31.95,32.79
BCO,2004-07-12,32.65,32.65,31.86,32.23
BCO,2004-07-13,32.16,32.39,32.03,32.33
BCO,2004-07-14,32.26,32.97,31.92,32.59
BCO,2004-07-15,32.5,32.67,32.15,32.24
BCO,2004-07-16,32.49,32.49,32.07,32.13
BCO,2004-07-19,32.13,32.34,31.64,31.98
BCO,2004-07-20,31.98,32.44,31.54,32.3
BCO,2004-07-21,32.4,32.66,31.5,31.6
BCO,2004-07-22,31.5,32.26,31.09,32.13
BCO,2004-07-23,32.2,32.21,31.35,31.8
BCO,2004-07-26,31.65,31.95,31.38,31.55
BCO,2004-07-27,31.35,31.99,31.14,31.8
BCO,2004-07-28,31.87,31.87,31.2,31.4
BCO,2004-07-29,31.6,32.08,31.47,32.08
BCO,2004-07-30,32.13,32.35,31.57,32.35
BCO,2004-08-02,31.9,32.62,31.43,32.57
BCO,2004-08-03,32.4,32.53,32.04,32.05
BCO,2004-08-04,29.5,29.5,25.8,27.32
BCO,2004-08-05,27.32,27.48,26.52,26.85
BCO,2004-08-06,26.85,27.0,26.2,26.41
BCO,2004-08-09,26.41,26.66,26.12,26.47
BCO,2004-08-10,26.85,28.18,26.85,28.0
BCO,2004-08-11,27.9,28.5,27.72,28.15
BCO,2004-08-12,27.99,28.09,27.77,28.06
BCO,2004-08-13,27.9,28.14,27.53,27.7
BCO,2004-08-16,27.55,28.1,27.55,27.98
BCO,2004-08-17,27.94,28.45,27.94,28.16
BCO,2004-08-18,28.08,28.7,27.75,28.68
BCO,2004-08-19,28.6,28.6,28.16,28.48
BCO,2004-08-20,28.45,28.94,28.1,28.94
BCO,2004-08-23,28.83,29.28,28.55,28.7
BCO,2004-08-24,28.79,28.89,28.63,28.86
BCO,2004-08-25,28.89,28.9,28.55,28.89
BCO,2004-08-26,28.8,28.85,28.6,28.8
BCO,2004-08-27,28.8,28.94,28.64,28.8
BCO,2004-08-30,28.2,28.68,28.16,28.61
BCO,2004-08-31,28.5,28.97,28.5,28.8
BCO,2004-09-01,29.0,29.24,28.71,29.0
BCO,2004-09-02,28.9,29.27,28.9,29.25
BCO,2004-09-03,29.08,29.63,29.08,29.46
BCO,2004-09-07,29.7,29.99,29.63,29.83
BCO,2004-09-08,29.7,29.99,29.45,29.53
BCO,2004-09-09,29.54,29.85,29.31,29.35
BCO,2004-09-10,29.45,29.45,29.1,29.28
BCO,2004-09-13,29.15,29.6,29.15,29.49
BCO,2004-09-14,29.49,29.66,29.24,29.52
BCO,2004-09-15,29.3,29.69,29.3,29.54
BCO,2004-09-16,29.47,29.97,29.47,29.89
BCO,2004-09-17,29.89,30.34,29.85,30.05
BCO,2004-09-20,29.9,30.13,29.62,29.67
BCO,2004-09-21,29.63,29.79,29.45,29.68
BCO,2004-09-22,29.55,29.55,29.13,29.31
BCO,2004-09-23,29.43,29.67,29.18,29.65
BCO,2004-09-24,29.56,30.11,29.55,29.88
BCO,2004-09-27,29.75,29.96,29.35,29.53
BCO,2004-09-28,29.6,29.87,29.51,29.8
BCO,2004-09-29,29.7,29.92,29.54,29.71
BCO,2004-09-30,29.76,30.45,29.55,30.17
BCO,2004-10-01,30.17,30.75,30.0,30.44
BCO,2004-10-04,30.44,30.77,30.05,30.22
BCO,2004-10-05,30.15,31.1,30.06,31.1
BCO,2004-10-06,31.0,31.44,30.9,31.44
BCO,2004-10-07,31.43,31.79,31.42,31.55
BCO,2004-10-08,31.5,31.68,30.59,30.8
BCO,2004-10-11,30.9,31.15,30.79,31.0
BCO,2004-10-12,30.8,31.24,30.55,31.14
BCO,2004-10-13,30.9,31.13,30.26,30.34
BCO,2004-10-14,30.45,30.75,30.24,30.24
BCO,2004-10-15,30.34,30.8,30.33,30.69
BCO,2004-10-18,30.49,30.74,30.01,30.7
BCO,2004-10-19,30.75,31.32,30.75,30.93
BCO,2004-10-20,30.93,31.82,30.82,31.43
BCO,2004-10-21,31.48,31.72,31.11,31.25
BCO,2004-10-22,31.25,31.64,31.08,31.28
BCO,2004-10-25,31.23,31.77,30.77,31.62
BCO,2004-10-26,31.58,31.93,31.35,31.67
BCO,2004-10-27,31.6,32.5,31.6,32.36
BCO,2004-10-28,32.42,32.46,31.75,32.43
BCO,2004-10-29,32.4,32.46,31.77,32.1
BCO,2004-11-01,32.1,32.13,31.73,32.0
BCO,2004-11-02,32.05,32.29,31.67,31.79
BCO,2004-11-03,33.0,35.7,32.85,35.0
BCO,2004-11-04,34.9,35.85,34.8,35.16
BCO,2004-11-05,35.2,36.55,35.2,35.8
BCO,2004-11-08,35.65,36.39,35.45,36.18
BCO,2004-11-09,36.18,36.64,36.05,36.6
BCO,2004-11-10,36.63,36.78,36.4,36.78
BCO,2004-11-11,36.7,37.14,36.7,37.12
BCO,2004-11-12,37.0,37.53,37.0,37.48
BCO,2004-11-15,37.1,37.52,37.1,37.49
BCO,2004-11-16,37.49,37.6,37.23,37.5
BCO,2004-11-17,37.5,37.79,37.36,37.68
BCO,2004-11-18,37.7,37.87,37.37,37.64
BCO,2004-11-19,37.65,37.76,37.34,37.51
BCO,2004-11-22,37.4,37.99,37.4,37.69
BCO,2004-11-23,37.98,38.33,37.67,38.18
BCO,2004-11-24,38.14,38.36,37.63,38.1
BCO,2004-11-26,38.1,38.39,38.02,38.39
BCO,2004-11-29,38.64,38.76,38.2,38.44
BCO,2004-11-30,38.4,38.64,38.0,38.61
BCO,2004-12-01,38.6,39.51,38.6,39.25
BCO,2004-12-02,39.2,39.62,39.04,39.38
BCO,2004-12-03,39.3,39.52,39.08,39.17
BCO,2004-12-06,39.2,39.25,39.0,39.01
BCO,2004-12-07,39.31,39.4,38.71,38.73
BCO,2004-12-08,38.93,39.3,38.9,39.11
BCO,2004-12-09,39.1,39.4,38.99,39.22
BCO,2004-12-10,39.23,39.23,38.76,38.9
BCO,2004-12-13,39.05,39.25,38.8,39.12
BCO,2004-12-14,39.14,39.49,38.93,39.3
BCO,2004-12-15,39.4,39.42,38.95,39.39
BCO,2004-12-16,39.0,39.3,38.5,38.9
BCO,2004-12-17,38.45,38.51,37.7,37.9
BCO,2004-12-20,38.11,38.45,37.77,38.29
BCO,2004-12-21,38.2,39.05,38.19,38.96
BCO,2004-12-22,38.76,38.91,38.45,38.79
BCO,2004-12-23,38.82,38.98,38.63,38.8
BCO,2004-12-27,38.9,38.9,38.36,38.48
BCO,2004-12-28,38.48,39.91,38.42,39.91
BCO,2004-12-29,39.69,39.72,39.3,39.37
BCO,2004-12-30,39.27,39.63,39.18,39.56
BCO,2004-12-31,39.58,39.76,39.32,39.52
BCO,2005-01-03,39.51,39.7,38.33,38.46
BCO,2005-01-04,38.71,38.76,37.68,37.85
BCO,2005-01-05,37.8,37.8,36.46,36.71
BCO,2005-01-06,36.96,37.42,36.57,37.32
BCO,2005-01-07,37.34,37.5,36.6,36.61
BCO,2005-01-10,36.55,36.78,36.33,36.5
BCO,2005-01-11,36.42,36.55,36.16,36.33
BCO,2005-01-12,36.18,36.27,35.7,36.01
BCO,2005-01-13,35.9,36.1,35.78,35.81
BCO,2005-01-14,36.0,36.13,35.66,35.82
BCO,2005-01-18,34.82,36.02,34.76,35.98
BCO,2005-01-19,36.07,36.23,35.83,35.99
BCO,2005-01-20,35.82,35.82,34.85,35.09
BCO,2005-01-21,35.09,35.17,34.55,34.94
BCO,2005-01-24,34.94,35.1,34.69,34.85
BCO,2005-01-25,34.85,35.2,34.61,34.84
BCO,2005-01-26,34.83,35.47,34.76,35.4
BCO,2005-01-27,35.17,35.34,34.85,35.12
BCO,2005-01-28,35.15,35.25,34.85,35.1
BCO,2005-01-31,35.35,35.42,34.85,35.41
BCO,2005-02-01,35.41,35.51,35.11,35.43
BCO,2005-02-02,35.43,35.62,35.04,35.35
BCO,2005-02-03,35.42,35.71,34.72,35.61
BCO,2005-02-04,35.45,36.4,35.44,36.3
BCO,2005-02-07,36.0,36.11,35.44,35.68
BCO,2005-02-08,35.3,37.07,35.25,37.03
BCO,2005-02-09,37.04,37.52,36.86,37.33
BCO,2005-02-10,37.35,37.35,36.13,36.33
BCO,2005-02-11,36.2,36.68,36.1,36.44
BCO,2005-02-14,36.58,37.01,36.3,36.48
BCO,2005-02-15,36.4,36.4,35.26,35.5
BCO,2005-02-16,35.52,35.94,35.17,35.92
BCO,2005-02-17,36.02,36.3,35.31,35.31
BCO,2005-02-18,35.37,35.65,35.05,35.06
BCO,2005-02-22,35.25,35.54,34.85,34.94
BCO,2005-02-23,34.93,35.04,34.56,34.9
BCO,2005-02-24,34.75,35.42,34.64,35.4
BCO,2005-02-25,35.25,35.75,35.16,35.75
BCO,2005-02-28,35.7,35.72,34.66,34.66
BCO,2005-03-01,34.74,35.53,34.61,35.49
BCO,2005-03-02,35.39,35.42,34.95,35.3
BCO,2005-03-03,35.45,35.45,34.5,34.61
BCO,2005-03-04,34.76,35.52,34.5,35.42
BCO,2005-03-07,35.62,36.1,35.6,35.94
BCO,2005-03-08,35.84,35.92,35.36,35.56
BCO,2005-03-09,35.56,35.61,34.78,34.8
BCO,2005-03-10,34.95,35.09,34.48,34.66
BCO,2005-03-11,34.67,35.1,34.67,34.97
BCO,2005-03-14,35.07,35.58,34.91,35.5
BCO,2005-03-15,35.5,35.62,35.2,35.26
BCO,2005-03-16,35.3,35.3,34.6,34.64
BCO,2005-03-17,34.7,35.1,34.55,34.83
BCO,2005-03-18,34.75,34.8,34.34,34.77
BCO,2005-03-21,34.52,34.63,34.05,34.16
BCO,2005-03-22,34.3,34.71,34.17,34.39
BCO,2005-03-23,34.2,34.2,33.43,33.56
BCO,2005-03-24,33.72,33.92,33.5,33.5
BCO,2005-03-28,33.48,34.01,33.48,33.8
BCO,2005-03-29,33.9,34.38,33.74,33.81
BCO,2005-03-30,34.06,34.65,34.06,34.5
BCO,2005-03-31,34.37,34.69,34.21,34.6
BCO,2005-04-01,34.64,34.82,33.88,34.0
BCO,2005-04-04,33.9,33.97,33.02,33.53
BCO,2005-04-05,33.46,33.7,33.16,33.23
BCO,2005-04-06,33.12,33.3,32.68,32.99
BCO,2005-04-07,32.89,33.11,32.68,32.78
BCO,2005-04-08,32.82,32.82,32.32,32.35
BCO,2005-04-11,32.35,32.47,31.85,32.27
BCO,2005-04-12,32.13,32.27,31.37,31.78
BCO,2005-04-13,31.92,32.49,31.79,32.05
BCO,2005-04-14,32.17,32.24,31.76,31.95
BCO,2005-04-15,31.9,32.18,30.9,31.06
BCO,2005-04-18,31.03,31.36,30.6,31.2
BCO,2005-04-19,31.3,31.39,30.24,30.49
BCO,2005-04-20,30.62,31.38,30.22,31.04
BCO,2005-04-21,31.29,33.14,31.29,33.09
BCO,2005-04-22,33.12,33.6,33.01,33.33
BCO,2005-04-25,33.33,33.8,33.33,33.63
BCO,2005-04-26,33.5,33.55,32.9,33.05
BCO,2005-04-27,33.05,33.28,32.59,33.1
BCO,2005-04-28,33.11,33.3,32.48,32.68
BCO,2005-04-29,32.55,32.59,31.9,32.26
BCO,2005-05-02,32.36,32.9,32.36,32.83
BCO,2005-05-03,32.7,32.89,32.55,32.78
BCO,2005-05-04,31.1,33.18,30.63,33.18
BCO,2005-05-05,33.05,33.4,33.0,33.25
BCO,2005-05-06,33.45,33.53,33.25,33.41
BCO,2005-05-09,33.28,33.31,32.93,33.3
BCO,2005-05-10,33.25,33.25,32.35,32.6
BCO,2005-05-11,32.59,32.59,31.74,32.0
BCO,2005-05-12,32.0,32.1,31.06,31.06
BCO,2005-05-13,31.07,31.2,30.4,30.69
BCO,2005-05-16,30.57,30.98,30.43,30.9
BCO,2005-05-17,30.75,31.12,30.49,30.99
BCO,2005-05-18,31.0,31.34,31.0,31.32
BCO,2005-05-19,31.23,31.46,29.73,31.11
BCO,2005-05-20,31.16,31.27,30.72,30.87
BCO,2005-05-23,31.1,31.88,30.7,31.56
BCO,2005-05-24,31.56,32.01,31.48,31.67
BCO,2005-05-25,31.66,31.66,30.82,30.82
BCO,2005-05-26,30.8,30.99,30.51,30.95
BCO,2005-05-27,31.08,31.36,30.88,31.18
BCO,2005-05-31,31.2,31.33,31.09,31.21
BCO,2005-06-01,31.15,31.36,30.67,31.14
BCO,2005-06-02,31.1,31.45,31.05,31.34
BCO,2005-06-03,31.2,31.37,30.96,31.04
BCO,2005-06-06,31.15,31.44,31.06,31.39
BCO,2005-06-07,31.45,31.84,31.44,31.83
BCO,2005-06-08,31.83,31.88,31.43,31.54
BCO,2005-06-09,31.58,31.6,31.05,31.36
BCO,2005-06-10,31.46,31.75,31.24,31.65
BCO,2005-06-13,31.53,31.75,31.2,31.7
BCO,2005-06-14,31.78,32.03,31.64,31.92
BCO,2005-06-15,31.95,32.28,31.87,31.95
BCO,2005-06-16,36.0,37.36,35.07,36.26
BCO,2005-06-17,36.5,36.92,36.3,36.86
BCO,2005-06-20,36.5,36.65,36.3,36.44
BCO,2005-06-21,36.45,36.57,36.38,36.5
BCO,2005-06-22,36.58,36.8,36.17,36.32
BCO,2005-06-23,36.32,36.37,35.22,35.27
BCO,2005-06-24,35.35,35.43,35.0,35.0
BCO,2005-06-27,35.02,35.14,34.6,34.65
BCO,2005-06-28,34.76,35.6,34.71,35.57
BCO,2005-06-29,35.62,37.05,35.57,36.25
BCO,2005-06-30,36.45,36.6,35.79,36.0
BCO,2005-07-01,36.1,36.28,35.95,36.25
BCO,2005-07-05,36.2,36.4,35.9,36.34
BCO,2005-07-06,36.25,36.31,35.82,35.9
BCO,2005-07-07,35.65,36.02,35.55,35.92
BCO,2005-07-08,35.9,36.2,35.5,36.2
BCO,2005-07-11,36.26,36.5,36.05,36.3
BCO,2005-07-12,36.3,36.4,35.95,36.06
BCO,2005-07-13,36.06,36.3,36.01,36.05
BCO,2005-07-14,36.24,36.36,36.05,36.15
BCO,2005-07-15,36.09,36.21,35.8,36.06
BCO,2005-07-18,36.06,36.35,35.76,35.76
BCO,2005-07-19,35.82,36.19,35.79,35.99
BCO,2005-07-20,36.0,36.94,36.0,36.61
BCO,2005-07-21,36.48,36.77,36.01,36.42
BCO,2005-07-22,36.51,36.81,36.24,36.74
BCO,2005-07-25,36.74,36.97,36.13,36.41
BCO,2005-07-26,36.55,36.78,36.41,36.66
BCO,2005-07-27,36.69,36.79,36.31,36.66
BCO,2005-07-28,36.73,36.9,36.55,36.75
BCO,2005-07-29,36.75,36.77,36.0,36.16
BCO,2005-08-01,36.25,36.55,36.07,36.37
BCO,2005-08-02,36.49,37.45,36.4,37.05
BCO,2005-08-03,37.04,39.0,36.75,38.82
BCO,2005-08-04,38.68,38.91,37.9,38.67
BCO,2005-08-05,38.76,38.9,37.81,37.91
BCO,2005-08-08,37.85,37.85,37.38,37.55
BCO,2005-08-09,37.61,38.48,37.61,38.47
BCO,2005-08-10,38.5,38.73,38.28,38.5
BCO,2005-08-11,38.49,38.7,38.16,38.48
BCO,2005-08-12,38.23,38.46,37.94,38.37
BCO,2005-08-15,38.37,38.59,37.63,38.51
BCO,2005-08-16,38.4,38.57,38.3,38.45
BCO,2005-08-17,38.45,39.36,38.45,38.79
BCO,2005-08-18,38.79,39.1,38.43,39.1
BCO,2005-08-19,39.1,40.05,39.1,39.81
BCO,2005-08-22,39.81,40.26,39.81,39.92
BCO,2005-08-23,39.98,40.18,39.89,39.9
BCO,2005-08-24,39.9,40.39,39.57,39.74
BCO,2005-08-25,39.8,39.97,39.42,39.59
BCO,2005-08-26,39.6,39.95,39.35,39.8
BCO,2005-08-29,39.7,39.71,39.35,39.5
BCO,2005-08-30,39.5,39.68,39.3,39.59
BCO,2005-08-31,39.51,40.31,39.42,40.18
BCO,2005-09-01,40.1,40.84,39.84,40.62
BCO,2005-09-02,40.42,40.68,40.39,40.51
BCO,2005-09-06,40.58,40.78,40.45,40.62
BCO,2005-09-07,40.63,41.08,40.5,41.0
BCO,2005-09-08,41.0,41.08,40.85,40.89
BCO,2005-09-09,40.85,41.07,40.76,41.03
BCO,2005-09-12,41.0,41.01,40.77,40.9
BCO,2005-09-13,40.85,41.5,40.74,41.43
BCO,2005-09-14,41.32,41.39,39.87,40.43
BCO,2005-09-15,40.45,40.76,40.1,40.35
BCO,2005-09-16,40.4,41.08,40.4,41.08
BCO,2005-09-19,41.08,41.3,40.96,41.02
BCO,2005-09-20,41.1,41.36,40.17,40.3
BCO,2005-09-21,40.22,40.57,40.0,40.03
BCO,2005-09-22,40.0,40.15,39.67,39.95
BCO,2005-09-23,39.96,40.09,39.5,39.98
BCO,2005-09-26,39.98,40.08,39.63,39.79
BCO,2005-09-27,39.8,39.95,39.55,39.77
BCO,2005-09-28,39.81,40.28,39.42,40.03
BCO,2005-09-29,40.11,41.07,40.1,41.04
BCO,2005-09-30,40.8,41.11,40.7,41.06
BCO,2005-10-03,41.06,41.44,41.04,41.3
BCO,2005-10-04,41.33,41.4,40.03,40.35
BCO,2005-10-05,40.35,40.35,38.6,38.6
BCO,2005-10-06,39.0,39.45,38.27,38.38
BCO,2005-10-07,38.39,39.25,38.39,39.15
BCO,2005-10-10,39.22,39.66,38.99,39.45
BCO,2005-10-11,39.54,40.24,39.48,39.6
BCO,2005-10-12,39.66,39.92,38.84,39.05
BCO,2005-10-13,39.01,39.02,38.01,38.24
BCO,2005-10-14,38.33,38.68,38.25,38.52
BCO,2005-10-17,38.64,38.88,38.44,38.72
BCO,2005-10-18,38.73,39.14,38.68,38.87
BCO,2005-10-19,38.72,38.9,37.85,38.66
BCO,2005-10-20,38.66,38.97,38.08,38.2
BCO,2005-10-21,38.3,38.8,38.29,38.53
BCO,2005-10-24,38.51,39.24,38.51,39.14
BCO,2005-10-25,39.07,39.68,38.95,39.4
BCO,2005-10-26,39.28,39.4,38.95,39.31
BCO,2005-10-27,39.2,39.22,38.44,38.48
BCO,2005-10-28,38.64,39.12,38.25,38.58
BCO,2005-10-31,38.59,39.32,38.59,39.27
BCO,2005-11-01,39.15,39.29,38.55,38.81
BCO,2005-11-02,41.0,42.07,40.24,41.91
BCO,2005-11-03,42.01,42.85,41.99,42.44
BCO,2005-11-04,42.69,42.84,42.18,42.5
BCO,2005-11-07,45.0,47.39,45.0,46.71
BCO,2005-11-08,46.7,46.7,45.82,46.26
BCO,2005-11-09,46.2,46.7,46.13,46.27
BCO,2005-11-10,46.3,46.92,45.88,46.77
BCO,2005-11-11,46.8,47.3,46.53,47.0
BCO,2005-11-14,48.85,49.14,47.6,48.3
BCO,2005-11-15,48.38,48.41,47.9,47.98
BCO,2005-11-16,48.05,48.56,47.26,47.55
BCO,2005-11-17,46.7,46.91,45.72,46.17
BCO,2005-11-18,46.25,46.73,46.25,46.53
BCO,2005-11-21,46.52,46.52,45.9,45.95
BCO,2005-11-22,46.06,46.17,45.73,45.79
BCO,2005-11-23,45.9,45.96,45.4,45.52
BCO,2005-11-25,45.4,45.46,45.06,45.33
BCO,2005-11-28,45.41,45.68,45.2,45.2
BCO,2005-11-29,45.24,46.0,45.24,45.91
BCO,2005-11-30,45.85,46.33,45.85,46.16
BCO,2005-12-01,46.83,47.61,46.83,47.41
BCO,2005-12-02,47.28,47.89,47.2,47.89
BCO,2005-12-05,47.85,47.9,47.14,47.33
BCO,2005-12-06,47.39,47.9,47.39,47.77
BCO,2005-12-07,47.82,47.88,47.64,47.66
BCO,2005-12-08,47.71,47.9,47.47,47.64
BCO,2005-12-09,47.64,47.95,47.5,47.91
BCO,2005-12-12,48.32,48.32,47.66,47.85
BCO,2005-12-13,47.85,48.61,47.42,48.49
BCO,2005-12-14,48.49,48.82,48.2,48.76
BCO,2005-12-15,48.75,48.84,48.17,48.58
BCO,2005-12-16,48.63,48.69,48.26,48.45
BCO,2005-12-19,48.5,48.55,48.11,48.33
BCO,2005-12-20,48.4,48.5,48.06,48.4
BCO,2005-12-21,48.48,49.17,48.35,48.61
BCO,2005-12-22,48.65,48.65,48.33,48.44
BCO,2005-12-23,48.5,48.68,48.22,48.48
BCO,2005-12-27,48.46,48.66,47.56,47.83
BCO,2005-12-28,47.88,48.15,47.45,47.96
BCO,2005-12-29,47.94,48.63,47.57,48.26
BCO,2005-12-30,48.26,48.26,47.58,47.91
BCO,2006-01-03,48.25,48.48,47.58,48.31
BCO,2006-01-04,48.31,48.37,48.14,48.2
BCO,2006-01-05,48.19,48.56,47.75,48.41
BCO,2006-01-06,48.99,48.99,48.24,48.55
BCO,2006-01-09,48.55,50.2,48.5,49.75
BCO,2006-01-10,49.75,50.23,49.6,50.05
BCO,2006-01-11,49.97,50.01,49.78,49.9
BCO,2006-01-12,49.8,49.84,49.32,49.32
BCO,2006-01-13,49.3,50.17,49.3,50.17
BCO,2006-01-17,50.08,50.3,50.0,50.3
BCO,2006-01-18,50.3,50.44,50.1,50.19
BCO,2006-01-19,50.21,50.45,50.1,50.28
BCO,2006-01-20,50.25,50.37,50.14,50.25
BCO,2006-01-23,50.5,50.56,50.06,50.31
BCO,2006-01-24,50.4,51.19,50.4,50.88
BCO,2006-01-25,50.94,50.95,50.25,50.54
BCO,2006-01-26,50.5,51.02,50.14,50.67
BCO,2006-01-27,50.8,51.25,50.26,51.25
BCO,2006-01-30,51.35,52.73,51.35,52.6
BCO,2006-01-31,52.65,53.35,52.62,53.2
BCO,2006-02-01,53.45,53.56,52.94,53.32
BCO,2006-02-02,53.33,54.03,52.62,53.0
BCO,2006-02-03,52.9,53.68,52.57,53.52
BCO,2006-02-06,53.45,53.75,53.04,53.55
BCO,2006-02-07,53.4,53.78,53.39,53.51
BCO,2006-02-08,53.65,53.98,53.52,53.83
BCO,2006-02-09,49.8,50.65,48.5,48.8
BCO,2006-02-10,48.75,49.45,46.9,48.8
BCO,2006-02-13,48.7,48.85,47.95,48.18
BCO,2006-02-14,48.05,48.18,47.63,48.05
BCO,2006-02-15,47.9,48.25,47.89,48.0
BCO,2006-02-16,48.0,49.93,47.85,49.2
BCO,2006-02-17,49.25,50.32,48.91,50.01
BCO,2006-02-21,49.85,50.37,49.5,49.5
BCO,2006-02-22,49.5,49.64,49.23,49.3
BCO,2006-02-23,49.2,49.35,48.68,48.96
BCO,2006-02-24,48.86,49.21,48.73,49.06
BCO,2006-02-27,49.46,49.66,49.07,49.66
BCO,2006-02-28,49.5,49.63,48.68,48.97
BCO,2006-03-01,48.98,50.23,48.89,50.1
BCO,2006-03-02,50.05,50.36,49.45,49.6
BCO,2006-03-03,49.45,49.76,48.96,49.0
BCO,2006-03-06,49.0,49.05,48.26,48.37
BCO,2006-03-07,48.3,48.35,47.76,48.05
BCO,2006-03-08,48.0,48.87,47.95,48.63
BCO,2006-03-09,50.0,51.14,49.5,49.7
BCO,2006-03-10,49.75,50.26,49.66,50.24
BCO,2006-03-13,50.35,50.59,49.9,49.97
BCO,2006-03-14,49.76,50.2,49.62,50.09
BCO,2006-03-15,49.89,50.86,49.84,50.78
BCO,2006-03-16,50.88,50.96,50.2,50.25
BCO,2006-03-17,49.85,50.0,49.5,49.62
BCO,2006-03-20,49.65,50.02,49.55,49.68
BCO,2006-03-21,49.59,50.05,49.5,49.69
BCO,2006-03-22,49.74,49.8,49.26,49.74
BCO,2006-03-23,49.7,49.7,49.14,49.37
BCO,2006-03-24,49.25,49.61,49.2,49.43
BCO,2006-03-27,49.33,49.93,49.33,49.93
BCO,2006-03-28,49.95,50.17,49.75,50.1
BCO,2006-03-29,50.15,50.59,50.01,50.4
BCO,2006-03-30,50.5,50.67,50.26,50.43
BCO,2006-03-31,50.48,50.76,50.39,50.76
BCO,2006-04-03,50.8,51.09,50.7,50.8
BCO,2006-04-04,50.76,50.99,50.65,50.82
BCO,2006-04-05,50.82,50.99,50.72,50.75
BCO,2006-04-06,50.75,51.21,50.74,51.15
BCO,2006-04-07,51.2,51.7,50.86,51.05
BCO,2006-04-10,51.09,51.1,50.22,50.52
BCO,2006-04-11,50.49,51.23,50.43,50.92
BCO,2006-04-12,51.0,51.3,50.6,50.63
BCO,2006-04-13,50.5,50.96,50.41,50.65
BCO,2006-04-17,50.75,51.05,50.24,50.35
BCO,2006-04-18,50.42,50.86,50.21,50.66
BCO,2006-04-19,50.6,51.23,50.53,50.89
BCO,2006-04-20,50.89,51.5,50.65,51.16
BCO,2006-04-21,51.31,51.36,50.36,50.62
BCO,2006-04-24,50.5,50.66,49.98,50.57
BCO,2006-04-25,50.62,51.2,50.4,51.13
BCO,2006-04-26,51.15,51.2,50.64,50.85
BCO,2006-04-27,50.8,51.05,50.47,50.9
BCO,2006-04-28,50.75,50.94,50.6,50.8
BCO,2006-05-01,50.7,50.81,50.31,50.6
BCO,2006-05-02,50.72,50.97,50.42,50.93
BCO,2006-05-03,52.15,56.8,52.15,56.36
BCO,2006-05-04,56.45,57.9,56.45,56.99
BCO,2006-05-05,57.3,57.5,56.02,56.73
BCO,2006-05-08,56.53,56.54,55.26,55.37
BCO,2006-05-09,55.2,55.96,55.17,55.91
BCO,2006-05-10,55.0,56.24,54.93,56.14
BCO,2006-05-11,56.02,56.1,55.05,55.42
BCO,2006-05-12,55.42,55.49,55.01,55.18
BCO,2006-05-15,54.95,55.27,54.48,54.77
BCO,2006-05-16,54.81,55.17,54.75,55.1
BCO,2006-05-17,55.0,55.39,53.99,54.0
BCO,2006-05-18,54.05,54.61,53.69,53.7
BCO,2006-05-19,53.79,54.73,53.64,54.34
BCO,2006-05-22,54.24,54.37,52.75,53.26
BCO,2006-05-23,53.33,54.85,53.33,53.93
BCO,2006-05-24,53.78,54.25,53.01,53.65
BCO,2006-05-25,53.9,54.72,53.9,54.55
BCO,2006-05-26,54.85,55.34,54.73,55.09
BCO,2006-05-30,54.89,55.15,54.2,54.2
BCO,2006-05-31,54.35,55.44,54.23,54.95
BCO,2006-06-01,54.86,56.18,54.86,56.12
BCO,2006-06-02,56.5,56.68,55.63,55.7
BCO,2006-06-05,55.7,55.98,55.17,55.34
BCO,2006-06-06,55.41,55.57,54.42,55.07
BCO,2006-06-07,55.05,55.66,55.05,55.45
BCO,2006-06-08,55.46,55.46,53.21,53.98
BCO,2006-06-09,53.99,54.59,53.8,53.86
BCO,2006-06-12,53.89,54.0,53.12,53.13
BCO,2006-06-13,53.1,53.1,51.45,51.97
BCO,2006-06-14,51.87,51.97,51.17,51.64
BCO,2006-06-15,51.66,54.36,51.5,54.14
BCO,2006-06-16,54.19,54.19,52.79,53.67
BCO,2006-06-19,53.69,55.01,53.66,54.29
BCO,2006-06-20,54.15,54.97,53.87,54.59
BCO,2006-06-21,54.52,55.35,54.52,55.03
BCO,2006-06-22,54.93,55.17,54.46,54.97
BCO,2006-06-23,55.0,55.93,54.5,55.5
BCO,2006-06-26,55.47,55.48,54.75,54.93
BCO,2006-06-27,55.03,55.38,54.69,55.08
BCO,2006-06-28,55.09,55.09,54.06,54.42
BCO,2006-06-29,54.52,56.04,54.45,56.04
BCO,2006-06-30,56.07,56.52,55.9,56.41
BCO,2006-07-03,56.49,56.8,56.24,56.73
BCO,2006-07-05,56.73,56.84,55.47,55.99
BCO,2006-07-06,56.15,56.54,55.78,56.1
BCO,2006-07-07,56.01,56.37,55.8,56.11
BCO,2006-07-10,56.05,56.47,55.9,56.02
BCO,2006-07-11,56.01,56.17,55.15,55.5
BCO,2006-07-12,55.5,56.11,55.37,55.67
BCO,2006-07-13,55.47,55.56,54.62,54.85
BCO,2006-07-14,54.8,55.05,54.45,54.75
BCO,2006-07-17,54.81,55.2,54.44,54.64
BCO,2006-07-18,54.68,54.95,53.66,54.15
BCO,2006-07-19,54.08,55.28,54.08,55.0
BCO,2006-07-20,54.91,55.12,54.4,54.76
BCO,2006-07-21,54.72,54.72,53.8,54.21
BCO,2006-07-24,54.26,55.23,54.19,55.23
BCO,2006-07-25,55.15,56.35,54.77,56.26
BCO,2006-07-26,56.01,56.15,54.95,55.67
BCO,2006-07-27,55.71,55.99,55.03,55.13
BCO,2006-07-28,55.2,56.2,55.2,56.0
BCO,2006-07-31,56.0,56.0,54.95,55.09
BCO,2006-08-01,55.0,55.86,54.32,55.86
BCO,2006-08-02,55.83,55.84,54.49,55.14
BCO,2006-08-03,55.14,56.15,54.91,55.97
BCO,2006-08-04,56.15,56.46,55.22,56.46
BCO,2006-08-07,56.16,56.24,54.8,55.15
BCO,2006-08-08,55.11,55.3,54.03,54.51
BCO,2006-08-09,55.0,55.98,54.74,54.84
BCO,2006-08-10,54.64,55.04,54.31,54.46
BCO,2006-08-11,54.46,54.54,53.87,54.41
BCO,2006-08-14,54.53,55.67,54.53,55.16
BCO,2006-08-15,55.4,56.29,55.26,56.16
BCO,2006-08-16,56.2,56.75,55.89,56.5
BCO,2006-08-17,56.5,57.18,56.3,56.83
BCO,2006-08-18,56.67,56.99,56.1,56.82
BCO,2006-08-21,56.25,56.59,55.86,56.45
BCO,2006-08-22,56.24,56.66,56.1,56.5
BCO,2006-08-23,56.58,56.65,55.11,55.54
BCO,2006-08-24,55.6,55.8,54.62,55.26
BCO,2006-08-25,55.56,57.25,55.56,57.23
BCO,2006-08-28,57.1,58.3,57.1,57.4
BCO,2006-08-29,57.35,57.57,56.04,57.1
BCO,2006-08-30,57.18,57.33,56.52,56.69
BCO,2006-08-31,56.76,57.34,56.69,56.97
BCO,2006-09-01,57.07,57.55,57.0,57.07
BCO,2006-09-05,57.08,58.35,56.82,57.59
BCO,2006-09-06,57.2,57.4,56.01,56.6
BCO,2006-09-07,56.55,57.0,56.25,56.27
BCO,2006-09-08,56.38,56.52,55.88,55.95
BCO,2006-09-11,56.81,56.81,55.06,55.9
BCO,2006-09-12,55.93,57.39,55.82,56.88
BCO,2006-09-13,56.94,57.6,56.94,57.1
BCO,2006-09-14,57.03,57.15,56.44,56.64
BCO,2006-09-15,56.84,57.5,56.3,56.3
BCO,2006-09-18,56.39,56.83,55.81,56.17
BCO,2006-09-19,56.15,56.49,55.6,55.93
BCO,2006-09-20,56.08,57.04,56.08,56.25
BCO,2006-09-21,56.3,56.66,55.49,55.64
BCO,2006-09-22,55.47,55.78,55.31,55.63
BCO,2006-09-25,55.56,56.09,54.85,55.85
BCO,2006-09-26,55.85,56.23,55.28,55.44
BCO,2006-09-27,55.44,55.85,55.11,55.12
BCO,2006-09-28,55.19,55.8,52.4,52.99
BCO,2006-09-29,53.2,53.74,52.84,53.06
BCO,2006-10-02,53.1,53.5,52.72,53.06
BCO,2006-10-03,53.25,53.48,52.61,52.78
BCO,2006-10-04,52.67,53.6,52.36,53.16
BCO,2006-10-05,53.1,53.54,52.95,52.95
BCO,2006-10-06,53.0,53.39,52.63,53.3
BCO,2006-10-09,53.1,53.38,52.55,52.94
BCO,2006-10-10,52.89,53.03,52.32,52.39
BCO,2006-10-11,52.3,53.05,52.1,52.15
BCO,2006-10-12,52.25,53.24,52.2,53.22
BCO,2006-10-13,53.11,53.94,52.82,53.63
BCO,2006-10-16,53.64,54.1,53.57,53.65
BCO,2006-10-17,53.66,53.88,53.36,53.36
BCO,2006-10-18,53.5,53.54,53.04,53.12
BCO,2006-10-19,53.15,54.06,53.14,53.79
BCO,2006-10-20,53.84,54.15,53.4,53.86
BCO,2006-10-23,53.93,54.2,53.78,54.01
BCO,2006-10-24,53.85,54.15,53.54,53.71
BCO,2006-10-25,53.75,53.95,53.43,53.61
BCO,2006-10-26,53.7,53.89,53.33,53.7
BCO,2006-10-27,53.6,53.88,53.36,53.59
BCO,2006-10-30,53.64,53.9,53.18,53.57
BCO,2006-10-31,53.47,53.68,52.25,52.49
BCO,2006-11-01,52.49,53.33,52.26,52.97
BCO,2006-11-02,52.75,53.02,52.44,52.89
BCO,2006-11-03,52.86,53.06,52.25,52.5
BCO,2006-11-06,52.54,52.9,52.4,52.62
BCO,2006-11-07,52.8,54.63,52.7,53.65
BCO,2006-11-08,53.15,53.9,52.88,53.82
BCO,2006-11-09,53.82,53.93,53.26,53.34
BCO,2006-11-10,53.33,53.42,52.86,53.06
BCO,2006-11-13,52.84,53.91,52.76,53.55
BCO,2006-11-14,53.75,54.42,53.57,54.35
BCO,2006-11-15,54.28,54.85,54.27,54.65
BCO,2006-11-16,54.83,54.92,54.6,54.71
BCO,2006-11-17,54.56,55.23,54.56,55.17
BCO,2006-11-20,55.1,55.33,54.95,55.18
BCO,2006-11-21,55.12,56.17,55.02,55.51
BCO,2006-11-22,55.61,55.85,55.39,55.75
BCO,2006-11-24,55.5,55.91,55.5,55.79
BCO,2006-11-27,55.69,55.91,55.21,55.31
BCO,2006-11-28,55.28,55.54,55.2,55.35
BCO,2006-11-29,55.55,56.15,55.55,56.13
BCO,2006-11-30,56.13,56.52,55.59,56.14
BCO,2006-12-01,56.1,56.15,55.1,55.67
BCO,2006-12-04,55.6,56.71,55.6,56.57
BCO,2006-12-05,56.57,56.85,56.3,56.32
BCO,2006-12-06,56.3,56.59,56.09,56.52
BCO,2006-12-07,56.52,56.64,56.04,56.24
BCO,2006-12-08,56.1,56.5,55.73,56.14
BCO,2006-12-11,56.04,56.39,55.91,56.25
BCO,2006-12-12,56.1,56.2,55.41,55.82
BCO,2006-12-13,55.83,56.51,55.83,56.0
BCO,2006-12-14,56.5,58.49,56.5,58.3
BCO,2006-12-15,59.1,60.73,59.01,60.15
BCO,2006-12-18,60.5,64.6,60.5,63.7
BCO,2006-12-19,63.8,64.1,62.17,62.87
BCO,2006-12-20,63.06,65.44,63.06,64.49
BCO,2006-12-21,65.13,66.12,64.58,64.94
BCO,2006-12-22,64.74,64.99,63.84,63.9
BCO,2006-12-26,63.84,64.29,63.57,64.22
BCO,2006-12-27,64.0,65.63,64.0,65.1
BCO,2006-12-28,64.9,65.22,64.37,64.37
BCO,2006-12-29,64.43,65.08,63.86,63.92
BCO,2007-01-03,64.17,65.5,63.76,64.69
BCO,2007-01-04,64.66,65.2,63.61,65.12
BCO,2007-01-05,65.04,65.04,63.22,63.45
BCO,2007-01-08,63.51,64.41,63.21,64.16
BCO,2007-01-09,64.66,65.0,63.78,64.18
BCO,2007-01-10,64.0,64.47,63.82,64.15
BCO,2007-01-11,64.28,64.96,64.23,64.32
BCO,2007-01-12,64.18,64.5,64.04,64.3
BCO,2007-01-16,64.34,64.51,64.06,64.16
BCO,2007-01-17,64.06,64.07,63.27,63.44
BCO,2007-01-18,63.4,63.41,62.08,62.09
BCO,2007-01-19,62.03,62.69,62.0,62.39
BCO,2007-01-22,62.55,62.61,61.61,61.7
BCO,2007-01-23,61.58,62.39,61.42,61.77
BCO,2007-01-24,61.7,62.42,61.7,62.15
BCO,2007-01-25,62.01,62.03,60.79,61.19
BCO,2007-01-26,61.59,62.05,61.12,61.99
BCO,2007-01-29,61.74,62.51,61.57,61.76
BCO,2007-01-30,61.96,62.0,61.57,61.83
BCO,2007-01-31,61.9,62.29,61.75,62.15
BCO,2007-02-01,64.0,64.43,63.33,63.96
BCO,2007-02-02,64.4,64.4,63.21,63.52
BCO,2007-02-05,63.8,63.85,63.17,63.22
BCO,2007-02-06,63.27,63.43,63.0,63.1
BCO,2007-02-07,63.06,63.56,63.04,63.56
BCO,2007-02-08,63.56,63.56,62.71,62.85
BCO,2007-02-09,62.95,63.0,61.63,61.84
BCO,2007-02-12,61.85,62.1,61.84,62.1
BCO,2007-02-13,62.2,62.2,61.27,61.4
BCO,2007-02-14,61.5,62.33,61.48,61.79
BCO,2007-02-15,61.74,62.85,61.72,62.42
BCO,2007-02-16,62.5,62.99,62.32,62.9
BCO,2007-02-20,62.73,63.04,62.57,62.91
BCO,2007-02-21,62.85,63.28,62.62,62.81
BCO,2007-02-22,62.54,62.65,62.18,62.23
BCO,2007-02-23,62.11,62.25,61.05,61.54
BCO,2007-02-26,61.7,61.99,61.4,61.47
BCO,2007-02-27,61.01,61.06,59.52,59.52
BCO,2007-02-28,59.9,60.0,59.14,59.2
BCO,2007-03-01,59.0,59.56,58.31,58.93
BCO,2007-03-02,58.93,59.52,58.61,58.77
BCO,2007-03-05,58.55,58.75,57.77,57.81
BCO,2007-03-06,58.5,59.7,58.26,59.54
BCO,2007-03-07,59.73,60.65,59.55,60.0
BCO,2007-03-08,60.3,60.45,59.7,59.78
BCO,2007-03-09,59.78,59.89,59.06,59.4
BCO,2007-03-12,59.33,59.87,59.33,59.86
BCO,2007-03-13,59.63,59.99,59.02,59.18
BCO,2007-03-14,59.04,59.3,58.46,59.17
BCO,2007-03-15,58.99,59.48,58.9,59.07
BCO,2007-03-16,59.08,59.08,58.21,58.53
BCO,2007-03-19,59.05,59.65,58.96,59.65
BCO,2007-03-20,59.55,60.12,59.2,60.12
BCO,2007-03-21,60.08,60.08,58.57,59.57
BCO,2007-03-22,59.72,62.31,59.7,62.31
BCO,2007-03-23,62.74,63.7,61.84,61.86
BCO,2007-03-26,61.7,63.16,61.48,63.06
BCO,2007-03-27,62.7,62.9,62.17,62.35
BCO,2007-03-28,62.35,63.44,62.34,62.99
BCO,2007-03-29,63.23,63.25,62.71,63.02
BCO,2007-03-30,63.1,63.8,63.04,63.45
BCO,2007-04-02,64.0,64.23,62.69,63.12
BCO,2007-04-03,63.35,63.72,63.07,63.14
BCO,2007-04-04,63.15,63.29,62.4,63.29
BCO,2007-04-05,63.17,63.5,62.76,62.91
BCO,2007-04-09,63.0,63.13,62.72,62.86
BCO,2007-04-10,62.85,63.2,62.81,62.93
BCO,2007-04-11,62.85,63.04,62.54,62.73
BCO,2007-04-12,62.55,63.11,62.11,63.09
BCO,2007-04-13,63.14,63.83,62.79,63.71
BCO,2007-04-16,63.9,64.15,63.47,64.0
BCO,2007-04-17,63.97,64.06,63.61,63.75
BCO,2007-04-18,63.74,64.0,63.44,63.72
BCO,2007-04-19,63.4,63.65,62.93,63.32
BCO,2007-04-20,63.6,63.64,62.89,63.05
BCO,2007-04-23,63.05,63.69,63.05,63.43
BCO,2007-04-24,63.27,63.44,62.91,63.28
BCO,2007-04-25,63.42,64.19,63.0,63.76
BCO,2007-04-26,63.71,64.0,63.6,63.88
BCO,2007-04-27,65.03,65.03,63.64,63.98
BCO,2007-04-30,63.84,64.0,63.37,63.5
BCO,2007-05-01,63.58,64.05,62.9,64.03
BCO,2007-05-02,64.7,65.66,64.45,65.49
BCO,2007-05-03,65.65,66.31,65.34,66.14
BCO,2007-05-04,66.35,66.4,65.68,65.87
BCO,2007-05-07,66.2,66.9,66.1,66.79
BCO,2007-05-08,67.2,68.18,67.1,68.12
BCO,2007-05-09,68.16,68.47,67.77,68.22
BCO,2007-05-10,68.1,68.11,67.01,67.26
BCO,2007-05-11,67.33,67.49,65.9,66.25
BCO,2007-05-14,66.14,66.3,65.91,66.11
BCO,2007-05-15,66.2,66.2,65.11,65.3
BCO,2007-05-16,65.45,65.65,65.14,65.64
BCO,2007-05-17,65.5,65.5,64.62,64.96
BCO,2007-05-18,65.04,65.11,64.81,65.04
BCO,2007-05-21,64.89,65.25,64.8,65.06
BCO,2007-05-22,64.97,65.29,64.53,65.0
BCO,2007-05-23,65.0,65.25,64.89,65.22
BCO,2007-05-24,65.22,65.22,64.16,64.2
BCO,2007-05-25,64.2,64.95,64.2,64.58
BCO,2007-05-29,64.68,65.18,64.56,65.1
BCO,2007-05-30,64.85,65.33,64.84,65.33
BCO,2007-05-31,65.34,66.4,65.34,65.93
BCO,2007-06-01,65.95,66.21,65.58,66.2
BCO,2007-06-04,66.15,66.5,65.83,66.04
BCO,2007-06-05,65.9,66.18,65.54,66.04
BCO,2007-06-06,65.73,66.01,64.75,65.66
BCO,2007-06-07,65.3,65.87,64.41,64.41
BCO,2007-06-08,64.25,65.0,63.93,64.98
BCO,2007-06-11,64.78,65.03,64.72,64.93
BCO,2007-06-12,64.78,64.78,63.95,63.98
BCO,2007-06-13,64.15,64.66,63.9,64.48
BCO,2007-06-14,64.6,65.0,64.29,64.39
BCO,2007-06-15,64.8,64.96,64.14,64.14
BCO,2007-06-18,64.34,64.35,63.9,63.99
BCO,2007-06-19,63.75,64.05,63.23,63.55
BCO,2007-06-20,63.57,63.7,62.33,62.57
BCO,2007-06-21,62.42,62.81,62.0,62.27
BCO,2007-06-22,62.07,62.45,61.65,61.68
BCO,2007-06-25,61.63,62.59,61.44,61.8
BCO,2007-06-26,62.05,62.64,61.9,62.24
BCO,2007-06-27,62.0,62.2,61.57,61.88
BCO,2007-06-28,61.98,62.16,61.67,61.95
BCO,2007-06-29,61.86,62.33,61.65,61.89
BCO,2007-07-02,62.15,62.95,62.15,62.65
BCO,2007-07-03,62.65,62.65,62.29,62.38
BCO,2007-07-05,62.48,63.19,62.31,63.07
BCO,2007-07-06,63.0,63.59,62.8,63.53
BCO,2007-07-09,63.7,63.9,63.3,63.79
BCO,2007-07-10,63.49,63.63,62.31,62.33
BCO,2007-07-11,62.23,63.04,62.01,62.66
BCO,2007-07-12,63.25,64.35,63.08,63.92
BCO,2007-07-13,63.75,64.0,63.02,63.18
BCO,2007-07-16,63.05,63.22,62.75,63.17
BCO,2007-07-17,63.4,63.75,62.85,63.45
BCO,2007-07-18,63.2,63.34,62.52,63.05
BCO,2007-07-19,63.28,67.65,63.26,66.01
BCO,2007-07-20,66.03,67.56,66.02,67.51
BCO,2007-07-23,67.45,67.45,66.65,66.76
BCO,2007-07-24,66.25,66.26,64.79,65.17
BCO,2007-07-25,65.38,65.93,64.87,65.53
BCO,2007-07-26,64.95,64.95,62.19,62.33
BCO,2007-07-27,62.33,62.59,61.37,61.38
BCO,2007-07-30,61.38,61.95,61.0,61.3
BCO,2007-07-31,61.55,62.07,61.0,61.15
BCO,2007-08-01,61.08,61.52,60.05,60.67
BCO,2007-08-02,59.95,59.97,58.09,58.91
BCO,2007-08-03,58.8,58.94,56.86,57.69
BCO,2007-08-06,57.9,58.17,56.55,56.97
BCO,2007-08-07,56.6,56.89,55.06,56.58
BCO,2007-08-08,56.68,57.89,56.33,57.15
BCO,2007-08-09,56.55,56.72,52.42,54.24
BCO,2007-08-10,53.9,59.68,52.82,58.68
BCO,2007-08-13,58.9,60.0,57.48,57.77
BCO,2007-08-14,58.42,58.81,56.95,57.09
BCO,2007-08-15,57.13,57.13,55.6,55.7
BCO,2007-08-16,55.67,55.75,54.22,55.04
BCO,2007-08-17,55.04,57.75,55.04,57.4
BCO,2007-08-20,57.55,57.55,56.06,57.31
BCO,2007-08-21,57.31,57.31,56.46,56.62
BCO,2007-08-22,57.37,58.8,56.59,57.72
BCO,2007-08-23,58.01,58.1,57.21,57.71
BCO,2007-08-24,56.93,57.41,56.69,57.39
BCO,2007-08-27,57.19,58.67,57.04,57.73
BCO,2007-08-28,57.46,57.49,55.8,55.8
BCO,2007-08-29,56.1,56.85,55.8,56.78
BCO,2007-08-30,56.23,57.0,55.77,56.49
BCO,2007-08-31,56.95,57.72,56.45,57.36
BCO,2007-09-04,57.0,57.75,56.47,57.48
BCO,2007-09-05,56.98,57.18,56.18,56.38
BCO,2007-09-06,56.48,56.54,55.86,56.32
BCO,2007-09-07,55.85,55.95,55.11,55.25
BCO,2007-09-10,55.37,55.57,53.88,54.62
BCO,2007-09-11,54.75,56.1,54.58,56.1
BCO,2007-09-12,56.05,56.2,55.15,55.37
BCO,2007-09-13,55.94,55.94,54.52,54.71
BCO,2007-09-14,54.35,55.24,54.2,55.0
BCO,2007-09-17,55.0,55.61,54.71,54.73
BCO,2007-09-18,54.77,55.98,54.32,55.69
BCO,2007-09-19,55.94,56.39,55.64,55.76
BCO,2007-09-20,55.8,55.97,55.1,55.23
BCO,2007-09-21,55.65,55.65,54.99,55.06
BCO,2007-09-24,55.0,55.0,54.5,54.58
BCO,2007-09-25,54.35,54.35,53.72,54.05
BCO,2007-09-26,54.22,55.31,54.04,55.12
BCO,2007-09-27,55.3,55.82,54.91,55.75
BCO,2007-09-28,55.69,56.14,55.49,55.88
BCO,2007-10-01,55.81,56.86,55.69,56.79
BCO,2007-10-02,56.87,57.34,56.4,57.13
BCO,2007-10-03,56.93,57.64,56.89,57.59
BCO,2007-10-04,57.85,58.11,57.57,58.11
BCO,2007-10-05,58.6,59.47,58.43,59.47
BCO,2007-10-08,59.27,59.45,58.05,58.56
BCO,2007-10-09,58.81,58.81,57.7,58.48
BCO,2007-10-10,58.45,58.87,58.14,58.62
BCO,2007-10-11,58.77,59.75,58.69,59.66
BCO,2007-10-12,59.81,60.41,59.49,60.36
BCO,2007-10-15,60.27,60.27,59.35,59.87
BCO,2007-10-16,59.93,60.33,59.63,59.8
BCO,2007-10-17,60.03,60.24,59.33,60.07
BCO,2007-10-18,59.95,61.56,59.79,61.55
BCO,2007-10-19,61.46,61.46,60.55,60.6
BCO,2007-10-22,60.0,60.14,59.16,59.85
BCO,2007-10-23,59.99,59.99,59.09,59.39
BCO,2007-10-24,59.1,59.72,58.62,59.71
BCO,2007-10-25,59.97,60.21,58.47,59.17
BCO,2007-10-26,59.9,59.9,58.7,59.41
BCO,2007-10-29,59.54,59.54,58.8,59.46
BCO,2007-10-30,59.2,60.3,59.19,59.76
BCO,2007-10-31,61.0,62.65,59.98,62.65
BCO,2007-11-01,62.0,64.13,61.57,63.97
BCO,2007-11-02,64.3,64.74,64.1,64.4
BCO,2007-11-05,63.85,64.78,63.66,64.47
BCO,2007-11-06,64.25,64.25,62.8,63.4
BCO,2007-11-07,62.77,63.1,61.63,61.99
BCO,2007-11-08,62.34,62.5,60.61,60.82
BCO,2007-11-09,60.25,60.69,59.74,59.74
BCO,2007-11-12,59.76,60.3,59.54,59.67
BCO,2007-11-13,60.4,60.99,59.78,60.13
BCO,2007-11-14,61.0,61.25,60.6,60.73
BCO,2007-11-15,60.35,61.07,60.03,60.21
BCO,2007-11-16,60.33,60.35,59.7,60.09
BCO,2007-11-19,59.55,59.89,58.1,58.16
BCO,2007-11-20,58.15,58.67,57.74,58.5
BCO,2007-11-21,58.1,58.79,57.85,58.73
BCO,2007-11-23,59.0,59.25,58.82,59.04
BCO,2007-11-26,58.81,59.35,58.46,58.6
BCO,2007-11-27,58.74,59.99,58.57,59.85
BCO,2007-11-28,59.85,61.68,59.69,61.15
BCO,2007-11-29,61.07,61.86,60.92,61.71
BCO,2007-11-30,62.1,64.83,61.93,63.98
BCO,2007-12-03,63.58,63.71,62.21,62.25
BCO,2007-12-04,61.8,62.0,61.14,61.37
BCO,2007-12-05,62.0,62.22,60.9,60.99
BCO,2007-12-06,61.15,62.46,61.09,62.44
BCO,2007-12-07,62.88,63.34,62.24,62.45
BCO,2007-12-10,62.52,62.71,61.95,62.21
BCO,2007-12-11,62.16,62.16,61.01,61.01
BCO,2007-12-12,61.9,62.19,60.5,61.07
BCO,2007-12-13,60.7,60.99,60.33,60.97
BCO,2007-12-14,60.61,60.98,59.97,60.48
BCO,2007-12-17,60.1,60.28,59.55,59.89
BCO,2007-12-18,60.3,60.47,59.64,60.2
BCO,2007-12-19,60.19,60.19,58.76,58.76
BCO,2007-12-20,59.08,60.07,59.0,60.07
BCO,2007-12-21,60.44,62.14,60.44,61.55
BCO,2007-12-24,61.9,61.92,61.17,61.91
BCO,2007-12-26,61.92,61.94,60.69,61.06
BCO,2007-12-27,61.22,61.51,60.3,60.72
BCO,2007-12-28,60.99,61.07,59.65,59.97
BCO,2007-12-31,59.96,60.31,59.49,59.74
BCO,2008-01-02,59.44,59.57,57.25,57.58
BCO,2008-01-03,57.66,58.07,56.99,57.05
BCO,2008-01-04,56.41,56.41,55.0,55.19
BCO,2008-01-07,55.25,56.1,54.75,55.85
BCO,2008-01-08,56.04,56.4,55.15,55.25
BCO,2008-01-09,55.5,56.62,54.48,55.13
BCO,2008-01-10,54.63,55.46,54.23,55.15
BCO,2008-01-11,54.75,54.81,54.15,54.25
BCO,2008-01-14,54.5,55.02,54.5,54.87
BCO,2008-01-15,54.38,54.61,53.32,53.36
BCO,2008-01-16,53.23,53.8,52.77,52.86
BCO,2008-01-17,52.99,53.36,52.06,52.16
BCO,2008-01-18,52.28,52.71,51.79,52.25
BCO,2008-01-22,51.43,52.61,49.99,50.03
BCO,2008-01-23,49.06,51.24,49.04,51.07
BCO,2008-01-24,51.4,52.66,50.48,52.57
BCO,2008-01-25,52.9,53.21,52.2,52.84
BCO,2008-01-28,52.84,54.38,52.35,54.38
BCO,2008-01-29,54.77,54.95,53.66,54.33
BCO,2008-01-30,54.03,55.09,53.71,54.5
BCO,2008-01-31,56.99,60.87,56.09,60.56
BCO,2008-02-01,61.25,65.63,61.24,65.29
BCO,2008-02-04,65.03,65.03,62.9,63.16
BCO,2008-02-05,62.16,63.17,61.73,62.38
BCO,2008-02-06,62.59,62.6,60.65,60.66
BCO,2008-02-07,60.42,63.35,59.54,62.66
BCO,2008-02-08,62.16,62.82,61.08,62.12
BCO,2008-02-11,62.35,63.17,61.09,62.84
BCO,2008-02-12,63.41,64.06,63.1,63.71
BCO,2008-02-13,64.21,64.92,64.15,64.91
BCO,2008-02-14,64.91,64.97,63.74,63.84
BCO,2008-02-15,63.46,63.98,62.96,63.35
BCO,2008-02-19,63.88,64.17,62.6,63.22
BCO,2008-02-20,63.22,65.0,63.1,65.0
BCO,2008-02-21,64.58,65.21,64.0,64.26
BCO,2008-02-22,64.54,64.54,63.0,64.36
BCO,2008-02-25,65.22,68.25,65.21,67.91
BCO,2008-02-26,70.11,70.11,67.08,67.77
BCO,2008-02-27,67.35,68.79,67.35,68.68
BCO,2008-02-28,68.18,68.38,67.19,67.62
BCO,2008-02-29,67.37,67.44,66.34,66.93
BCO,2008-03-03,66.93,68.47,66.66,68.03
BCO,2008-03-04,67.3,67.97,66.49,67.85
BCO,2008-03-05,67.8,68.17,66.9,67.44
BCO,2008-03-06,66.77,67.48,65.66,65.9
BCO,2008-03-07,65.5,65.88,64.84,65.17
BCO,2008-03-10,65.67,66.15,64.42,64.64
BCO,2008-03-11,65.83,65.83,64.49,65.43
BCO,2008-03-12,65.65,66.83,65.23,66.09
BCO,2008-03-13,65.6,67.42,65.23,67.07
BCO,2008-03-14,67.33,67.33,64.94,65.51
BCO,2008-03-17,64.0,65.2,63.34,64.2
BCO,2008-03-18,65.0,67.62,64.91,67.34
BCO,2008-03-19,67.62,67.92,65.08,65.08
BCO,2008-03-20,64.86,66.1,64.56,65.76
BCO,2008-03-24,66.01,67.05,66.01,66.8
BCO,2008-03-25,66.8,67.39,66.59,67.21
BCO,2008-03-26,66.66,67.41,66.5,67.35
BCO,2008-03-27,67.36,67.59,66.52,66.66
BCO,2008-03-28,66.77,67.2,66.14,66.31
BCO,2008-03-31,66.31,67.18,66.31,67.18
BCO,2008-04-01,67.92,68.36,67.16,68.05
BCO,2008-04-02,68.2,68.2,66.72,67.13
BCO,2008-04-03,66.6,66.96,65.98,66.61
BCO,2008-04-04,66.4,67.75,66.24,67.34
BCO,2008-04-07,67.85,67.89,66.78,66.91
BCO,2008-04-08,66.57,68.93,66.45,68.92
BCO,2008-04-09,68.95,69.22,66.88,67.48
BCO,2008-04-10,67.36,69.16,67.26,68.62
BCO,2008-04-11,68.0,68.74,67.49,67.82
BCO,2008-04-14,67.94,67.95,67.12,67.15
BCO,2008-04-15,67.37,67.75,66.38,66.56
BCO,2008-04-16,66.93,68.33,66.57,68.22
BCO,2008-04-17,67.82,68.59,67.45,68.26
BCO,2008-04-18,69.14,69.86,68.84,68.95
BCO,2008-04-21,68.3,70.04,67.95,70.0
BCO,2008-04-22,69.75,70.9,69.46,70.43
BCO,2008-04-23,70.75,71.22,70.55,71.1
BCO,2008-04-24,71.1,72.21,71.01,72.01
BCO,2008-04-25,72.21,72.21,71.53,72.07
BCO,2008-04-28,72.22,72.22,71.04,71.72
BCO,2008-04-29,71.34,72.09,71.29,71.87
BCO,2008-04-30,73.75,74.61,72.6,72.75
BCO,2008-05-01,73.1,73.45,72.43,73.2
BCO,2008-05-02,73.55,73.55,71.66,72.0
BCO,2008-05-05,71.21,72.01,71.14,71.45
BCO,2008-05-06,71.19,72.56,70.91,72.36
BCO,2008-05-07,72.32,72.83,71.61,72.0
BCO,2008-05-08,72.75,72.75,71.58,71.97
BCO,2008-05-09,71.5,71.61,70.55,71.36
BCO,2008-05-12,71.25,72.25,70.47,72.25
BCO,2008-05-13,72.21,73.07,72.07,73.0
BCO,2008-05-14,72.99,73.87,72.99,73.27
BCO,2008-05-15,73.45,73.53,72.95,73.5
BCO,2008-05-16,72.64,73.34,72.19,72.86
BCO,2008-05-19,72.86,73.0,72.02,72.09
BCO,2008-05-20,72.21,72.34,70.86,71.16
BCO,2008-05-21,71.43,72.31,71.08,71.38
BCO,2008-05-22,71.38,72.14,70.98,71.24
BCO,2008-05-23,70.91,70.98,68.28,69.46
BCO,2008-05-27,69.48,71.51,69.29,71.51
BCO,2008-05-28,71.85,72.44,71.08,72.25
BCO,2008-05-29,72.1,72.55,71.72,72.49
BCO,2008-05-30,72.7,72.74,71.58,72.48
BCO,2008-06-02,72.43,72.63,71.44,72.0
BCO,2008-06-03,72.23,72.23,70.23,71.1
BCO,2008-06-04,70.72,71.17,70.18,70.72
BCO,2008-06-05,71.43,71.43,70.1,70.85
BCO,2008-06-06,70.22,70.59,68.98,69.09
BCO,2008-06-09,69.08,69.44,67.2,67.38
BCO,2008-06-10,67.02,68.34,66.76,67.87
BCO,2008-06-11,68.0,68.53,67.29,67.33
BCO,2008-06-12,67.73,68.08,67.02,67.17
BCO,2008-06-13,67.04,67.78,66.66,67.32
BCO,2008-06-16,67.0,67.98,66.73,67.98
BCO,2008-06-17,68.15,68.23,67.49,67.75
BCO,2008-06-18,67.29,67.96,66.82,67.5
BCO,2008-06-19,67.2,68.32,66.95,68.32
BCO,2008-06-20,68.16,68.94,66.72,67.08
BCO,2008-06-23,67.26,67.88,65.74,65.84
BCO,2008-06-24,65.23,68.25,65.23,67.0
BCO,2008-06-25,67.0,67.94,66.8,67.36
BCO,2008-06-26,67.32,67.88,66.1,66.12
BCO,2008-06-27,65.96,66.8,65.47,66.52
BCO,2008-06-30,66.3,66.45,65.42,65.42
BCO,2008-07-01,64.96,65.62,64.08,64.5
BCO,2008-07-02,64.37,65.46,64.3,64.68
BCO,2008-07-03,64.66,64.78,63.51,63.51
BCO,2008-07-07,63.94,65.4,63.58,64.6
BCO,2008-07-08,64.28,65.71,63.92,65.64
BCO,2008-07-09,65.4,65.5,63.38,63.59
BCO,2008-07-10,63.51,64.79,63.51,64.24
BCO,2008-07-11,63.61,64.23,62.2,62.78
BCO,2008-07-14,63.88,65.25,63.33,63.9
BCO,2008-07-15,63.48,63.94,62.35,62.44
BCO,2008-07-16,62.51,63.68,62.2,63.48
BCO,2008-07-17,63.32,65.37,63.32,65.32
BCO,2008-07-18,65.27,65.28,63.45,64.12
BCO,2008-07-21,64.19,64.48,63.04,63.9
BCO,2008-07-22,63.36,66.8,63.19,66.54
BCO,2008-07-23,66.47,66.87,65.41,65.58
BCO,2008-07-24,65.27,65.27,63.33,63.39
BCO,2008-07-25,63.59,64.14,63.08,63.72
BCO,2008-07-28,63.7,63.79,62.76,62.76
BCO,2008-07-29,63.62,64.84,62.5,63.7
BCO,2008-07-30,64.1,64.5,63.51,64.33
BCO,2008-07-31,66.17,70.03,66.17,68.96
BCO,2008-08-01,69.34,69.72,68.34,68.53
BCO,2008-08-04,68.77,69.42,67.66,69.13
BCO,2008-08-05,68.28,69.71,68.28,69.44
BCO,2008-08-06,69.56,70.1,68.36,69.76
BCO,2008-08-07,69.0,69.11,68.05,68.36
BCO,2008-08-08,68.6,70.93,68.41,70.82
BCO,2008-08-11,70.83,71.48,70.26,70.77
BCO,2008-08-12,70.53,70.82,69.81,70.0
BCO,2008-08-13,70.0,70.31,69.22,69.85
BCO,2008-08-14,69.69,70.25,69.42,70.13
BCO,2008-08-15,69.29,70.39,69.29,69.96
BCO,2008-08-18,70.2,70.34,69.66,70.09
BCO,2008-08-19,70.14,70.4,69.24,69.86
BCO,2008-08-20,70.0,70.3,69.55,70.04
BCO,2008-08-21,69.75,70.05,69.56,69.97
BCO,2008-08-22,69.91,70.3,69.78,70.1
BCO,2008-08-25,69.99,70.17,69.03,69.82
BCO,2008-08-26,69.72,69.72,67.89,68.33
BCO,2008-08-27,68.32,70.1,68.32,70.1
BCO,2008-08-28,70.46,70.53,69.82,70.37
BCO,2008-08-29,70.24,70.42,69.42,69.78
BCO,2008-09-02,70.5,70.87,69.62,69.79
BCO,2008-09-03,69.51,70.3,69.27,70.01
BCO,2008-09-04,69.6,70.19,68.29,69.18
BCO,2008-09-05,68.79,69.09,67.25,68.58
BCO,2008-09-08,69.18,70.09,67.85,69.89
BCO,2008-09-09,69.43,70.0,68.61,68.97
BCO,2008-09-10,69.3,69.3,67.22,67.47
BCO,2008-09-11,66.92,69.0,66.62,68.85
BCO,2008-09-12,68.26,70.95,67.82,70.61
BCO,2008-09-15,68.57,70.21,68.0,69.45
BCO,2008-09-16,68.76,69.73,68.08,69.6
BCO,2008-09-17,68.91,69.04,66.07,66.45
BCO,2008-09-18,67.62,67.62,59.51,63.95
BCO,2008-09-19,65.26,69.03,64.36,66.21
BCO,2008-09-22,66.0,66.37,62.32,62.32
BCO,2008-09-23,62.4,63.94,61.79,62.86
BCO,2008-09-24,63.2,63.46,62.14,62.48
BCO,2008-09-25,62.64,63.78,62.35,63.35
BCO,2008-09-26,62.6,62.6,60.47,62.17
BCO,2008-09-29,61.48,61.57,57.68,57.91
BCO,2008-09-30,59.2,61.12,58.12,61.02
BCO,2008-10-01,60.55,61.32,59.24,59.82
BCO,2008-10-02,59.51,59.92,56.21,56.49
BCO,2008-10-03,57.13,58.6,54.82,55.01
BCO,2008-10-06,53.86,54.5,49.34,50.54
BCO,2008-10-07,51.3,53.62,50.33,51.97
BCO,2008-10-08,51.3,54.41,50.21,53.17
BCO,2008-10-09,53.49,54.03,50.01,50.79
BCO,2008-10-10,49.23,50.8,45.12,47.66
BCO,2008-10-13,49.4,52.14,48.47,52.14
BCO,2008-10-14,53.78,54.85,51.98,52.99
BCO,2008-10-15,52.0,52.02,48.01,48.01
BCO,2008-10-16,49.42,49.42,45.29,48.65
BCO,2008-10-17,47.34,50.91,47.21,49.76
BCO,2008-10-20,50.33,51.85,49.46,51.7
BCO,2008-10-21,51.0,52.1,50.04,50.44
BCO,2008-10-22,49.34,49.57,45.05,46.66
BCO,2008-10-23,46.64,46.66,40.69,41.31
BCO,2008-10-24,38.0,40.0,37.43,39.6
BCO,2008-10-27,39.25,40.39,37.9,38.07
BCO,2008-10-28,39.57,40.54,37.22,40.54
BCO,2008-10-29,40.61,44.22,40.44,42.11
BCO,2008-10-30,43.4,46.8,43.4,46.24
BCO,2008-10-31,45.88,48.52,45.85,48.49
BCO,2008-11-03,27.03,27.76,26.9,27.34
BCO,2008-11-04,27.7,27.97,26.7,26.92
BCO,2008-11-05,26.66,27.18,25.5,25.56
BCO,2008-11-06,25.47,26.73,25.12,25.57
BCO,2008-11-07,25.73,25.82,24.1,24.42
BCO,2008-11-10,25.32,25.32,24.24,24.58
BCO,2008-11-11,24.33,24.33,23.28,23.81
BCO,2008-11-12,23.39,23.42,21.03,21.1
BCO,2008-11-13,21.27,22.14,20.49,21.94
BCO,2008-11-14,21.72,22.37,20.84,21.06
BCO,2008-11-17,20.95,22.29,20.8,21.88
BCO,2008-11-18,21.88,22.15,20.42,21.21
BCO,2008-11-19,21.24,21.49,19.84,19.93
BCO,2008-11-20,19.49,20.49,18.78,18.9
BCO,2008-11-21,19.32,19.68,18.19,19.49
BCO,2008-11-24,19.69,21.33,19.39,20.99
BCO,2008-11-25,21.33,21.53,20.21,20.96
BCO,2008-11-26,20.9,21.7,20.31,21.43
BCO,2008-11-28,21.12,21.82,20.92,21.77
BCO,2008-12-01,21.1,21.1,19.7,19.95
BCO,2008-12-02,20.29,21.73,19.9,20.69
BCO,2008-12-03,20.35,22.15,20.11,21.94
BCO,2008-12-04,21.69,21.75,20.23,20.67
BCO,2008-12-05,20.39,21.75,20.04,21.72
BCO,2008-12-08,22.36,23.15,22.21,22.77
BCO,2008-12-09,22.57,23.51,22.57,22.9
BCO,2008-12-10,23.05,23.8,22.66,23.21
BCO,2008-12-11,23.12,23.51,21.91,22.3
BCO,2008-12-12,21.71,23.55,21.36,23.21
BCO,2008-12-15,23.35,23.72,22.03,22.39
BCO,2008-12-16,22.76,23.27,22.0,23.19
BCO,2008-12-17,22.71,23.57,22.71,23.5
BCO,2008-12-18,23.61,23.77,22.93,23.72
BCO,2008-12-19,23.81,25.14,23.52,25.02
BCO,2008-12-22,25.02,25.04,23.69,24.23
BCO,2008-12-23,24.36,24.95,23.69,23.83
BCO,2008-12-24,23.83,24.58,23.59,24.43
BCO,2008-12-26,24.43,24.9,24.35,24.89
BCO,2008-12-29,25.06,25.8,24.75,25.07
BCO,2008-12-30,25.4,26.35,25.4,26.25
BCO,2008-12-31,26.39,27.4,26.08,26.88
BCO,2009-01-02,26.87,27.62,26.62,27.36
BCO,2009-01-05,27.16,27.35,26.44,26.78
BCO,2009-01-06,26.9,27.96,26.81,27.67
BCO,2009-01-07,27.35,27.35,25.89,26.09
BCO,2009-01-08,26.01,26.27,25.22,26.19
BCO,2009-01-09,26.3,26.53,25.46,25.94
BCO,2009-01-12,25.93,26.1,25.49,25.76
BCO,2009-01-13,25.58,26.14,25.01,25.22
BCO,2009-01-14,24.51,24.86,24.18,24.44
BCO,2009-01-15,24.49,24.79,23.87,24.68
BCO,2009-01-16,25.14,25.37,24.42,24.81
BCO,2009-01-20,24.88,25.59,24.44,24.98
BCO,2009-01-21,26.45,26.45,24.97,25.84
BCO,2009-01-22,25.42,26.31,25.23,26.05
BCO,2009-01-23,25.67,26.72,25.24,26.53
BCO,2009-01-26,26.52,26.92,26.1,26.63
BCO,2009-01-27,26.8,27.21,26.51,26.72
BCO,2009-01-28,27.36,27.92,26.81,27.84
BCO,2009-01-29,27.65,27.88,27.06,27.43
BCO,2009-01-30,27.48,27.67,26.21,26.43
BCO,2009-02-02,26.16,27.3,26.03,27.16
BCO,2009-02-03,27.44,27.44,26.75,27.17
BCO,2009-02-04,29.95,32.36,29.55,29.84
BCO,2009-02-05,28.94,30.11,28.7,29.54
BCO,2009-02-06,29.64,30.7,29.4,30.33
BCO,2009-02-09,30.31,30.41,29.49,29.57
BCO,2009-02-10,29.28,29.33,27.06,27.34
BCO,2009-02-11,27.36,28.53,27.29,27.92
BCO,2009-02-12,27.32,27.49,26.25,27.25
BCO,2009-02-13,27.13,27.46,26.69,27.06
BCO,2009-02-17,26.5,26.5,25.6,25.86
BCO,2009-02-18,25.87,26.13,25.48,25.62
BCO,2009-02-19,25.94,26.15,25.1,25.16
BCO,2009-02-20,24.84,25.2,24.3,24.89
BCO,2009-02-23,25.14,25.21,23.84,23.89
BCO,2009-02-24,24.16,24.9,23.79,24.75
BCO,2009-02-25,24.53,24.65,23.69,24.02
BCO,2009-02-26,24.34,24.36,23.3,23.37
BCO,2009-02-27,23.0,24.6,23.0,23.87
BCO,2009-03-02,23.58,23.59,22.36,22.5
BCO,2009-03-03,22.74,22.74,21.96,22.18
BCO,2009-03-04,22.68,23.15,22.06,22.77
BCO,2009-03-05,22.41,22.65,21.61,21.75
BCO,2009-03-06,21.99,22.17,20.73,21.38
BCO,2009-03-09,21.18,22.17,21.05,21.38
BCO,2009-03-10,21.46,23.36,21.46,23.32
BCO,2009-03-11,23.36,23.84,23.02,23.67
BCO,2009-03-12,23.49,24.38,23.09,24.24
BCO,2009-03-13,24.47,24.5,23.6,24.29
BCO,2009-03-16,24.76,24.9,24.23,24.43
BCO,2009-03-17,24.34,24.95,24.15,24.95
BCO,2009-03-18,24.64,25.87,24.45,25.57
BCO,2009-03-19,25.86,26.12,25.5,25.58
BCO,2009-03-20,25.65,25.84,24.3,24.4
BCO,2009-03-23,25.27,26.17,24.81,26.17
BCO,2009-03-24,25.78,26.64,25.78,26.35
BCO,2009-03-25,26.45,27.18,26.02,26.66
BCO,2009-03-26,27.23,27.67,26.86,27.67
BCO,2009-03-27,27.22,27.48,26.7,27.14
BCO,2009-03-30,26.52,26.82,25.86,26.66
BCO,2009-03-31,27.03,27.1,26.4,26.46
BCO,2009-04-01,26.19,27.01,25.79,26.94
BCO,2009-04-02,27.4,29.06,27.4,28.69
BCO,2009-04-03,28.77,29.95,28.7,29.58
BCO,2009-04-06,29.22,30.18,29.0,30.03
BCO,2009-04-07,29.56,30.22,29.23,29.54
BCO,2009-04-08,29.65,30.03,28.83,29.15
BCO,2009-04-09,29.87,30.91,29.76,30.78
BCO,2009-04-13,30.66,30.71,30.07,30.63
BCO,2009-04-14,30.45,30.45,29.52,29.74
BCO,2009-04-15,29.48,30.16,29.37,29.92
BCO,2009-04-16,30.0,30.95,29.82,30.72
BCO,2009-04-17,30.72,31.22,30.47,31.07
BCO,2009-04-20,30.47,30.51,29.47,29.78
BCO,2009-04-21,29.5,30.5,29.49,30.23
BCO,2009-04-22,29.99,31.28,29.94,30.49
BCO,2009-04-23,30.52,30.83,29.47,29.96
BCO,2009-04-24,30.06,31.17,29.85,30.87
BCO,2009-04-27,30.5,31.27,30.26,30.48
BCO,2009-04-28,30.11,30.31,29.1,29.19
BCO,2009-04-29,29.1,29.82,28.66,29.46
BCO,2009-04-30,29.82,30.08,28.35,28.35
BCO,2009-05-01,28.18,28.41,27.03,27.21
BCO,2009-05-04,27.72,27.8,26.83,27.27
BCO,2009-05-05,27.15,27.47,26.1,26.55
BCO,2009-05-06,26.71,28.12,26.24,28.11
BCO,2009-05-07,28.15,28.32,27.2,27.37
BCO,2009-05-08,27.75,28.76,27.37,28.73
BCO,2009-05-11,28.4,29.28,27.74,29.04
BCO,2009-05-12,29.27,29.52,27.83,28.74
BCO,2009-05-13,28.27,28.31,26.81,26.95
BCO,2009-05-14,26.95,27.53,26.81,27.39
BCO,2009-05-15,27.17,27.77,27.05,27.43
BCO,2009-05-18,27.6,27.95,27.27,27.92
BCO,2009-05-19,27.71,28.44,27.43,28.28
BCO,2009-05-20,28.39,28.62,27.83,27.91
BCO,2009-05-21,27.69,27.82,27.22,27.6
BCO,2009-05-22,27.65,27.88,27.21,27.46
BCO,2009-05-26,27.14,28.05,27.02,27.79
BCO,2009-05-27,27.77,27.78,26.96,27.05
BCO,2009-05-28,27.11,27.11,26.3,26.62
BCO,2009-05-29,26.64,26.79,26.26,26.59
BCO,2009-06-01,27.08,27.95,26.84,27.72
BCO,2009-06-02,27.66,28.67,27.5,28.6
BCO,2009-06-03,28.47,28.6,28.18,28.56
BCO,2009-06-04,28.61,28.92,28.15,28.53
BCO,2009-06-05,28.61,29.32,28.61,29.09
BCO,2009-06-08,29.05,29.13,28.4,28.8
BCO,2009-06-09,28.89,29.5,28.68,29.38
BCO,2009-06-10,29.49,29.49,28.9,29.28
BCO,2009-06-11,29.46,30.07,29.41,29.77
BCO,2009-06-12,29.67,29.79,29.12,29.79
BCO,2009-06-15,29.31,29.41,28.75,28.9
BCO,2009-06-16,29.16,29.36,28.67,28.75
BCO,2009-06-17,28.8,30.0,28.79,29.49
BCO,2009-06-18,29.66,29.7,29.04,29.46
BCO,2009-06-19,29.64,29.78,29.38,29.47
BCO,2009-06-22,29.25,29.25,28.66,28.89
BCO,2009-06-23,28.9,28.94,27.92,27.98
BCO,2009-06-24,28.08,28.66,27.89,28.16
BCO,2009-06-25,28.11,28.94,27.89,28.86
BCO,2009-06-26,28.8,29.13,28.54,28.82
BCO,2009-06-29,28.96,29.36,28.47,29.2
BCO,2009-06-30,29.09,29.49,28.67,29.03
BCO,2009-07-01,29.12,29.66,28.9,29.46
BCO,2009-07-02,29.18,29.18,28.3,28.61
BCO,2009-07-06,28.41,28.77,28.18,28.76
BCO,2009-07-07,28.76,29.1,27.89,27.98
BCO,2009-07-08,27.98,28.4,27.44,27.81
BCO,2009-07-09,27.82,28.02,27.15,27.7
BCO,2009-07-10,27.59,28.1,27.47,27.87
BCO,2009-07-13,27.84,28.38,27.31,28.33
BCO,2009-07-14,28.42,28.92,28.3,28.78
BCO,2009-07-15,29.08,29.39,28.86,29.26
BCO,2009-07-16,29.08,29.77,29.03,29.62
BCO,2009-07-17,29.66,29.92,29.55,29.82
BCO,2009-07-20,29.82,30.02,29.6,29.98
BCO,2009-07-21,30.21,30.5,29.6,29.81
BCO,2009-07-22,29.78,30.42,29.64,29.92
BCO,2009-07-23,29.91,30.46,29.6,30.39
BCO,2009-07-24,30.13,30.66,29.87,30.25
BCO,2009-07-27,30.1,30.31,29.55,29.99
BCO,2009-07-28,29.95,30.39,29.63,29.92
BCO,2009-07-29,29.79,30.21,29.73,30.2
BCO,2009-07-30,29.32,29.32,26.03,28.29
BCO,2009-07-31,28.29,28.56,27.15,27.15
BCO,2009-08-03,27.34,27.5,26.71,27.49
BCO,2009-08-04,27.43,28.36,27.32,28.25
BCO,2009-08-05,28.14,28.19,27.23,27.37
BCO,2009-08-06,27.36,27.37,26.78,26.84
BCO,2009-08-07,27.12,27.32,26.79,27.0
BCO,2009-08-10,26.95,27.05,26.5,26.62
BCO,2009-08-11,26.47,26.64,26.32,26.41
BCO,2009-08-12,26.58,26.84,26.32,26.73
BCO,2009-08-13,27.0,27.1,26.35,26.6
BCO,2009-08-14,26.5,26.53,26.02,26.4
BCO,2009-08-17,26.12,26.18,25.71,25.96
BCO,2009-08-18,26.14,26.49,25.94,26.39
BCO,2009-08-19,26.38,26.59,26.08,26.54
BCO,2009-08-20,26.48,27.4,26.42,27.38
BCO,2009-08-21,27.41,27.9,27.41,27.82
BCO,2009-08-24,27.91,28.16,27.57,27.66
BCO,2009-08-25,27.78,28.17,27.33,27.35
BCO,2009-08-26,27.34,27.54,27.24,27.32
BCO,2009-08-27,27.27,27.27,26.63,27.0
BCO,2009-08-28,27.15,27.15,26.55,26.65
BCO,2009-08-31,26.37,26.55,26.11,26.35
BCO,2009-09-01,26.31,26.66,26.09,26.18
BCO,2009-09-02,26.07,26.47,25.95,25.98
BCO,2009-09-03,26.02,26.11,25.57,25.92
BCO,2009-09-04,25.98,26.48,25.84,26.33
BCO,2009-09-08,26.48,26.66,26.16,26.35
BCO,2009-09-09,26.33,26.99,26.13,26.91
BCO,2009-09-10,26.78,27.41,26.76,27.37
BCO,2009-09-11,27.35,27.68,27.13,27.4
BCO,2009-09-14,27.31,27.68,27.22,27.34
BCO,2009-09-15,27.24,27.57,27.19,27.28
BCO,2009-09-16,27.42,27.53,27.1,27.48
BCO,2009-09-17,27.5,27.98,27.21,27.9
BCO,2009-09-18,27.98,28.11,26.97,27.11
BCO,2009-09-21,26.88,26.97,26.45,26.88
BCO,2009-09-22,27.0,27.0,25.94,26.73
BCO,2009-09-23,26.86,27.28,26.5,26.52
BCO,2009-09-24,26.51,26.74,26.28,26.46
BCO,2009-09-25,26.25,26.25,25.0,25.64
BCO,2009-09-28,25.88,26.43,25.68,26.16
BCO,2009-09-29,26.21,27.29,26.21,27.14
BCO,2009-09-30,27.25,27.25,26.31,26.91
BCO,2009-10-01,26.89,26.89,26.04,26.05
BCO,2009-10-02,25.89,25.95,25.33,25.38
BCO,2009-10-05,25.63,25.71,25.16,25.44
BCO,2009-10-06,25.52,25.67,25.29,25.39
BCO,2009-10-07,25.3,25.48,25.04,25.18
BCO,2009-10-08,25.23,25.51,25.17,25.44
BCO,2009-10-09,25.41,25.85,25.35,25.69
BCO,2009-10-12,25.9,26.08,25.67,25.95
BCO,2009-10-13,25.99,26.0,25.54,25.65
BCO,2009-10-14,25.97,26.13,25.61,25.71
BCO,2009-10-15,25.5,25.78,25.37,25.45
BCO,2009-10-16,25.36,25.6,25.17,25.37
BCO,2009-10-19,25.46,25.73,25.12,25.67
BCO,2009-10-20,25.79,25.79,25.02,25.35
BCO,2009-10-21,25.19,25.7,25.08,25.28
BCO,2009-10-22,25.23,26.18,25.16,26.06
BCO,2009-10-23,26.12,26.23,25.57,25.79
BCO,2009-10-26,25.81,26.07,25.35,25.41
BCO,2009-10-27,25.5,25.61,25.23,25.29
BCO,2009-10-28,25.25,25.45,24.7,24.76
BCO,2009-10-29,25.06,25.06,23.55,24.67
BCO,2009-10-30,24.5,24.56,23.23,23.73
BCO,2009-11-02,23.75,23.75,23.22,23.71
BCO,2009-11-03,23.58,24.31,23.58,24.08
BCO,2009-11-04,24.21,25.04,24.0,24.63
BCO,2009-11-05,24.72,24.87,24.31,24.39
BCO,2009-11-06,24.27,24.4,23.87,23.96
BCO,2009-11-09,24.04,24.47,23.99,24.39
BCO,2009-11-10,24.34,24.5,24.03,24.06
BCO,2009-11-11,24.18,24.18,23.71,23.98
BCO,2009-11-12,23.9,24.15,23.66,23.71
BCO,2009-11-13,23.71,23.9,23.38,23.56
BCO,2009-11-16,23.65,23.87,23.51,23.79
BCO,2009-11-17,23.78,23.78,23.36,23.5
BCO,2009-11-18,23.63,24.0,23.32,23.93
BCO,2009-11-19,23.83,23.89,23.34,23.51
BCO,2009-11-20,23.38,23.59,23.28,23.43
BCO,2009-11-23,23.57,23.85,23.32,23.37
BCO,2009-11-24,23.37,23.51,23.15,23.25
BCO,2009-11-25,23.36,23.59,23.28,23.42
BCO,2009-11-27,23.11,23.38,23.0,23.05
BCO,2009-11-30,23.04,23.04,22.23,22.48
BCO,2009-12-01,22.51,23.0,22.28,22.86
BCO,2009-12-02,22.78,23.08,22.55,22.89
BCO,2009-12-03,22.86,22.97,22.49,22.7
BCO,2009-12-04,22.85,23.18,22.67,23.15
BCO,2009-12-07,23.18,23.79,23.07,23.79
BCO,2009-12-08,23.56,23.78,23.36,23.67
BCO,2009-12-09,23.59,23.8,23.16,23.66
BCO,2009-12-10,23.84,25.3,23.84,24.82
BCO,2009-12-11,24.92,25.2,24.87,25.04
BCO,2009-12-14,25.21,25.52,25.02,25.43
BCO,2009-12-15,25.34,25.52,24.99,25.0
BCO,2009-12-16,25.14,25.2,24.81,24.85
BCO,2009-12-17,24.74,24.85,24.3,24.32
BCO,2009-12-18,24.49,24.96,24.38,24.94
BCO,2009-12-21,25.11,25.8,25.11,25.36
BCO,2009-12-22,25.38,25.69,25.09,25.27
BCO,2009-12-23,25.29,25.66,24.63,24.87
BCO,2009-12-24,24.84,24.98,24.7,24.91
BCO,2009-12-28,24.93,25.04,24.49,24.55
BCO,2009-12-29,24.53,24.63,24.29,24.34
BCO,2009-12-30,24.33,24.65,24.29,24.46
BCO,2009-12-31,24.53,24.72,24.33,24.34
BCO,2010-01-04,24.5,24.98,24.5,24.93
BCO,2010-01-05,24.97,24.97,24.41,24.49
BCO,2010-01-06,25.26,25.36,24.84,24.9
BCO,2010-01-07,24.94,25.29,24.84,25.2
BCO,2010-01-08,25.07,25.18,24.88,25.07
BCO,2010-01-11,25.14,25.22,24.62,24.71
BCO,2010-01-12,24.61,24.68,24.3,24.37
BCO,2010-01-13,24.32,24.84,24.2,24.84
BCO,2010-01-14,24.85,25.16,24.83,25.14
BCO,2010-01-15,25.18,25.21,24.86,25.0
BCO,2010-01-19,25.17,25.69,25.12,25.58
BCO,2010-01-20,25.36,25.42,25.1,25.35
BCO,2010-01-21,25.45,25.57,24.66,24.77
BCO,2010-01-22,24.65,25.01,24.22,24.33
BCO,2010-01-25,24.48,24.48,23.87,24.14
BCO,2010-01-26,24.04,24.19,23.63,23.67
BCO,2010-01-27,23.62,24.04,23.56,24.0
BCO,2010-01-28,24.1,24.28,23.43,24.01
BCO,2010-01-29,23.98,24.11,23.37,23.38
BCO,2010-02-01,23.5,24.0,23.43,23.96
BCO,2010-02-02,23.93,24.19,23.56,23.75
BCO,2010-02-03,25.17,27.04,24.57,24.96
BCO,2010-02-04,24.84,24.93,24.31,24.37
BCO,2010-02-05,24.29,24.7,24.06,24.68
BCO,2010-02-08,24.64,24.85,24.53,24.56
BCO,2010-02-09,24.81,24.81,24.17,24.34
BCO,2010-02-10,24.21,24.37,23.95,24.22
BCO,2010-02-11,24.12,24.6,24.12,24.57
BCO,2010-02-12,24.54,25.1,24.42,25.06
BCO,2010-02-16,25.17,25.79,25.17,25.78
BCO,2010-02-17,25.88,25.98,25.67,25.92
BCO,2010-02-18,25.97,26.19,25.88,26.15
BCO,2010-02-19,26.06,26.37,25.89,26.32
BCO,2010-02-22,26.41,26.41,25.96,26.06
BCO,2010-02-23,25.96,26.25,25.41,25.45
BCO,2010-02-24,25.51,25.6,25.15,25.36
BCO,2010-02-25,24.96,25.71,24.94,25.34
BCO,2010-02-26,25.25,25.83,25.25,25.48
BCO,2010-03-01,25.6,25.99,25.38,25.83
BCO,2010-03-02,25.81,26.21,25.6,26.04
BCO,2010-03-03,26.08,26.51,26.0,26.03
BCO,2010-03-04,26.29,26.29,25.9,26.08
BCO,2010-03-05,26.23,26.58,25.97,26.55
BCO,2010-03-08,26.35,26.61,26.12,26.35
BCO,2010-03-09,26.31,26.53,26.06,26.5
BCO,2010-03-10,26.41,27.06,26.3,27.06
BCO,2010-03-11,26.86,27.22,26.63,27.21
BCO,2010-03-12,27.26,27.26,26.85,27.08
BCO,2010-03-15,26.96,27.28,26.82,27.2
BCO,2010-03-16,27.3,27.57,27.11,27.57
BCO,2010-03-17,27.55,27.62,27.32,27.47
BCO,2010-03-18,27.57,27.62,27.26,27.61
BCO,2010-03-19,27.86,28.0,27.58,27.86
BCO,2010-03-22,27.66,28.51,27.64,28.45
BCO,2010-03-23,28.32,28.42,28.1,28.37
BCO,2010-03-24,28.31,28.41,27.88,28.38
BCO,2010-03-25,28.61,28.61,28.24,28.28
BCO,2010-03-26,28.35,28.43,27.73,27.78
BCO,2010-03-29,27.97,28.43,27.83,28.34
BCO,2010-03-30,28.36,28.93,28.25,28.74
BCO,2010-03-31,28.61,28.88,28.2,28.23
BCO,2010-04-01,28.37,28.69,28.28,28.6
BCO,2010-04-05,28.74,28.95,28.44,28.85
BCO,2010-04-06,28.78,29.04,28.78,29.0
BCO,2010-04-07,28.89,29.03,28.68,28.84
BCO,2010-04-08,28.81,28.85,28.48,28.68
BCO,2010-04-09,28.81,28.81,28.42,28.7
BCO,2010-04-12,28.75,28.83,28.6,28.78
BCO,2010-04-13,28.68,28.98,28.49,28.75
BCO,2010-04-14,28.96,29.06,28.58,28.99
BCO,2010-04-15,29.05,29.49,29.01,29.29
BCO,2010-04-16,29.44,29.59,28.82,29.08
BCO,2010-04-19,28.95,29.2,28.32,28.58
BCO,2010-04-20,28.58,29.0,28.58,28.64
BCO,2010-04-21,28.57,28.73,28.04,28.21
BCO,2010-04-22,28.1,28.48,28.0,28.4
BCO,2010-04-23,28.47,29.01,28.23,28.96
BCO,2010-04-26,28.9,29.22,28.69,28.8
BCO,2010-04-27,28.76,28.76,27.91,27.94
BCO,2010-04-28,28.15,28.39,27.91,28.26
BCO,2010-04-29,28.49,28.49,26.0,26.76
BCO,2010-04-30,26.66,27.15,26.22,26.63
BCO,2010-05-03,26.78,26.78,26.26,26.64
BCO,2010-05-04,26.43,26.63,26.07,26.22
BCO,2010-05-05,26.07,26.34,25.61,25.75
BCO,2010-05-06,25.66,25.98,24.86,25.49
BCO,2010-05-07,24.63,25.3,24.16,24.37
BCO,2010-05-10,25.48,25.57,24.81,25.57
BCO,2010-05-11,25.45,25.52,24.96,25.23
BCO,2010-05-12,25.33,25.45,24.77,25.13
BCO,2010-05-13,25.15,25.22,24.8,24.95
BCO,2010-05-14,24.75,24.81,24.48,24.72
BCO,2010-05-17,24.52,25.0,23.96,24.54
BCO,2010-05-18,24.67,24.95,23.73,23.83
BCO,2010-05-19,23.7,23.85,22.9,23.27
BCO,2010-05-20,22.85,23.0,22.24,22.53
BCO,2010-05-21,22.25,23.02,22.25,23.02
BCO,2010-05-24,23.02,23.02,22.62,22.63
BCO,2010-05-25,22.2,22.49,21.92,22.38
BCO,2010-05-26,22.51,22.91,22.36,22.52
BCO,2010-05-27,22.88,23.04,22.59,22.75
BCO,2010-05-28,22.77,22.87,22.54,22.67
BCO,2010-06-01,22.5,22.81,22.19,22.27
BCO,2010-06-02,22.28,22.35,21.95,22.29
BCO,2010-06-03,22.19,22.44,22.08,22.24
BCO,2010-06-04,21.82,22.0,21.26,21.29
BCO,2010-06-07,21.4,21.43,20.86,20.9
BCO,2010-06-08,20.95,20.95,20.47,20.8
BCO,2010-06-09,20.8,20.92,19.83,19.93
BCO,2010-06-10,19.95,20.08,19.75,19.92
BCO,2010-06-11,19.8,20.27,19.64,20.24
BCO,2010-06-14,20.41,21.05,20.3,20.76
BCO,2010-06-15,20.85,21.19,20.73,21.14
BCO,2010-06-16,21.07,21.29,20.68,21.1
BCO,2010-06-17,21.27,21.27,20.58,20.67
BCO,2010-06-18,20.6,20.71,20.35,20.68
BCO,2010-06-21,20.92,20.99,20.21,20.26
BCO,2010-06-22,20.23,20.59,19.87,19.89
BCO,2010-06-23,19.87,20.21,19.48,20.17
BCO,2010-06-24,20.15,20.32,19.95,20.18
BCO,2010-06-25,20.16,20.46,19.8,20.4
BCO,2010-06-28,20.39,20.49,19.82,19.85
BCO,2010-06-29,19.6,19.78,19.18,19.33
BCO,2010-06-30,19.27,19.42,19.0,19.03
BCO,2010-07-01,18.95,19.12,18.57,18.63
BCO,2010-07-02,18.65,18.84,18.35,18.71
BCO,2010-07-06,19.0,19.03,18.36,18.39
BCO,2010-07-07,18.46,18.8,18.3,18.79
BCO,2010-07-08,18.94,19.24,18.87,19.17
BCO,2010-07-09,19.28,19.51,19.03,19.43
BCO,2010-07-12,19.32,19.73,19.16,19.62
BCO,2010-07-13,19.85,20.79,19.85,20.73
BCO,2010-07-14,20.74,20.74,20.3,20.65
BCO,2010-07-15,20.7,20.72,20.34,20.6
BCO,2010-07-16,20.47,20.51,19.62,19.64
BCO,2010-07-19,19.52,19.63,19.3,19.54
BCO,2010-07-20,19.33,19.92,19.23,19.89
BCO,2010-07-21,19.99,20.13,19.64,19.66
BCO,2010-07-22,19.89,20.43,19.89,20.37
BCO,2010-07-23,20.28,20.73,20.23,20.63
BCO,2010-07-26,20.72,21.04,20.29,21.02
BCO,2010-07-27,21.16,21.47,20.83,20.91
BCO,2010-07-28,20.91,21.19,20.71,20.74
BCO,2010-07-29,22.11,23.55,21.13,21.8
BCO,2010-07-30,21.63,22.14,21.4,21.9
BCO,2010-08-02,22.22,22.53,21.12,21.35
BCO,2010-08-03,21.23,21.41,20.93,20.95
BCO,2010-08-04,21.0,21.28,20.79,21.02
BCO,2010-08-05,20.92,21.13,20.87,20.98
BCO,2010-08-06,20.8,21.07,20.53,20.92
BCO,2010-08-09,21.0,21.25,20.94,21.22
BCO,2010-08-10,21.1,21.14,20.68,20.76
BCO,2010-08-11,20.42,20.42,19.99,20.23
BCO,2010-08-12,19.92,20.33,19.84,20.12
BCO,2010-08-13,20.02,20.34,19.89,20.12
BCO,2010-08-16,19.95,20.09,19.83,20.0
BCO,2010-08-17,20.17,20.54,20.03,20.44
BCO,2010-08-18,20.44,20.77,20.3,20.52
BCO,2010-08-19,20.4,20.4,19.97,19.99
BCO,2010-08-20,19.9,20.1,19.85,20.02
BCO,2010-08-23,20.07,20.17,19.64,19.65
BCO,2010-08-24,19.51,19.78,19.26,19.4
BCO,2010-08-25,19.33,19.84,19.33,19.79
BCO,2010-08-26,19.79,19.97,19.43,19.5
BCO,2010-08-27,19.63,19.91,19.28,19.89
BCO,2010-08-30,19.77,19.8,19.34,19.34
BCO,2010-08-31,19.27,19.28,18.85,18.87
BCO,2010-09-01,19.12,20.02,19.12,20.0
BCO,2010-09-02,19.95,20.99,19.81,20.93
BCO,2010-09-03,21.19,21.48,20.86,21.37
BCO,2010-09-07,21.36,21.37,20.99,21.08
BCO,2010-09-08,21.17,21.35,21.0,21.26
BCO,2010-09-09,21.62,21.94,21.42,21.79
BCO,2010-09-10,21.79,21.91,21.43,21.76
BCO,2010-09-13,21.83,22.5,21.83,22.43
BCO,2010-09-14,22.46,22.75,22.16,22.58
BCO,2010-09-15,22.59,22.68,22.22,22.4
BCO,2010-09-16,22.45,22.91,22.18,22.48
BCO,2010-09-17,22.64,23.09,22.47,22.7
BCO,2010-09-20,22.75,23.16,22.62,23.0
BCO,2010-09-21,22.95,23.12,22.63,22.7
BCO,2010-09-22,22.58,22.93,22.25,22.47
BCO,2010-09-23,22.26,22.89,22.08,22.35
BCO,2010-09-24,22.65,23.32,22.52,23.18
BCO,2010-09-27,23.2,23.2,22.67,22.71
BCO,2010-09-28,22.72,22.91,22.45,22.86
BCO,2010-09-29,22.72,23.19,22.72,23.12
BCO,2010-09-30,23.3,23.75,22.91,23.0
BCO,2010-10-01,23.19,23.38,22.93,23.21
BCO,2010-10-04,23.02,23.28,22.55,22.78
BCO,2010-10-05,23.04,23.46,22.84,23.39
BCO,2010-10-06,23.32,23.66,23.25,23.62
BCO,2010-10-07,23.78,23.86,22.98,23.08
BCO,2010-10-08,23.14,23.98,23.06,23.88
BCO,2010-10-11,23.93,24.09,23.62,23.81
BCO,2010-10-12,23.69,23.94,23.3,23.81
BCO,2010-10-13,24.0,24.11,23.87,23.89
BCO,2010-10-14,23.92,24.05,23.77,23.89
BCO,2010-10-15,24.0,24.0,23.6,23.64
BCO,2010-10-18,23.6,23.86,23.54,23.74
BCO,2010-10-19,23.43,24.0,23.26,23.39
BCO,2010-10-20,23.52,23.84,23.43,23.79
BCO,2010-10-21,23.92,24.04,23.58,23.9
BCO,2010-10-22,23.93,24.0,23.77,23.84
BCO,2010-10-25,24.03,24.4,23.93,23.99
BCO,2010-10-26,23.91,24.03,23.35,23.73
BCO,2010-10-27,23.55,23.69,23.22,23.64
BCO,2010-10-28,23.96,24.18,23.01,23.44
BCO,2010-10-29,23.32,23.69,23.3,23.6
BCO,2010-11-01,23.71,24.39,23.58,24.1
BCO,2010-11-02,24.36,25.2,24.36,25.1
BCO,2010-11-03,25.17,25.53,25.13,25.43
BCO,2010-11-04,25.83,26.28,25.8,26.23
BCO,2010-11-05,26.28,26.48,26.12,26.31
BCO,2010-11-08,26.23,26.32,26.0,26.12
BCO,2010-11-09,26.08,26.3,25.86,25.98
BCO,2010-11-10,26.06,26.23,25.63,26.23
BCO,2010-11-11,25.92,26.34,25.76,26.3
BCO,2010-11-12,26.04,26.3,25.6,25.61
BCO,2010-11-15,25.78,26.04,25.51,25.55
BCO,2010-11-16,25.31,25.62,25.04,25.37
BCO,2010-11-17,25.44,25.62,25.33,25.52
BCO,2010-11-18,25.76,26.18,25.5,25.72
BCO,2010-11-19,25.57,25.67,25.29,25.3
BCO,2010-11-22,25.21,25.35,25.0,25.28
BCO,2010-11-23,24.96,25.01,24.55,24.67
BCO,2010-11-24,25.0,25.79,24.8,25.79
BCO,2010-11-26,25.6,25.89,25.31,25.42
BCO,2010-11-29,25.27,25.28,24.56,25.07
BCO,2010-11-30,24.79,24.87,24.35,24.54
BCO,2010-12-01,24.94,25.64,24.88,25.61
BCO,2010-12-02,25.67,26.24,25.59,26.23
BCO,2010-12-03,26.12,26.34,25.96,26.17
BCO,2010-12-06,26.16,26.38,26.08,26.14
BCO,2010-12-07,26.44,26.7,26.23,26.49
BCO,2010-12-08,26.53,26.78,26.44,26.47
BCO,2010-12-09,26.64,26.71,25.55,25.76
BCO,2010-12-10,25.81,26.72,25.78,26.7
BCO,2010-12-13,26.7,26.76,26.14,26.15
BCO,2010-12-14,26.27,26.82,26.27,26.64
BCO,2010-12-15,26.63,27.01,26.48,26.63
BCO,2010-12-16,26.65,27.01,26.49,26.67
BCO,2010-12-17,26.65,26.71,26.42,26.47
BCO,2010-12-20,26.6,26.73,26.36,26.63
BCO,2010-12-21,26.79,26.98,26.66,26.93
BCO,2010-12-22,26.92,27.25,26.88,27.1
BCO,2010-12-23,27.05,27.42,27.02,27.08
BCO,2010-12-27,26.96,27.31,26.87,27.1
BCO,2010-12-28,27.09,27.16,26.71,26.83
BCO,2010-12-29,26.9,26.98,26.78,26.9
BCO,2010-12-30,26.91,27.15,26.88,26.95
BCO,2010-12-31,26.87,27.1,26.78,26.88
BCO,2011-01-03,27.16,27.51,26.82,27.51
BCO,2011-01-04,27.62,27.62,27.24,27.31
BCO,2011-01-05,27.22,27.99,27.1,27.79
BCO,2011-01-06,27.83,27.83,26.88,27.08
BCO,2011-01-07,27.18,27.2,26.44,26.76
BCO,2011-01-10,26.62,26.94,26.24,26.78
BCO,2011-01-11,26.88,27.17,26.73,26.86
BCO,2011-01-12,27.13,27.31,26.95,27.18
BCO,2011-01-13,27.21,27.6,27.18,27.39
BCO,2011-01-14,27.3,27.62,27.11,27.49
BCO,2011-01-18,27.36,27.82,27.36,27.82
BCO,2011-01-19,27.74,27.87,27.18,27.26
BCO,2011-01-20,27.12,27.53,27.11,27.32
BCO,2011-01-21,27.46,27.74,27.17,27.49
BCO,2011-01-24,27.49,27.85,27.24,27.57
BCO,2011-01-25,27.36,27.51,27.04,27.49
BCO,2011-01-26,27.51,28.2,27.37,27.91
BCO,2011-01-27,27.9,28.27,27.69,27.89
BCO,2011-01-28,27.78,27.86,26.56,26.56
BCO,2011-01-31,26.74,27.15,26.32,27.0
BCO,2011-02-01,27.24,28.11,27.19,27.95
BCO,2011-02-02,27.83,28.17,27.65,27.67
BCO,2011-02-03,28.5,30.32,28.09,30.19
BCO,2011-02-04,30.29,30.3,29.81,30.25
BCO,2011-02-07,30.25,30.96,30.25,30.6
BCO,2011-02-08,30.47,31.06,30.37,31.06
BCO,2011-02-09,30.87,31.22,30.71,31.01
BCO,2011-02-10,30.83,31.49,30.81,31.29
BCO,2011-02-11,31.14,31.77,31.0,31.59
BCO,2011-02-14,31.7,31.8,31.46,31.51
BCO,2011-02-15,31.37,31.79,31.34,31.57
BCO,2011-02-16,31.73,31.73,31.16,31.33
BCO,2011-02-17,31.15,31.53,31.03,31.29
BCO,2011-02-18,31.38,31.48,30.98,31.11
BCO,2011-02-22,30.71,31.08,30.21,30.26
BCO,2011-02-23,30.33,30.39,29.33,29.61
BCO,2011-02-24,29.6,30.46,29.44,29.91
BCO,2011-02-25,29.99,30.9,29.97,30.9
BCO,2011-02-28,31.04,31.25,30.75,30.87
BCO,2011-03-01,30.87,31.08,30.02,30.56
BCO,2011-03-02,30.46,31.31,30.46,30.95
BCO,2011-03-03,31.38,31.81,31.21,31.56
BCO,2011-03-04,31.6,31.6,30.69,31.18
BCO,2011-03-07,31.32,31.41,30.27,30.45
BCO,2011-03-08,30.43,32.04,30.03,31.67
BCO,2011-03-09,31.52,31.88,31.24,31.44
BCO,2011-03-10,30.85,30.85,29.29,29.42
BCO,2011-03-11,29.18,29.83,29.18,29.76
BCO,2011-03-14,29.36,30.03,29.27,29.92
BCO,2011-03-15,29.17,30.23,29.0,29.97
BCO,2011-03-16,29.88,30.34,29.66,30.11
BCO,2011-03-17,30.68,30.81,30.3,30.6
BCO,2011-03-18,31.07,31.48,30.73,31.43
BCO,2011-03-21,31.79,32.47,31.79,32.16
BCO,2011-03-22,32.07,32.28,31.87,31.95
BCO,2011-03-23,31.85,32.05,31.52,31.9
BCO,2011-03-24,32.05,32.05,31.62,31.8
BCO,2011-03-25,32.06,32.5,31.82,31.9
BCO,2011-03-28,32.0,32.03,31.45,31.58
BCO,2011-03-29,31.44,32.08,31.35,31.98
BCO,2011-03-30,32.17,33.24,32.07,33.13
BCO,2011-03-31,33.16,33.22,32.93,33.11
BCO,2011-04-01,33.21,33.36,33.07,33.16
BCO,2011-04-04,33.37,33.85,33.22,33.52
BCO,2011-04-05,33.52,34.16,33.44,33.69
BCO,2011-04-06,33.91,34.46,33.66,33.9
BCO,2011-04-07,33.91,34.16,33.52,33.83
BCO,2011-04-08,34.09,34.37,33.33,33.64
BCO,2011-04-11,33.61,33.94,33.16,33.24
BCO,2011-04-12,33.01,33.3,31.98,32.03
BCO,2011-04-13,32.25,32.28,31.7,31.91
BCO,2011-04-14,31.66,32.78,31.66,32.62
BCO,2011-04-15,32.5,33.18,32.2,33.01
BCO,2011-04-18,32.52,32.52,31.49,31.85
BCO,2011-04-19,31.95,32.36,31.83,32.25
BCO,2011-04-20,32.81,33.22,32.81,33.13
BCO,2011-04-21,33.41,33.58,33.24,33.49
BCO,2011-04-25,33.39,33.77,33.19,33.72
BCO,2011-04-26,33.78,34.45,33.56,34.28
BCO,2011-04-27,34.42,34.46,33.49,33.94
BCO,2011-04-28,33.63,34.11,32.43,33.16
BCO,2011-04-29,33.21,33.46,32.98,33.01
BCO,2011-05-02,33.15,33.28,31.06,31.19
BCO,2011-05-03,31.08,31.18,30.43,30.67
BCO,2011-05-04,30.71,31.05,30.16,30.54
BCO,2011-05-05,30.33,31.05,30.11,30.34
BCO,2011-05-06,30.66,31.1,29.66,29.85
BCO,2011-05-09,29.79,30.65,29.79,30.5
BCO,2011-05-10,30.69,30.84,30.39,30.71
BCO,2011-05-11,30.52,30.61,29.85,29.91
BCO,2011-05-12,29.7,30.71,29.7,30.65
BCO,2011-05-13,30.6,30.9,29.73,29.79
BCO,2011-05-16,29.6,29.99,28.85,28.88
BCO,2011-05-17,28.77,29.01,28.26,28.32
BCO,2011-05-18,28.36,29.15,28.29,29.07
BCO,2011-05-19,29.31,29.56,28.89,29.31
BCO,2011-05-20,29.14,29.18,28.31,28.58
BCO,2011-05-23,28.01,28.22,27.64,27.64
BCO,2011-05-24,27.65,27.86,27.19,27.23
BCO,2011-05-25,27.14,28.14,27.09,27.98
BCO,2011-05-26,27.8,28.49,27.65,28.43
BCO,2011-05-27,28.68,29.15,28.57,28.9
BCO,2011-05-31,29.34,29.79,29.09,29.75
BCO,2011-06-01,29.66,29.87,28.76,28.96
BCO,2011-06-02,28.95,29.37,28.95,29.13
BCO,2011-06-03,28.42,28.69,27.7,27.73
BCO,2011-06-06,27.61,27.82,27.25,27.34
BCO,2011-06-07,27.48,27.87,27.15,27.53
BCO,2011-06-08,27.37,27.74,27.3,27.44
BCO,2011-06-09,27.54,28.05,27.31,27.87
BCO,2011-06-10,27.58,27.88,27.45,27.69
BCO,2011-06-13,27.71,28.08,27.58,27.71
BCO,2011-06-14,27.97,28.29,27.86,28.18
BCO,2011-06-15,27.87,28.1,27.0,27.13
BCO,2011-06-16,27.19,27.56,26.75,27.06
BCO,2011-06-17,27.33,27.68,26.93,27.02
BCO,2011-06-20,26.87,27.72,26.87,27.38
BCO,2011-06-21,27.44,28.1,27.44,28.04
BCO,2011-06-22,27.86,28.49,27.86,28.09
BCO,2011-06-23,27.64,28.37,27.37,28.25
BCO,2011-06-24,28.29,28.49,27.82,28.07
BCO,2011-06-27,28.03,28.83,27.86,28.67
BCO,2011-06-28,28.71,29.52,28.68,29.48
BCO,2011-06-29,29.59,29.65,29.11,29.59
BCO,2011-06-30,29.63,30.1,29.5,29.83
BCO,2011-07-01,29.92,30.74,29.73,30.52
BCO,2011-07-05,30.55,30.67,30.38,30.53
BCO,2011-07-06,30.53,31.11,30.4,31.02
BCO,2011-07-07,31.28,31.91,31.03,31.73
BCO,2011-07-08,31.23,31.31,30.77,31.25
BCO,2011-07-11,30.76,31.09,30.45,30.7
BCO,2011-07-12,30.52,30.83,30.1,30.19
BCO,2011-07-13,30.35,30.87,30.01,30.2
BCO,2011-07-14,30.29,30.36,29.77,29.83
BCO,2011-07-15,29.81,30.34,29.48,30.23
BCO,2011-07-18,30.1,30.42,29.45,29.79
BCO,2011-07-19,30.1,30.65,29.91,30.61
BCO,2011-07-20,30.6,30.87,30.43,30.58
BCO,2011-07-21,30.76,31.38,30.71,31.2
BCO,2011-07-22,31.14,31.52,31.01,31.39
BCO,2011-07-25,31.07,31.51,30.89,31.3
BCO,2011-07-26,31.25,31.34,30.0,30.07
BCO,2011-07-27,29.85,29.85,28.87,29.25
BCO,2011-07-28,29.2,30.3,28.47,29.5
BCO,2011-07-29,29.1,30.3,28.79,29.84
BCO,2011-08-01,30.31,30.31,29.48,30.07
BCO,2011-08-02,29.81,30.37,28.69,28.97
BCO,2011-08-03,28.92,29.21,28.4,28.74
BCO,2011-08-04,28.16,28.61,26.57,26.57
BCO,2011-08-05,26.98,26.98,25.22,25.78
BCO,2011-08-08,25.0,25.79,23.14,23.16
BCO,2011-08-09,23.82,24.99,22.72,24.84
BCO,2011-08-10,23.89,24.28,22.33,22.38
BCO,2011-08-11,22.6,24.76,22.58,24.4
BCO,2011-08-12,24.69,24.76,23.67,24.15
BCO,2011-08-15,24.48,25.11,24.19,25.11
BCO,2011-08-16,24.68,25.06,24.27,24.48
BCO,2011-08-17,24.68,24.86,23.79,24.11
BCO,2011-08-18,22.86,23.27,21.85,22.29
BCO,2011-08-19,21.72,23.03,21.71,22.14
BCO,2011-08-22,22.84,22.91,22.11,22.3
BCO,2011-08-23,22.44,23.14,22.27,23.12
BCO,2011-08-24,23.04,23.99,22.99,23.92
BCO,2011-08-25,24.22,24.43,22.86,22.97
BCO,2011-08-26,22.78,24.25,22.29,24.25
BCO,2011-08-29,24.61,25.84,24.38,25.81
BCO,2011-08-30,25.64,25.78,25.12,25.59
BCO,2011-08-31,25.79,26.53,25.41,25.7
BCO,2011-09-01,25.74,25.91,24.67,24.77
BCO,2011-09-02,24.12,24.42,23.34,23.67
BCO,2011-09-06,22.56,23.54,22.54,23.44
BCO,2011-09-07,23.97,24.24,23.62,23.77
BCO,2011-09-08,23.63,23.91,23.29,23.52
BCO,2011-09-09,23.15,23.83,23.06,23.67
BCO,2011-09-12,23.13,23.89,23.13,23.87
BCO,2011-09-13,24.0,25.2,23.81,24.96
BCO,2011-09-14,25.19,25.88,24.7,25.43
BCO,2011-09-15,25.79,26.0,25.29,25.88
BCO,2011-09-16,26.07,26.4,25.76,25.91
BCO,2011-09-19,25.29,25.8,24.99,25.5
BCO,2011-09-20,25.53,26.17,24.68,24.7
BCO,2011-09-21,24.71,25.08,24.16,24.21
BCO,2011-09-22,23.19,23.88,22.81,23.52
BCO,2011-09-23,23.49,24.02,23.15,23.36
BCO,2011-09-26,23.69,24.57,23.0,24.51
BCO,2011-09-27,25.09,25.92,24.42,24.75
BCO,2011-09-28,24.73,24.9,23.49,23.49
BCO,2011-09-29,24.11,24.42,23.51,24.24
BCO,2011-09-30,23.8,24.05,23.26,23.31
BCO,2011-10-03,23.08,23.79,21.85,21.85
BCO,2011-10-04,21.58,23.8,21.53,23.72
BCO,2011-10-05,23.78,24.15,23.41,23.95
BCO,2011-10-06,23.84,25.5,23.61,25.49
BCO,2011-10-07,25.62,25.69,24.31,24.42
BCO,2011-10-10,25.03,25.54,24.8,25.54
BCO,2011-10-11,25.24,25.86,25.19,25.71
BCO,2011-10-12,25.92,26.92,25.78,26.68
BCO,2011-10-13,26.36,26.46,25.8,26.3
BCO,2011-10-14,26.67,27.25,26.42,27.24
BCO,2011-10-17,26.91,26.94,25.96,26.06
BCO,2011-10-18,26.15,27.32,25.65,27.09
BCO,2011-10-19,27.03,27.36,26.43,26.54
BCO,2011-10-20,26.64,26.64,25.91,26.55
BCO,2011-10-21,27.1,27.58,26.99,27.55
BCO,2011-10-24,27.87,28.82,27.59,28.69
BCO,2011-10-25,28.44,28.44,27.28,27.34
BCO,2011-10-26,27.88,28.42,26.54,28.23
BCO,2011-10-27,30.21,31.37,28.03,29.35
BCO,2011-10-28,29.19,29.52,28.49,28.5
BCO,2011-10-31,28.0,28.59,27.67,27.79
BCO,2011-11-01,26.36,27.16,25.99,26.26
BCO,2011-11-02,26.74,27.55,26.54,27.44
BCO,2011-11-03,27.82,27.9,27.0,27.76
BCO,2011-11-04,27.33,27.48,26.7,27.18
BCO,2011-11-07,27.16,27.37,26.08,26.95
BCO,2011-11-08,27.22,27.7,26.46,27.58
BCO,2011-11-09,26.64,26.81,25.63,25.78
BCO,2011-11-10,26.3,26.5,25.79,26.27
BCO,2011-11-11,26.68,27.35,26.55,27.11
BCO,2011-11-14,26.98,27.01,25.64,25.93
BCO,2011-11-15,25.79,27.27,25.7,26.95
BCO,2011-11-16,26.63,27.5,26.42,26.71
BCO,2011-11-17,26.72,26.74,25.71,25.85
BCO,2011-11-18,26.02,26.02,25.43,25.76
BCO,2011-11-21,25.17,25.24,24.33,24.49
BCO,2011-11-22,24.41,24.5,23.78,23.97
BCO,2011-11-23,23.72,23.86,22.57,22.82
BCO,2011-11-25,22.7,22.94,22.38,22.39
BCO,2011-11-28,23.33,23.47,23.12,23.45
BCO,2011-11-29,23.53,23.53,22.92,23.16
BCO,2011-11-30,24.45,24.64,23.91,24.62
BCO,2011-12-01,24.59,25.21,24.55,24.79
BCO,2011-12-02,25.23,25.55,24.99,25.25
BCO,2011-12-05,25.38,25.81,25.0,25.26
BCO,2011-12-06,25.21,25.96,24.96,25.75
BCO,2011-12-07,25.48,25.93,25.07,25.47
BCO,2011-12-08,25.11,25.11,23.92,24.01
BCO,2011-12-09,24.12,25.43,24.0,25.24
BCO,2011-12-12,24.85,25.02,24.63,25.01
BCO,2011-12-13,25.24,25.6,24.51,24.6
BCO,2011-12-14,24.34,24.56,24.01,24.43
BCO,2011-12-15,24.93,25.28,24.76,25.06
BCO,2011-12-16,25.39,26.39,25.08,25.27
BCO,2011-12-19,25.49,25.71,24.57,24.66
BCO,2011-12-20,25.25,26.22,25.14,25.81
BCO,2011-12-21,25.68,26.3,25.39,26.15
BCO,2011-12-22,26.2,26.81,26.02,26.52
BCO,2011-12-23,26.62,26.69,26.4,26.57
BCO,2011-12-27,26.36,27.15,26.19,27.0
BCO,2011-12-28,26.93,26.93,26.42,26.5
BCO,2011-12-29,26.59,27.21,26.55,27.14
BCO,2011-12-30,27.05,27.2,26.85,26.88
BCO,2012-01-03,27.69,27.69,27.03,27.15
BCO,2012-01-04,26.95,27.37,26.72,26.88
BCO,2012-01-05,26.68,27.05,26.21,26.78
BCO,2012-01-06,26.77,26.95,26.41,26.61
BCO,2012-01-09,26.79,26.94,25.9,26.31
BCO,2012-01-10,26.68,27.09,26.36,27.04
BCO,2012-01-11,26.85,27.64,26.77,27.57
BCO,2012-01-12,27.69,27.76,27.2,27.72
BCO,2012-01-13,27.44,27.64,27.08,27.36
BCO,2012-01-17,27.66,27.69,27.14,27.2
BCO,2012-01-18,27.23,27.44,26.91,27.43
BCO,2012-01-19,27.49,27.85,27.25,27.65
BCO,2012-01-20,27.54,27.99,27.54,27.86
BCO,2012-01-23,27.81,28.24,27.45,27.7
BCO,2012-01-24,27.43,28.15,27.43,28.07
BCO,2012-01-25,28.1,28.67,27.91,28.62
BCO,2012-01-26,28.84,28.84,28.29,28.47
BCO,2012-01-27,28.25,28.71,28.14,28.2
BCO,2012-01-30,27.8,28.11,27.46,27.9
BCO,2012-01-31,28.17,28.55,27.69,28.19
BCO,2012-02-01,28.41,29.64,28.41,29.62
BCO,2012-02-02,28.91,28.91,23.54,24.41
BCO,2012-02-03,24.01,24.84,23.98,24.59
BCO,2012-02-06,24.38,24.82,24.19,24.58
BCO,2012-02-07,24.56,24.75,24.4,24.62
BCO,2012-02-08,24.65,24.79,23.76,24.03
BCO,2012-02-09,24.18,24.46,23.68,24.13
BCO,2012-02-10,23.88,24.27,23.67,24.17
BCO,2012-02-13,24.47,24.75,24.19,24.64
BCO,2012-02-14,24.57,24.68,23.86,23.99
BCO,2012-02-15,24.17,24.21,23.4,23.57
BCO,2012-02-16,23.58,23.78,23.39,23.76
BCO,2012-02-17,23.89,23.99,23.68,23.83
BCO,2012-02-21,23.93,24.21,23.76,23.87
BCO,2012-02-22,23.75,24.27,23.75,24.13
BCO,2012-02-23,24.1,24.65,23.93,24.59
BCO,2012-02-24,24.52,24.89,24.25,24.85
BCO,2012-02-27,24.68,24.98,24.42,24.75
BCO,2012-02-28,24.42,25.3,23.91,25.27
BCO,2012-02-29,25.28,25.43,25.0,25.25
BCO,2012-03-01,25.36,25.53,25.16,25.4
BCO,2012-03-02,25.3,25.74,24.88,25.37
BCO,2012-03-05,25.23,25.58,25.05,25.51
BCO,2012-03-06,25.09,25.24,24.44,24.75
BCO,2012-03-07,24.8,24.8,24.57,24.64
BCO,2012-03-08,24.8,25.09,24.48,25.05
BCO,2012-03-09,25.1,25.8,25.01,25.59
BCO,2012-03-12,25.55,25.58,25.1,25.2
BCO,2012-03-13,25.43,25.53,25.19,25.5
BCO,2012-03-14,25.44,25.58,24.95,25.09
BCO,2012-03-15,25.15,25.37,24.81,25.34
BCO,2012-03-16,25.32,25.58,25.14,25.37
BCO,2012-03-19,25.37,25.75,25.1,25.45
BCO,2012-03-20,25.2,25.36,24.85,24.88
BCO,2012-03-21,24.97,25.07,24.77,24.8
BCO,2012-03-22,24.52,24.72,24.24,24.52
BCO,2012-03-23,24.53,24.53,24.28,24.44
BCO,2012-03-26,24.7,25.46,24.69,25.46
BCO,2012-03-27,25.52,25.67,25.14,25.16
BCO,2012-03-28,25.14,25.55,24.93,25.0
BCO,2012-03-29,24.73,24.82,24.28,24.32
BCO,2012-03-30,24.5,24.5,23.87,23.87
BCO,2012-04-02,23.81,24.05,23.8,23.95
BCO,2012-04-03,23.98,24.1,23.6,23.75
BCO,2012-04-04,23.56,23.58,22.44,22.61
BCO,2012-04-05,22.5,22.7,22.35,22.4
BCO,2012-04-09,22.09,22.38,21.96,22.26
BCO,2012-04-10,22.24,22.27,21.85,21.96
BCO,2012-04-11,22.23,22.28,22.06,22.16
BCO,2012-04-12,22.12,22.95,22.1,22.78
BCO,2012-04-13,22.63,22.77,22.11,22.27
BCO,2012-04-16,22.44,22.5,21.93,22.04
BCO,2012-04-17,22.22,22.87,22.22,22.49
BCO,2012-04-18,22.32,22.42,22.09,22.23
BCO,2012-04-19,22.25,22.62,22.04,22.15
BCO,2012-04-20,22.39,22.68,22.19,22.19
BCO,2012-04-23,21.85,21.94,21.54,21.68
BCO,2012-04-24,21.65,22.08,21.6,21.9
BCO,2012-04-25,22.24,22.47,21.93,22.0
BCO,2012-04-26,23.01,26.73,23.0,25.61
BCO,2012-04-27,25.77,26.43,25.62,25.98
BCO,2012-04-30,25.98,25.98,25.35,25.4
BCO,2012-05-01,25.41,25.85,25.08,25.17
BCO,2012-05-02,25.01,25.1,24.65,24.79
BCO,2012-05-03,24.78,24.99,24.21,24.4
BCO,2012-05-04,24.27,24.38,23.86,24.13
BCO,2012-05-07,24.04,24.72,23.99,24.3
BCO,2012-05-08,24.12,24.92,24.12,24.85
BCO,2012-05-09,24.46,24.97,24.34,24.64
BCO,2012-05-10,24.88,24.88,24.39,24.56
BCO,2012-05-11,24.35,25.11,24.35,24.71
BCO,2012-05-14,24.25,24.59,23.86,23.86
BCO,2012-05-15,23.8,24.05,23.47,23.68
BCO,2012-05-16,23.81,24.22,23.51,23.51
BCO,2012-05-17,23.57,23.75,22.6,22.6
BCO,2012-05-18,22.59,22.75,22.19,22.44
BCO,2012-05-21,22.54,23.33,22.43,23.33
BCO,2012-05-22,23.35,23.6,22.94,23.12
BCO,2012-05-23,22.83,23.52,22.67,23.45
BCO,2012-05-24,23.45,23.65,23.11,23.55
BCO,2012-05-25,23.56,23.56,23.16,23.23
BCO,2012-05-29,23.55,23.66,22.96,23.49
BCO,2012-05-30,23.15,23.29,22.85,23.03
BCO,2012-05-31,22.99,22.99,22.36,22.77
BCO,2012-06-01,22.12,22.45,21.78,21.79
BCO,2012-06-04,21.89,22.11,21.16,21.56
BCO,2012-06-05,21.46,21.91,21.29,21.91
BCO,2012-06-06,22.18,22.6,22.04,22.6
BCO,2012-06-07,23.04,23.47,22.48,22.51
BCO,2012-06-08,22.44,23.12,22.26,23.1
BCO,2012-06-11,23.4,23.47,22.3,22.34
BCO,2012-06-12,22.47,22.47,21.83,22.08
BCO,2012-06-13,21.99,22.11,21.41,21.55
BCO,2012-06-14,21.65,22.37,21.65,22.08
BCO,2012-06-15,22.17,22.6,22.17,22.32
BCO,2012-06-18,21.79,22.14,21.65,22.05
BCO,2012-06-19,22.16,22.58,22.15,22.42
BCO,2012-06-20,22.47,22.64,21.86,22.06
BCO,2012-06-21,22.05,22.27,21.21,21.34
BCO,2012-06-22,21.48,21.67,21.35,21.51
BCO,2012-06-25,21.09,21.34,20.91,21.05
BCO,2012-06-26,21.12,21.65,21.12,21.59
BCO,2012-06-27,21.69,22.24,21.56,22.2
BCO,2012-06-28,21.99,22.72,21.95,22.71
BCO,2012-06-29,23.29,23.32,23.06,23.18
BCO,2012-07-02,23.26,23.42,22.78,22.94
BCO,2012-07-03,23.02,23.43,22.94,23.35
BCO,2012-07-05,23.29,23.56,22.93,22.96
BCO,2012-07-06,22.64,22.67,22.34,22.39
BCO,2012-07-09,22.31,22.49,22.21,22.35
BCO,2012-07-10,22.49,22.66,22.07,22.35
BCO,2012-07-11,22.33,22.83,22.3,22.4
BCO,2012-07-12,22.2,22.67,22.02,22.55
BCO,2012-07-13,22.61,23.08,22.6,22.95
BCO,2012-07-16,22.83,23.08,22.51,23.06
BCO,2012-07-17,23.14,23.87,23.1,23.48
BCO,2012-07-18,23.42,24.06,23.29,23.72
BCO,2012-07-19,23.85,24.02,23.4,23.4
BCO,2012-07-20,23.07,23.37,23.02,23.08
BCO,2012-07-23,22.52,23.33,22.31,23.16
BCO,2012-07-24,23.19,23.19,22.32,22.55
BCO,2012-07-25,22.68,22.94,22.38,22.85
BCO,2012-07-26,22.89,23.6,21.91,23.51
BCO,2012-07-27,23.72,23.72,22.54,23.25
BCO,2012-07-30,23.3,23.59,22.97,23.02
BCO,2012-07-31,22.91,23.56,22.91,23.2
BCO,2012-08-01,23.34,23.44,22.48,22.49
BCO,2012-08-02,22.18,22.24,21.7,21.93
BCO,2012-08-03,22.38,22.86,22.26,22.45
BCO,2012-08-06,22.42,22.94,22.42,22.84
BCO,2012-08-07,23.0,23.03,22.72,22.95
BCO,2012-08-08,22.8,23.13,22.43,22.97
BCO,2012-08-09,22.91,23.15,22.7,22.79
BCO,2012-08-10,22.7,22.93,22.6,22.83
BCO,2012-08-13,22.78,22.84,22.21,22.56
BCO,2012-08-14,22.76,22.81,22.46,22.57
BCO,2012-08-15,22.47,23.1,22.47,23.03
BCO,2012-08-16,22.98,23.41,22.91,23.34
BCO,2012-08-17,23.3,23.64,23.13,23.36
BCO,2012-08-20,23.27,23.48,23.05,23.2
BCO,2012-08-21,23.33,23.69,23.1,23.18
BCO,2012-08-22,23.06,23.08,22.68,22.8
BCO,2012-08-23,22.8,22.85,22.44,22.73
BCO,2012-08-24,22.6,22.96,22.6,22.65
BCO,2012-08-27,22.78,22.86,22.34,22.39
BCO,2012-08-28,22.33,22.61,22.25,22.53
BCO,2012-08-29,22.55,22.74,22.46,22.53
BCO,2012-08-30,22.31,22.53,22.05,22.16
BCO,2012-08-31,22.42,22.42,21.94,22.26
BCO,2012-09-04,22.22,22.65,21.77,22.41
BCO,2012-09-05,22.35,22.66,22.17,22.6
BCO,2012-09-06,22.83,23.52,22.65,23.31
BCO,2012-09-07,23.48,24.78,23.35,24.69
BCO,2012-09-10,24.62,25.07,24.6,24.6
BCO,2012-09-11,24.68,24.68,24.24,24.33
BCO,2012-09-12,24.4,24.54,24.12,24.3
BCO,2012-09-13,24.29,24.98,24.21,24.95
BCO,2012-09-14,24.95,25.13,24.63,24.81
BCO,2012-09-17,24.72,25.18,24.58,25.0
BCO,2012-09-18,24.87,24.87,24.31,24.75
BCO,2012-09-19,24.85,25.11,24.65,25.07
BCO,2012-09-20,24.86,25.18,24.79,25.04
BCO,2012-09-21,25.3,25.31,24.99,25.01
BCO,2012-09-24,24.75,25.78,24.59,25.54
BCO,2012-09-25,25.6,25.64,25.09,25.24
BCO,2012-09-26,25.31,25.38,25.07,25.19
BCO,2012-09-27,25.35,25.54,25.06,25.47
BCO,2012-09-28,25.35,25.82,25.35,25.69
BCO,2012-10-01,25.78,25.91,25.46,25.68
BCO,2012-10-02,25.75,25.75,25.24,25.51
BCO,2012-10-03,25.56,25.64,25.22,25.38
BCO,2012-10-04,25.49,25.67,25.21,25.67
BCO,2012-10-05,25.82,26.16,25.7,26.0
BCO,2012-10-08,26.4,26.42,25.87,26.42
BCO,2012-10-09,26.36,26.39,26.15,26.39
BCO,2012-10-10,26.39,26.46,26.22,26.31
BCO,2012-10-11,26.48,26.82,26.33,26.5
BCO,2012-10-12,26.44,26.74,26.44,26.65
BCO,2012-10-15,26.68,27.17,26.65,27.11
BCO,2012-10-16,27.27,27.92,27.24,27.6
BCO,2012-10-17,27.6,27.66,27.35,27.45
BCO,2012-10-18,27.48,27.98,27.21,27.95
BCO,2012-10-19,27.77,27.77,27.26,27.53
BCO,2012-10-22,27.48,27.65,27.32,27.47
BCO,2012-10-23,27.12,27.56,26.9,27.39
BCO,2012-10-24,27.5,27.5,27.16,27.38
BCO,2012-10-25,26.42,27.17,25.42,25.58
BCO,2012-10-26,25.66,25.94,25.04,25.42
BCO,2012-10-31,25.41,26.34,25.15,26.31
BCO,2012-11-01,26.28,26.84,26.14,26.8
BCO,2012-11-02,27.0,27.01,26.19,26.2
BCO,2012-11-05,26.16,28.74,26.06,27.69
BCO,2012-11-06,27.88,28.36,27.69,28.29
BCO,2012-11-07,28.01,28.07,27.17,27.25
BCO,2012-11-08,26.96,27.38,26.86,26.86
BCO,2012-11-09,26.66,27.13,26.55,26.71
BCO,2012-11-12,26.78,26.95,26.34,26.58
BCO,2012-11-13,26.44,26.96,26.18,26.7
BCO,2012-11-14,26.83,27.0,25.7,25.74
BCO,2012-11-15,25.75,25.97,25.11,25.19
BCO,2012-11-16,25.19,25.48,24.67,25.38
BCO,2012-11-19,25.69,26.25,25.61,26.24
BCO,2012-11-20,26.17,26.69,25.93,26.31
BCO,2012-11-21,26.38,26.54,26.13,26.41
BCO,2012-11-23,26.56,26.87,26.41,26.83
BCO,2012-11-26,26.71,27.08,26.49,27.08
BCO,2012-11-27,27.07,27.12,26.79,26.94
BCO,2012-11-28,26.86,27.2,26.65,27.17
BCO,2012-11-29,27.49,27.85,27.39,27.56
BCO,2012-11-30,27.66,27.71,27.3,27.46
BCO,2012-12-03,27.7,27.82,27.43,27.71
BCO,2012-12-04,27.73,28.37,27.73,28.26
BCO,2012-12-05,28.38,28.75,28.25,28.44
BCO,2012-12-06,28.38,28.72,28.33,28.48
BCO,2012-12-07,28.6,28.64,28.3,28.51
BCO,2012-12-10,28.54,29.02,28.4,28.99
BCO,2012-12-11,29.2,29.65,29.03,29.4
BCO,2012-12-12,29.62,29.87,28.69,28.76
BCO,2012-12-13,28.71,28.77,28.31,28.43
BCO,2012-12-14,28.36,29.02,28.17,28.27
BCO,2012-12-17,28.43,28.85,28.04,28.82
BCO,2012-12-18,28.77,29.21,28.62,29.18
BCO,2012-12-19,29.16,29.23,28.81,28.98
BCO,2012-12-20,29.03,29.49,29.03,29.36
BCO,2012-12-21,29.13,29.16,28.15,28.51
BCO,2012-12-24,28.46,28.67,28.15,28.45
BCO,2012-12-26,28.43,28.66,27.88,28.41
BCO,2012-12-27,28.42,28.54,27.84,28.24
BCO,2012-12-28,28.08,28.45,27.93,28.07
BCO,2012-12-31,28.01,28.55,27.85,28.53
BCO,2013-01-02,29.37,30.18,29.25,30.14
BCO,2013-01-03,30.13,30.13,29.68,29.86
BCO,2013-01-04,30.04,30.17,29.69,30.08
BCO,2013-01-07,29.83,30.17,29.83,30.07
BCO,2013-01-08,30.05,30.2,29.8,30.03
BCO,2013-01-09,30.14,30.35,29.91,30.12
BCO,2013-01-10,30.28,30.28,29.56,29.97
BCO,2013-01-11,30.03,30.34,29.82,30.16
BCO,2013-01-14,30.13,30.31,29.89,30.18
BCO,2013-01-15,29.95,30.51,29.95,30.45
BCO,2013-01-16,30.18,30.36,28.64,28.94
BCO,2013-01-17,28.95,29.82,28.95,29.67
BCO,2013-01-18,29.73,30.35,29.58,30.25
BCO,2013-01-22,30.19,30.62,29.99,30.55
BCO,2013-01-23,30.45,30.57,30.2,30.38
BCO,2013-01-24,30.28,30.5,30.05,30.16
BCO,2013-01-25,30.24,30.24,29.69,29.9
BCO,2013-01-28,29.97,30.53,29.94,30.49
BCO,2013-01-29,30.49,30.75,30.07,30.5
BCO,2013-01-30,30.37,30.49,29.94,30.09
BCO,2013-01-31,29.99,30.0,29.65,29.82
BCO,2013-02-01,29.51,29.51,26.5,27.75
BCO,2013-02-04,27.34,27.49,26.79,27.27
BCO,2013-02-05,27.44,27.44,26.66,26.93
BCO,2013-02-06,26.75,27.25,26.69,27.17
BCO,2013-02-07,27.23,27.28,26.96,27.17
BCO,2013-02-08,27.16,27.34,26.93,27.04
BCO,2013-02-11,26.99,26.99,26.73,26.82
BCO,2013-02-12,26.81,27.0,26.75,26.79
BCO,2013-02-13,26.93,26.98,26.64,26.77
BCO,2013-02-14,26.74,26.87,26.56,26.62
BCO,2013-02-15,26.7,26.85,26.52,26.54
BCO,2013-02-19,26.62,26.86,26.45,26.77
BCO,2013-02-20,26.62,26.66,25.97,26.2
BCO,2013-02-21,26.21,26.51,26.01,26.12
BCO,2013-02-22,26.3,26.35,26.15,26.35
BCO,2013-02-25,26.47,26.8,26.02,26.02
BCO,2013-02-26,26.13,26.25,25.9,26.19
BCO,2013-02-27,26.13,26.6,26.03,26.36
BCO,2013-02-28,26.3,26.75,26.23,26.45
BCO,2013-03-01,26.28,26.71,26.04,26.65
BCO,2013-03-04,26.53,26.78,26.3,26.65
BCO,2013-03-05,26.8,27.0,26.75,26.8
BCO,2013-03-06,26.96,27.24,26.64,26.69
BCO,2013-03-07,26.73,27.0,26.65,27.0
BCO,2013-03-08,27.29,27.33,26.87,27.15
BCO,2013-03-11,27.07,27.14,26.92,27.12
BCO,2013-03-12,27.08,27.31,27.0,27.24
BCO,2013-03-13,27.3,27.42,27.15,27.39
BCO,2013-03-14,27.42,28.14,27.28,28.14
BCO,2013-03-15,28.25,28.29,27.64,28.12
BCO,2013-03-18,27.79,28.33,27.63,28.05
BCO,2013-03-19,28.11,28.43,27.73,27.9
BCO,2013-03-20,28.11,28.34,28.06,28.21
BCO,2013-03-21,27.95,28.23,27.45,27.66
BCO,2013-03-22,27.75,27.81,27.51,27.69
BCO,2013-03-25,27.79,27.98,27.39,27.76
BCO,2013-03-26,27.88,28.18,27.88,28.14
BCO,2013-03-27,27.98,28.21,27.85,28.11
BCO,2013-03-28,28.21,28.36,28.12,28.26
BCO,2013-04-01,28.26,28.36,27.5,27.65
BCO,2013-04-02,27.84,27.84,27.18,27.31
BCO,2013-04-03,27.33,27.56,26.62,26.62
BCO,2013-04-04,26.67,26.84,26.41,26.46
BCO,2013-04-05,26.1,26.23,25.82,25.9
BCO,2013-04-08,26.03,26.12,25.7,25.96
BCO,2013-04-09,26.02,26.14,25.81,25.96
BCO,2013-04-10,26.09,26.81,25.95,26.72
BCO,2013-04-11,26.71,26.85,26.43,26.6
BCO,2013-04-12,26.42,26.63,26.27,26.51
BCO,2013-04-15,26.38,26.49,24.94,25.0
BCO,2013-04-16,25.26,25.62,25.03,25.53
BCO,2013-04-17,25.36,25.46,24.65,24.8
BCO,2013-04-18,24.8,24.84,24.07,24.37
BCO,2013-04-19,24.43,25.21,24.28,25.07
BCO,2013-04-22,25.12,25.12,24.23,24.56
BCO,2013-04-23,24.78,25.02,24.53,24.77
BCO,2013-04-24,24.8,25.18,24.68,24.94
BCO,2013-04-25,25.33,27.87,25.33,27.56
BCO,2013-04-26,27.38,27.38,26.3,26.46
BCO,2013-04-29,26.67,26.86,26.2,26.73
BCO,2013-04-30,26.71,26.79,26.08,26.51
BCO,2013-05-01,26.36,26.57,25.11,25.11
BCO,2013-05-02,25.26,25.97,24.89,25.84
BCO,2013-05-03,26.1,27.08,26.1,26.44
BCO,2013-05-06,26.48,26.74,26.28,26.6
BCO,2013-05-07,26.66,27.11,26.51,27.11
BCO,2013-05-08,27.04,27.19,26.63,27.07
BCO,2013-05-09,27.0,27.0,26.65,26.89
BCO,2013-05-10,26.99,26.99,26.45,26.7
BCO,2013-05-13,26.68,26.69,26.12,26.56
BCO,2013-05-14,26.53,27.0,26.52,26.88
BCO,2013-05-15,26.89,27.05,26.54,27.01
BCO,2013-05-16,26.89,27.05,26.68,26.82
BCO,2013-05-17,26.9,27.0,26.88,26.98
BCO,2013-05-20,26.82,27.08,26.75,27.04
BCO,2013-05-21,27.04,27.26,26.9,27.04
BCO,2013-05-22,27.06,27.45,26.46,26.62
BCO,2013-05-23,26.31,27.04,26.05,26.98
BCO,2013-05-24,26.76,27.31,26.51,27.23
BCO,2013-05-28,27.53,27.91,26.89,27.12
BCO,2013-05-29,26.95,27.1,26.61,26.92
BCO,2013-05-30,26.96,27.05,26.74,26.84
BCO,2013-05-31,26.65,27.22,26.61,26.83
BCO,2013-06-03,26.91,27.29,26.55,27.13
BCO,2013-06-04,27.11,27.31,26.69,27.1
BCO,2013-06-05,26.98,26.98,26.43,26.57
BCO,2013-06-06,26.55,26.67,26.17,26.48
BCO,2013-06-07,26.71,26.81,26.15,26.72
BCO,2013-06-10,26.79,27.36,26.6,27.14
BCO,2013-06-11,26.79,26.99,26.31,26.75
BCO,2013-06-12,27.0,27.0,26.27,26.29
BCO,2013-06-13,26.28,26.95,26.03,26.86
BCO,2013-06-14,26.87,26.95,26.61,26.65
BCO,2013-06-17,26.91,26.92,26.59,26.75
BCO,2013-06-18,26.8,27.34,26.75,27.24
BCO,2013-06-19,27.16,27.34,26.35,26.49
BCO,2013-06-20,26.08,26.09,25.13,25.61
BCO,2013-06-21,25.76,25.93,25.47,25.69
BCO,2013-06-24,25.25,25.75,25.08,25.48
BCO,2013-06-25,25.78,25.78,25.24,25.62
BCO,2013-06-26,25.89,25.89,25.51,25.53
BCO,2013-06-27,25.72,25.72,25.54,25.58
BCO,2013-06-28,25.49,26.02,25.28,25.51
BCO,2013-07-01,25.7,26.11,25.56,26.02
BCO,2013-07-02,26.02,26.47,25.83,26.24
BCO,2013-07-03,26.04,26.67,25.97,26.41
BCO,2013-07-05,26.79,26.79,26.16,26.7
BCO,2013-07-08,26.81,27.1,26.64,27.08
BCO,2013-07-09,27.14,27.53,26.79,27.32
BCO,2013-07-10,27.26,27.67,26.93,27.21
BCO,2013-07-11,27.54,27.54,26.78,27.0
BCO,2013-07-12,26.94,27.0,26.59,26.88
BCO,2013-07-15,26.92,27.05,26.77,26.99
BCO,2013-07-16,26.96,27.44,26.89,27.06
BCO,2013-07-17,27.13,27.45,26.95,27.21
BCO,2013-07-18,27.24,27.94,27.15,27.88
BCO,2013-07-19,27.74,27.76,27.15,27.6
BCO,2013-07-22,27.55,27.63,27.22,27.35
BCO,2013-07-23,27.36,27.57,27.12,27.4
BCO,2013-07-24,27.5,27.5,26.88,27.03
BCO,2013-07-25,26.9,27.59,26.31,27.03
BCO,2013-07-26,26.8,27.0,26.52,26.71
BCO,2013-07-29,26.61,26.69,25.93,26.05
BCO,2013-07-30,26.15,26.34,25.68,26.34
BCO,2013-07-31,26.38,27.04,26.3,26.73
BCO,2013-08-01,27.02,27.52,26.95,27.42
BCO,2013-08-02,27.37,27.65,27.16,27.57
BCO,2013-08-05,27.5,27.76,27.23,27.76
BCO,2013-08-06,27.65,27.65,27.22,27.56
BCO,2013-08-07,27.4,27.54,27.02,27.42
BCO,2013-08-08,27.65,27.99,27.56,27.92
BCO,2013-08-09,27.81,27.97,27.68,27.85
BCO,2013-08-12,27.74,28.5,27.61,28.47
BCO,2013-08-13,28.5,28.5,28.0,28.39
BCO,2013-08-14,28.31,28.48,28.17,28.25
BCO,2013-08-15,27.93,28.02,27.62,27.78
BCO,2013-08-16,27.61,27.85,27.51,27.76
BCO,2013-08-19,27.69,27.82,27.47,27.55
BCO,2013-08-20,27.56,27.9,27.41,27.87
BCO,2013-08-21,27.74,27.83,27.43,27.43
BCO,2013-08-22,27.49,27.78,27.23,27.61
BCO,2013-08-23,27.63,27.76,27.23,27.55
BCO,2013-08-26,27.53,27.8,27.3,27.6
BCO,2013-08-27,27.28,27.28,26.7,26.7
BCO,2013-08-28,26.66,26.88,26.49,26.57
BCO,2013-08-29,26.55,26.73,26.5,26.64
BCO,2013-08-30,26.56,26.66,25.41,25.83
BCO,2013-09-03,26.14,26.33,25.51,26.14
BCO,2013-09-04,26.13,26.26,25.99,26.17
BCO,2013-09-05,26.13,26.21,25.94,26.0
BCO,2013-09-06,26.16,26.16,25.54,25.82
BCO,2013-09-09,25.95,26.17,25.93,26.14
BCO,2013-09-10,26.28,26.84,26.1,26.81
BCO,2013-09-11,26.7,27.05,26.62,26.91
BCO,2013-09-12,26.95,27.2,26.95,27.01
BCO,2013-09-13,27.18,27.25,26.97,27.15
BCO,2013-09-16,27.59,27.6,27.18,27.21
BCO,2013-09-17,27.21,27.54,26.99,27.37
BCO,2013-09-18,27.32,27.51,26.75,27.5
BCO,2013-09-19,27.49,27.64,27.2,27.58
BCO,2013-09-20,27.73,28.0,27.53,27.86
BCO,2013-09-23,27.83,27.88,27.48,27.72
BCO,2013-09-24,27.83,28.34,27.65,28.11
BCO,2013-09-25,28.2,28.3,27.64,27.9
BCO,2013-09-26,27.92,28.16,27.77,28.12
BCO,2013-09-27,27.87,28.07,27.66,27.86
BCO,2013-09-30,27.86,28.76,27.79,28.3
BCO,2013-10-01,28.33,28.76,28.09,28.48
BCO,2013-10-02,28.3,28.3,27.74,27.81
BCO,2013-10-03,27.8,27.88,27.32,27.54
BCO,2013-10-04,27.5,27.64,27.39,27.51
BCO,2013-10-07,27.25,27.47,27.0,27.0
BCO,2013-10-08,27.04,27.13,26.68,26.68
BCO,2013-10-09,26.71,26.88,26.58,26.72
BCO,2013-10-10,27.06,27.16,26.85,27.15
BCO,2013-10-11,27.01,27.79,26.89,27.71
BCO,2013-10-14,27.58,28.21,27.58,28.2
BCO,2013-10-15,28.08,28.35,27.95,28.09
BCO,2013-10-16,28.3,28.64,28.2,28.48
BCO,2013-10-17,28.25,28.96,28.25,28.68
BCO,2013-10-18,29.0,29.5,28.93,29.47
BCO,2013-10-21,29.43,29.62,29.3,29.45
BCO,2013-10-22,29.5,29.73,29.26,29.62
BCO,2013-10-23,29.47,29.55,29.04,29.32
BCO,2013-10-24,30.0,32.67,29.9,30.62
BCO,2013-10-25,30.75,32.14,30.6,32.02
BCO,2013-10-28,31.98,31.98,31.06,31.21
BCO,2013-10-29,31.42,31.72,30.9,31.25
BCO,2013-10-30,31.37,31.55,31.1,31.37
BCO,2013-10-31,31.4,31.78,31.37,31.4
BCO,2013-11-01,31.42,31.74,31.07,31.49
BCO,2013-11-04,31.5,31.89,31.39,31.67
BCO,2013-11-05,31.59,31.74,31.28,31.37
BCO,2013-11-06,31.58,31.67,31.17,31.26
BCO,2013-11-07,31.33,31.46,30.8,30.93
BCO,2013-11-08,30.9,31.61,30.9,31.57
BCO,2013-11-11,31.45,31.69,31.18,31.31
BCO,2013-11-12,31.27,31.83,31.27,31.79
BCO,2013-11-13,31.53,32.14,31.53,32.14
BCO,2013-11-14,32.03,32.6,31.96,32.17
BCO,2013-11-15,32.17,32.4,32.07,32.3
BCO,2013-11-18,32.37,32.86,32.2,32.46
BCO,2013-11-19,32.42,32.78,32.13,32.65
BCO,2013-11-20,32.82,33.04,32.33,32.46
BCO,2013-11-21,32.49,33.41,32.38,33.21
BCO,2013-11-22,33.26,33.5,32.71,33.46
BCO,2013-11-25,33.36,33.49,33.09,33.2
BCO,2013-11-26,33.16,33.77,32.57,33.57
BCO,2013-11-27,33.6,33.91,33.31,33.69
BCO,2013-11-29,33.75,33.87,33.36,33.53
BCO,2013-12-02,33.64,33.97,33.18,33.61
BCO,2013-12-03,33.43,33.5,32.86,32.92
BCO,2013-12-04,32.8,33.3,32.59,32.86
BCO,2013-12-05,32.82,33.21,32.77,33.2
BCO,2013-12-06,33.35,33.94,33.24,33.65
BCO,2013-12-09,33.74,33.85,33.16,33.28
BCO,2013-12-10,33.17,33.47,32.65,32.68
BCO,2013-12-11,32.79,32.8,31.89,31.99
BCO,2013-12-12,31.99,32.34,31.93,32.11
BCO,2013-12-13,32.14,32.43,31.9,32.18
BCO,2013-12-16,32.37,33.03,32.13,32.89
BCO,2013-12-17,32.83,33.06,32.42,32.91
BCO,2013-12-18,32.92,33.68,32.76,33.68
BCO,2013-12-19,33.64,33.81,32.32,32.8
BCO,2013-12-20,32.85,33.48,32.59,33.22
BCO,2013-12-23,33.3,34.0,33.05,33.95
BCO,2013-12-24,33.94,34.41,33.76,34.3
BCO,2013-12-26,34.36,34.76,34.0,34.28
BCO,2013-12-27,34.44,34.44,33.9,34.37
BCO,2013-12-30,34.34,34.71,34.16,34.44
BCO,2013-12-31,34.45,34.56,34.08,34.14
BCO,2014-01-02,34.14,34.27,33.28,33.41
BCO,2014-01-03,33.41,34.33,33.41,34.13
BCO,2014-01-06,34.4,34.54,33.7,33.78
BCO,2014-01-07,33.9,34.58,33.84,34.32
BCO,2014-01-08,34.32,34.97,34.16,34.45
BCO,2014-01-09,34.48,34.73,34.04,34.4
BCO,2014-01-10,34.47,34.98,34.0,34.82
BCO,2014-01-13,34.68,34.98,33.93,34.15
BCO,2014-01-14,34.22,34.36,34.06,34.32
BCO,2014-01-15,34.44,35.43,34.32,35.35
BCO,2014-01-16,35.23,35.47,34.74,34.95
BCO,2014-01-17,34.82,35.21,34.75,35.04
BCO,2014-01-21,35.32,35.32,34.6,35.2
BCO,2014-01-22,35.2,35.73,35.09,35.57
BCO,2014-01-23,35.45,35.62,34.79,34.9
BCO,2014-01-24,34.55,34.56,32.78,32.96
BCO,2014-01-27,33.0,33.09,31.84,32.41
BCO,2014-01-28,32.35,32.81,32.14,32.6
BCO,2014-01-29,32.35,32.69,31.94,32.05
BCO,2014-01-30,32.23,33.31,32.0,32.84
BCO,2014-01-31,32.17,32.45,31.54,31.64
BCO,2014-02-03,31.45,31.85,30.12,30.19
BCO,2014-02-04,30.27,30.93,29.91,30.84
BCO,2014-02-05,30.71,31.0,30.39,30.7
BCO,2014-02-06,30.81,31.06,30.66,30.79
BCO,2014-02-07,30.99,31.32,30.96,31.18
BCO,2014-02-10,31.2,31.22,30.62,30.88
BCO,2014-02-11,30.82,31.34,30.8,31.23
BCO,2014-02-12,31.2,31.71,31.16,31.29
BCO,2014-02-13,31.0,31.69,31.0,31.62
BCO,2014-02-14,31.59,31.71,31.2,31.66
BCO,2014-02-18,31.65,31.65,31.24,31.47
BCO,2014-02-19,31.3,31.3,30.71,30.71
BCO,2014-02-20,30.8,31.0,30.64,30.96
BCO,2014-02-21,31.04,31.28,30.76,31.15
BCO,2014-02-24,31.17,31.52,30.55,30.57
BCO,2014-02-25,30.58,30.7,29.91,30.42
BCO,2014-02-26,30.54,31.07,30.32,30.7
BCO,2014-02-27,30.59,30.84,30.51,30.71
BCO,2014-02-28,30.78,30.86,30.33,30.41
BCO,2014-03-03,30.1,30.22,29.56,29.99
BCO,2014-03-04,30.45,30.94,30.4,30.41
BCO,2014-03-05,30.37,30.51,29.96,30.0
BCO,2014-03-06,30.2,30.52,30.1,30.41
BCO,2014-03-07,30.51,31.02,30.32,30.48
BCO,2014-03-10,30.51,30.69,30.3,30.31
BCO,2014-03-11,30.31,30.43,29.87,30.0
BCO,2014-03-12,29.73,30.04,29.42,29.69
BCO,2014-03-13,29.83,29.94,29.3,29.42
BCO,2014-03-14,29.27,29.78,29.17,29.19
BCO,2014-03-17,29.4,29.86,29.19,29.22
BCO,2014-03-18,29.29,29.6,29.2,29.4
BCO,2014-03-19,29.36,29.52,28.89,29.01
BCO,2014-03-20,28.96,29.33,28.88,29.21
BCO,2014-03-21,29.29,29.38,28.83,28.91
BCO,2014-03-24,28.96,29.12,28.56,28.82
BCO,2014-03-25,28.98,29.13,28.47,28.87
BCO,2014-03-26,29.1,29.13,27.92,27.93
BCO,2014-03-27,28.1,28.13,27.59,27.69
BCO,2014-03-28,27.72,28.27,27.68,27.8
BCO,2014-03-31,28.01,28.6,27.81,28.55
BCO,2014-04-01,28.64,29.37,28.56,29.32
BCO,2014-04-02,29.43,30.1,29.17,30.02
BCO,2014-04-03,30.09,30.18,29.94,30.05
BCO,2014-04-04,30.31,30.56,29.46,29.55
BCO,2014-04-07,29.43,29.57,28.63,28.95
BCO,2014-04-08,28.93,29.66,28.93,29.44
BCO,2014-04-09,29.6,29.64,29.17,29.51
BCO,2014-04-10,29.46,29.68,29.14,29.23
BCO,2014-04-11,28.9,29.26,28.69,28.77
BCO,2014-04-14,29.15,29.15,28.4,28.57
BCO,2014-04-15,25.59,26.77,24.85,25.34
BCO,2014-04-16,25.63,25.7,24.8,25.37
BCO,2014-04-17,25.37,25.85,24.99,25.58
BCO,2014-04-21,25.62,25.84,25.48,25.72
BCO,2014-04-22,25.72,26.37,25.63,26.3
BCO,2014-04-23,26.27,26.36,24.83,24.85
BCO,2014-04-24,24.59,25.62,24.25,25.21
BCO,2014-04-25,25.08,25.15,24.71,25.1
BCO,2014-04-28,25.26,25.54,24.88,25.22
BCO,2014-04-29,25.33,25.56,25.28,25.37
BCO,2014-04-30,25.33,25.55,24.63,25.44
BCO,2014-05-01,25.45,25.45,24.33,24.48
BCO,2014-05-02,24.55,24.93,24.47,24.71
BCO,2014-05-05,24.62,24.83,24.28,24.8
BCO,2014-05-06,24.77,24.82,24.54,24.71
BCO,2014-05-07,24.83,24.94,24.51,24.9
BCO,2014-05-08,24.79,25.36,24.73,25.0
BCO,2014-05-09,24.88,25.36,24.78,25.25
BCO,2014-05-12,25.74,26.13,25.4,26.01
BCO,2014-05-13,26.04,26.13,25.62,25.73
BCO,2014-05-14,25.72,25.82,25.16,25.22
BCO,2014-05-15,25.05,25.61,24.9,25.52
BCO,2014-05-16,25.59,25.73,25.35,25.67
BCO,2014-05-19,25.65,26.11,25.56,26.05
BCO,2014-05-20,26.01,26.02,25.38,25.53
BCO,2014-05-21,25.7,25.95,25.41,25.83
BCO,2014-05-22,25.8,25.98,25.52,25.7
BCO,2014-05-23,25.76,26.33,25.67,26.3
BCO,2014-05-27,26.44,26.95,26.34,26.87
BCO,2014-05-28,26.75,27.15,26.46,26.95
BCO,2014-05-29,26.91,27.02,26.51,26.89
BCO,2014-05-30,26.89,26.93,26.57,26.7
BCO,2014-06-02,26.77,26.87,26.37,26.68
BCO,2014-06-03,26.62,26.66,26.25,26.61
BCO,2014-06-04,26.58,27.1,26.49,26.94
BCO,2014-06-05,26.97,27.56,26.73,27.49
BCO,2014-06-06,27.63,28.03,27.42,28.02
BCO,2014-06-09,28.0,28.72,27.98,28.63
BCO,2014-06-10,28.6,28.79,28.21,28.76
BCO,2014-06-11,28.55,28.72,28.25,28.46
BCO,2014-06-12,28.43,28.55,28.2,28.34
BCO,2014-06-13,28.26,28.3,27.41,27.49
BCO,2014-06-16,27.44,27.55,27.18,27.5
BCO,2014-06-17,27.48,27.71,27.39,27.44
BCO,2014-06-18,27.44,27.63,27.25,27.46
BCO,2014-06-19,27.5,27.56,27.17,27.35
BCO,2014-06-20,27.31,28.22,27.31,28.05
BCO,2014-06-23,28.13,28.26,27.14,27.19
BCO,2014-06-24,27.2,27.29,26.69,26.73
BCO,2014-06-25,26.55,27.16,26.55,27.16
BCO,2014-06-26,27.22,27.42,26.89,27.41
BCO,2014-06-27,27.23,27.67,27.23,27.66
BCO,2014-06-30,27.6,28.22,27.45,28.22
BCO,2014-07-01,28.24,28.8,28.16,28.41
BCO,2014-07-02,28.29,28.58,28.08,28.17
BCO,2014-07-03,28.27,28.5,28.12,28.19
BCO,2014-07-07,28.07,28.07,27.53,27.77
BCO,2014-07-08,27.69,27.84,27.38,27.48
BCO,2014-07-09,27.39,27.4,26.93,27.05
BCO,2014-07-10,26.6,27.34,26.48,26.99
BCO,2014-07-11,26.92,27.12,26.65,27.01
BCO,2014-07-14,27.3,27.69,27.08,27.56
BCO,2014-07-15,27.55,27.84,27.26,27.33
BCO,2014-07-16,27.54,27.87,27.45,27.46
BCO,2014-07-17,27.29,27.59,27.1,27.18
BCO,2014-07-18,27.16,27.73,27.16,27.63
BCO,2014-07-21,27.44,27.67,27.24,27.48
BCO,2014-07-22,27.61,28.04,27.55,27.59
BCO,2014-07-23,27.49,27.69,27.18,27.29
BCO,2014-07-24,26.79,27.36,26.17,27.05
BCO,2014-07-25,26.89,27.44,26.7,27.17
BCO,2014-07-28,27.15,27.26,26.91,26.99
BCO,2014-07-29,27.05,27.23,26.8,26.94
BCO,2014-07-30,27.06,27.17,26.85,26.98
BCO,2014-07-31,26.81,27.07,26.64,26.84
BCO,2014-08-01,26.86,26.93,26.57,26.63
BCO,2014-08-04,26.72,26.75,26.5,26.7
BCO,2014-08-05,26.65,26.82,26.38,26.68
BCO,2014-08-06,26.54,26.77,26.46,26.68
BCO,2014-08-07,26.8,26.86,26.49,26.62
BCO,2014-08-08,26.61,26.75,26.49,26.53
BCO,2014-08-11,26.7,27.15,26.5,26.85
BCO,2014-08-12,26.85,27.06,26.63,26.66
BCO,2014-08-13,26.76,26.96,26.59,26.66
BCO,2014-08-14,26.74,26.94,26.58,26.86
BCO,2014-08-15,27.06,27.25,26.79,27.0
BCO,2014-08-18,27.21,27.45,27.15,27.34
BCO,2014-08-19,27.36,27.45,27.34,27.36
BCO,2014-08-20,27.31,27.41,27.11,27.15
BCO,2014-08-21,27.1,27.22,26.79,27.0
BCO,2014-08-22,26.99,27.13,26.87,27.06
BCO,2014-08-25,27.22,27.64,27.16,27.54
BCO,2014-08-26,27.53,27.82,27.46,27.64
BCO,2014-08-27,27.6,27.72,27.39,27.5
BCO,2014-08-28,27.44,27.66,27.26,27.47
BCO,2014-08-29,27.54,27.62,27.18,27.38
BCO,2014-09-02,27.46,27.82,27.36,27.69
BCO,2014-09-03,27.87,27.87,27.3,27.38
BCO,2014-09-04,27.39,27.86,27.29,27.57
BCO,2014-09-05,27.44,27.5,27.19,27.23
BCO,2014-09-08,27.18,27.46,27.16,27.24
BCO,2014-09-09,27.21,27.37,26.63,26.72
BCO,2014-09-10,26.69,26.96,26.44,26.71
BCO,2014-09-11,26.55,27.04,26.45,27.03
BCO,2014-09-12,26.96,27.16,26.43,26.51
BCO,2014-09-15,26.5,26.95,25.96,26.13
BCO,2014-09-16,26.1,26.19,25.85,25.99
BCO,2014-09-17,25.92,26.08,25.69,25.89
BCO,2014-09-18,25.96,26.24,25.86,26.18
BCO,2014-09-19,26.17,26.4,25.58,25.66
BCO,2014-09-22,25.58,25.58,24.83,24.85
BCO,2014-09-23,24.81,24.99,24.66,24.73
BCO,2014-09-24,24.71,24.81,24.48,24.71
BCO,2014-09-25,24.7,24.73,24.09,24.24
BCO,2014-09-26,24.25,24.52,24.07,24.4
BCO,2014-09-29,24.12,24.31,23.85,24.14
BCO,2014-09-30,24.09,24.34,23.91,24.04
BCO,2014-10-01,24.02,24.25,23.67,23.68
BCO,2014-10-02,23.67,23.93,23.54,23.63
BCO,2014-10-03,23.86,23.98,23.51,23.51
BCO,2014-10-06,23.55,23.73,23.4,23.48
BCO,2014-10-07,23.31,23.5,23.21,23.39
BCO,2014-10-08,23.34,23.97,23.05,23.95
BCO,2014-10-09,23.87,23.87,23.0,23.03
BCO,2014-10-10,22.85,22.96,21.71,21.76
BCO,2014-10-13,21.77,22.07,21.65,21.68
BCO,2014-10-14,21.68,22.17,21.68,21.8
BCO,2014-10-15,21.61,22.47,21.38,22.4
BCO,2014-10-16,22.06,22.93,22.06,22.72
BCO,2014-10-17,23.04,23.13,22.25,22.5
BCO,2014-10-20,22.44,22.77,21.93,22.0
BCO,2014-10-21,22.03,22.52,22.02,22.37
BCO,2014-10-22,22.47,22.76,22.18,22.2
BCO,2014-10-23,22.35,22.63,22.27,22.4
BCO,2014-10-24,22.44,22.56,22.26,22.36
BCO,2014-10-27,22.2,22.2,21.79,21.93
BCO,2014-10-28,21.97,22.58,21.94,22.57
BCO,2014-10-29,22.64,23.07,22.57,22.64
BCO,2014-10-30,22.38,22.41,19.15,20.1
BCO,2014-10-31,20.57,21.22,20.12,21.0
BCO,2014-11-03,21.05,21.24,20.87,20.94
BCO,2014-11-04,20.85,21.06,20.7,20.72
BCO,2014-11-05,21.28,21.58,21.04,21.34
BCO,2014-11-06,21.38,21.58,21.16,21.48
BCO,2014-11-07,21.49,21.58,21.36,21.51
BCO,2014-11-10,21.57,21.68,21.34,21.48
BCO,2014-11-11,21.48,21.65,21.19,21.39
BCO,2014-11-12,21.3,21.64,21.29,21.57
BCO,2014-11-13,21.61,21.81,21.18,21.25
BCO,2014-11-14,21.28,21.64,21.15,21.5
BCO,2014-11-17,21.42,21.75,21.24,21.59
BCO,2014-11-18,21.62,21.9,21.35,21.52
BCO,2014-11-19,21.44,21.44,20.85,20.89
BCO,2014-11-20,20.81,21.36,20.81,21.31
BCO,2014-11-21,21.68,21.83,21.47,21.58
BCO,2014-11-24,21.61,22.04,21.54,21.91
BCO,2014-11-25,21.98,22.4,21.94,22.17
BCO,2014-11-26,22.18,22.29,21.93,21.99
BCO,2014-11-28,21.93,21.93,21.67,21.7
BCO,2014-12-01,21.6,21.87,21.6,21.7
BCO,2014-12-02,21.72,22.08,21.66,21.96
BCO,2014-12-03,21.97,22.42,21.79,22.24
BCO,2014-12-04,22.2,22.55,22.12,22.42
BCO,2014-12-05,22.39,22.7,22.39,22.62
BCO,2014-12-08,22.58,22.58,22.27,22.4
BCO,2014-12-09,22.16,23.25,22.16,23.24
BCO,2014-12-10,23.14,23.25,22.13,22.18
BCO,2014-12-11,22.27,22.47,22.21,22.31
BCO,2014-12-12,22.03,22.5,21.86,22.35
BCO,2014-12-15,22.45,22.71,22.2,22.64
BCO,2014-12-16,22.64,22.87,22.19,22.26
BCO,2014-12-17,22.24,22.97,21.91,22.92
BCO,2014-12-18,23.24,23.62,22.88,23.45
BCO,2014-12-19,23.38,23.57,23.16,23.28
BCO,2014-12-22,23.28,23.77,23.2,23.75
BCO,2014-12-23,23.84,24.27,23.76,24.12
BCO,2014-12-24,24.23,24.29,23.81,24.09
BCO,2014-12-26,24.14,24.42,23.98,24.09
BCO,2014-12-29,24.1,24.52,24.09,24.42
BCO,2014-12-30,24.33,24.62,24.22,24.59
BCO,2014-12-31,24.71,24.71,24.38,24.41
BCO,2015-01-02,24.48,24.48,23.76,24.36
BCO,2015-01-05,24.17,24.32,23.34,23.49
BCO,2015-01-06,23.51,23.73,22.93,23.06
BCO,2015-01-07,23.22,23.26,22.84,23.06
BCO,2015-01-08,23.27,23.54,23.1,23.46
BCO,2015-01-09,23.5,23.88,23.22,23.85
BCO,2015-01-12,23.77,24.34,23.65,24.08
BCO,2015-01-13,24.32,24.58,23.74,24.16
BCO,2015-01-14,23.86,24.22,23.77,24.09
BCO,2015-01-15,24.21,24.42,23.63,23.8
BCO,2015-01-16,23.73,24.02,23.61,24.0
BCO,2015-01-20,24.0,24.0,23.08,23.39
BCO,2015-01-21,23.29,23.53,23.16,23.34
BCO,2015-01-22,23.38,23.59,23.22,23.5
BCO,2015-01-23,23.43,23.69,23.34,23.54
BCO,2015-01-26,23.46,24.02,23.38,23.92
BCO,2015-01-27,23.78,23.88,23.06,23.15
BCO,2015-01-28,23.26,23.26,22.55,22.7
BCO,2015-01-29,22.7,23.01,22.28,22.89
BCO,2015-01-30,22.68,22.87,22.34,22.41
BCO,2015-02-02,22.51,23.15,22.24,23.12
BCO,2015-02-03,23.28,23.97,23.2,23.71
BCO,2015-02-04,23.52,23.57,23.24,23.35
BCO,2015-02-05,22.77,25.61,22.27,25.45
BCO,2015-02-06,25.44,25.67,24.63,25.07
BCO,2015-02-09,24.95,25.5,24.93,25.06
BCO,2015-02-10,25.27,25.27,24.76,24.88
BCO,2015-02-11,24.81,25.34,24.43,25.25
BCO,2015-02-12,25.37,25.72,25.13,25.55
BCO,2015-02-13,25.52,25.86,25.18,25.73
BCO,2015-02-17,25.78,26.07,25.34,25.44
BCO,2015-02-18,25.36,25.98,25.21,25.95
BCO,2015-02-19,25.88,26.53,25.77,26.49
BCO,2015-02-20,26.5,26.93,25.93,26.92
BCO,2015-02-23,26.84,27.33,26.48,27.3
BCO,2015-02-24,27.38,28.15,27.17,27.98
BCO,2015-02-25,27.9,28.3,27.68,28.29
BCO,2015-02-26,28.24,28.62,28.24,28.43
BCO,2015-02-27,28.45,28.56,27.94,28.14
BCO,2015-03-02,28.13,28.49,27.93,28.0
BCO,2015-03-03,27.77,28.0,27.5,27.84
BCO,2015-03-04,27.72,27.72,27.39,27.54
BCO,2015-03-05,27.6,27.62,27.18,27.52
BCO,2015-03-06,27.25,27.68,27.1,27.2
BCO,2015-03-09,27.25,27.31,26.94,27.16
BCO,2015-03-10,26.91,27.01,26.61,26.7
BCO,2015-03-11,26.71,26.79,26.29,26.59
BCO,2015-03-12,26.75,27.49,26.63,26.88
BCO,2015-03-13,26.87,26.87,25.99,26.19
BCO,2015-03-16,26.3,26.51,26.15,26.31
BCO,2015-03-17,26.25,26.57,26.1,26.52
BCO,2015-03-18,26.42,27.03,26.38,27.01
BCO,2015-03-19,27.35,27.55,26.92,27.13
BCO,2015-03-20,27.35,27.97,27.27,27.93
BCO,2015-03-23,27.83,28.26,27.73,28.25
BCO,2015-03-24,28.25,28.98,28.09,28.71
BCO,2015-03-25,28.8,28.84,28.39,28.45
BCO,2015-03-26,28.38,28.62,28.12,28.49
BCO,2015-03-27,28.54,28.82,27.73,28.42
BCO,2015-03-30,28.49,28.63,27.95,27.98
BCO,2015-03-31,27.79,28.0,27.58,27.63
BCO,2015-04-01,27.55,27.8,27.38,27.66
BCO,2015-04-02,27.68,28.23,27.61,27.79
BCO,2015-04-06,27.65,28.19,27.57,28.0
BCO,2015-04-07,28.0,28.16,27.65,27.69
BCO,2015-04-08,27.7,27.95,27.42,27.69
BCO,2015-04-09,27.65,28.0,27.3,27.49
BCO,2015-04-10,27.6,27.64,27.37,27.44
BCO,2015-04-13,27.43,27.81,27.43,27.55
BCO,2015-04-14,27.54,27.6,27.45,27.53
BCO,2015-04-15,27.56,27.86,27.48,27.62
BCO,2015-04-16,27.57,27.66,27.19,27.32
BCO,2015-04-17,27.12,27.32,26.94,27.08
BCO,2015-04-20,27.21,27.51,27.07,27.39
BCO,2015-04-21,27.41,27.41,26.98,27.07
BCO,2015-04-22,27.16,27.74,27.0,27.48
BCO,2015-04-23,26.97,27.16,26.48,26.93
BCO,2015-04-24,26.88,27.04,26.55,26.69
BCO,2015-04-27,26.75,27.06,26.4,26.5
BCO,2015-04-28,26.46,26.67,26.26,26.59
BCO,2015-04-29,26.49,26.68,26.29,26.5
BCO,2015-04-30,26.38,26.73,25.99,26.47
BCO,2015-05-01,27.98,30.49,27.77,30.29
BCO,2015-05-04,30.23,31.24,30.0,30.61
BCO,2015-05-05,33.14,33.2,31.79,32.01
BCO,2015-05-06,31.84,32.81,31.78,32.79
BCO,2015-05-07,32.77,33.0,32.35,32.56
BCO,2015-05-08,32.85,32.99,32.58,32.8
BCO,2015-05-11,32.76,33.56,32.67,33.13
BCO,2015-05-12,33.08,33.29,32.7,33.1
BCO,2015-05-13,33.1,33.54,33.04,33.14
BCO,2015-05-14,33.14,33.55,33.11,33.54
BCO,2015-05-15,33.58,33.62,32.99,33.33
BCO,2015-05-18,32.93,33.28,32.84,33.13
BCO,2015-05-19,33.13,33.18,32.27,32.43
BCO,2015-05-20,32.37,32.69,31.95,31.95
BCO,2015-05-21,32.0,32.31,31.9,32.05
BCO,2015-05-22,32.1,32.11,31.69,32.05
BCO,2015-05-26,32.0,32.23,31.91,32.04
BCO,2015-05-27,32.13,32.37,31.97,32.11
BCO,2015-05-28,32.09,32.26,31.86,32.12
BCO,2015-05-29,32.1,32.26,31.66,31.96
BCO,2015-06-01,32.12,32.53,31.86,32.27
BCO,2015-06-02,32.13,32.54,32.12,32.15
BCO,2015-06-03,32.17,32.9,32.17,32.64
BCO,2015-06-04,32.47,32.59,31.89,32.13
BCO,2015-06-05,32.13,32.25,31.88,32.1
BCO,2015-06-08,32.12,32.13,31.75,31.79
BCO,2015-06-09,31.83,31.99,31.64,31.69
BCO,2015-06-10,31.89,32.22,31.7,31.79
BCO,2015-06-11,31.8,31.96,31.55,31.76
BCO,2015-06-12,31.71,31.8,31.38,31.5
BCO,2015-06-15,31.2,31.34,30.93,31.26
BCO,2015-06-16,31.28,31.63,30.92,31.26
BCO,2015-06-17,31.33,31.56,30.65,30.76
BCO,2015-06-18,30.86,30.96,30.57,30.7
BCO,2015-06-19,30.7,30.95,30.5,30.81
BCO,2015-06-22,30.9,31.03,30.64,30.67
BCO,2015-06-23,30.71,30.81,30.47,30.72
BCO,2015-06-24,30.65,30.73,30.11,30.12
BCO,2015-06-25,30.23,30.23,29.89,30.13
BCO,2015-06-26,30.23,30.39,30.08,30.15
BCO,2015-06-29,29.95,30.18,29.42,29.46
BCO,2015-06-30,29.77,29.77,29.27,29.43
BCO,2015-07-01,29.72,29.93,29.47,29.55
BCO,2015-07-02,29.69,29.69,29.39,29.52
BCO,2015-07-06,29.36,29.63,29.32,29.61
BCO,2015-07-07,29.61,29.61,29.18,29.39
BCO,2015-07-08,29.2,29.48,28.91,29.2
BCO,2015-07-09,29.38,29.52,28.87,28.89
BCO,2015-07-10,29.08,29.26,29.06,29.17
BCO,2015-07-13,29.34,29.57,29.17,29.43
BCO,2015-07-14,29.4,29.66,29.24,29.5
BCO,2015-07-15,29.48,29.54,29.18,29.24
BCO,2015-07-16,29.34,29.64,29.33,29.36
BCO,2015-07-17,29.32,29.33,29.17,29.33
BCO,2015-07-20,29.35,29.35,29.06,29.15
BCO,2015-07-21,29.1,29.43,28.96,29.05
BCO,2015-07-22,28.91,29.07,28.83,29.05
BCO,2015-07-23,29.16,29.39,28.87,29.0
BCO,2015-07-24,28.93,29.04,28.61,28.78
BCO,2015-07-27,28.66,29.07,28.31,28.98
BCO,2015-07-28,29.1,29.51,28.52,29.42
BCO,2015-07-29,29.39,30.77,29.17,30.16
BCO,2015-07-30,29.62,30.69,29.05,30.53
BCO,2015-07-31,30.69,31.76,30.49,31.23
BCO,2015-08-03,31.22,31.24,30.56,30.68
BCO,2015-08-04,30.66,31.03,30.66,30.9
BCO,2015-08-05,31.08,31.08,29.99,30.18
BCO,2015-08-06,30.21,30.28,29.87,30.17
BCO,2015-08-07,30.04,30.33,29.65,29.81
BCO,2015-08-10,29.89,30.41,29.71,30.39
BCO,2015-08-11,30.21,30.21,29.65,29.8
BCO,2015-08-12,29.57,29.73,29.01,29.54
BCO,2015-08-13,29.66,29.73,29.27,29.59
BCO,2015-08-14,29.63,30.49,29.63,30.36
BCO,2015-08-17,30.27,30.89,29.84,30.78
BCO,2015-08-18,30.71,30.8,30.3,30.45
BCO,2015-08-19,30.27,30.38,29.74,30.05
BCO,2015-08-20,29.77,30.12,29.36,29.41
BCO,2015-08-21,28.9,29.34,28.5,28.74
BCO,2015-08-24,27.76,27.97,27.0,27.71
BCO,2015-08-25,28.39,28.41,27.25,27.28
BCO,2015-08-26,27.72,28.12,27.38,28.08
BCO,2015-08-27,28.29,28.8,27.97,28.58
BCO,2015-08-28,28.56,28.78,28.46,28.72
BCO,2015-08-31,28.58,28.79,28.43,28.66
BCO,2015-09-01,28.19,28.42,27.37,27.49
BCO,2015-09-02,27.8,27.88,27.5,27.64
BCO,2015-09-03,27.67,27.88,27.56,27.66
BCO,2015-09-04,27.26,27.57,27.15,27.21
BCO,2015-09-08,27.48,27.74,27.42,27.59
BCO,2015-09-09,27.83,28.05,27.55,27.69
BCO,2015-09-10,27.62,27.73,27.22,27.39
BCO,2015-09-11,27.39,27.51,27.11,27.4
BCO,2015-09-14,27.41,27.58,27.11,27.21
BCO,2015-09-15,27.26,27.45,27.05,27.35
BCO,2015-09-16,27.45,28.26,27.45,28.22
BCO,2015-09-17,28.23,28.33,27.78,27.81
BCO,2015-09-18,27.41,27.59,26.63,26.69
BCO,2015-09-21,26.86,27.35,26.86,27.0
BCO,2015-09-22,26.81,26.9,26.44,26.59
BCO,2015-09-23,26.6,26.74,26.25,26.39
BCO,2015-09-24,26.19,26.47,25.8,26.09
BCO,2015-09-25,26.34,27.03,26.25,26.96
BCO,2015-09-28,26.84,26.94,26.35,26.49
BCO,2015-09-29,26.59,26.76,26.28,26.5
BCO,2015-09-30,26.69,27.04,26.62,27.01
BCO,2015-10-01,27.03,27.8,26.87,27.77
BCO,2015-10-02,27.44,28.49,27.03,28.41
BCO,2015-10-05,28.94,29.76,28.83,29.7
BCO,2015-10-06,28.38,29.66,28.09,29.35
BCO,2015-10-07,29.5,29.63,28.58,28.72
BCO,2015-10-08,28.64,29.3,28.59,29.26
BCO,2015-10-09,29.32,29.82,29.11,29.78
BCO,2015-10-12,29.8,30.21,29.69,30.2
BCO,2015-10-13,30.08,30.47,30.05,30.13
BCO,2015-10-14,30.14,30.6,29.96,30.51
BCO,2015-10-15,30.69,31.15,30.44,31.14
BCO,2015-10-16,31.24,31.25,30.7,30.96
BCO,2015-10-19,30.86,31.28,30.86,31.23
BCO,2015-10-20,31.18,31.25,31.03,31.16
BCO,2015-10-21,31.26,31.41,30.48,30.49
BCO,2015-10-22,30.63,30.95,30.33,30.57
BCO,2015-10-23,30.81,31.31,30.75,31.29
BCO,2015-10-26,31.34,31.82,31.2,31.61
BCO,2015-10-27,31.46,31.86,31.4,31.83
BCO,2015-10-28,31.88,32.61,31.56,32.61
BCO,2015-10-29,32.52,33.06,32.31,32.46
BCO,2015-10-30,32.22,33.37,30.73,30.98
BCO,2015-11-02,31.09,31.69,30.88,31.54
BCO,2015-11-03,31.46,31.61,30.95,31.13
BCO,2015-11-04,31.16,31.16,30.56,30.63
BCO,2015-11-05,30.69,30.82,30.48,30.61
BCO,2015-11-06,30.49,31.29,30.31,31.26
BCO,2015-11-09,31.15,31.15,30.49,30.61
BCO,2015-11-10,30.46,30.68,30.2,30.59
BCO,2015-11-11,30.73,31.1,30.4,31.02
BCO,2015-11-12,30.78,31.03,30.59,30.65
BCO,2015-11-13,30.5,30.99,30.5,30.79
BCO,2015-11-16,30.7,30.89,30.46,30.84
BCO,2015-11-17,30.92,31.35,30.73,31.1
BCO,2015-11-18,31.18,31.66,30.67,31.61
BCO,2015-11-19,31.59,31.65,31.33,31.62
BCO,2015-11-20,31.79,31.98,31.54,31.89
BCO,2015-11-23,31.92,32.13,31.65,31.95
BCO,2015-11-24,31.73,32.14,31.35,32.09
BCO,2015-11-25,32.41,32.41,31.99,32.22
BCO,2015-11-27,32.2,32.33,31.96,32.21
BCO,2015-11-30,32.24,32.78,32.15,32.18
BCO,2015-12-01,32.28,32.51,31.98,32.1
BCO,2015-12-02,32.1,32.27,31.28,31.32
BCO,2015-12-03,31.41,31.61,30.62,30.72
BCO,2015-12-04,30.78,31.57,30.7,31.17
BCO,2015-12-07,31.03,31.17,30.77,30.98
BCO,2015-12-08,30.74,31.02,30.35,30.41
BCO,2015-12-09,30.36,30.93,29.97,30.84
BCO,2015-12-10,30.82,31.14,30.56,30.65
BCO,2015-12-11,30.16,30.3,29.63,29.74
BCO,2015-12-14,29.71,29.75,29.12,29.22
BCO,2015-12-15,29.44,29.66,29.23,29.4
BCO,2015-12-16,29.61,29.86,29.39,29.75
BCO,2015-12-17,29.81,29.97,29.1,29.12
BCO,2015-12-18,28.99,29.06,28.61,28.61
BCO,2015-12-21,28.82,29.26,28.63,29.22
BCO,2015-12-22,29.37,29.37,28.92,29.25
BCO,2015-12-23,29.41,29.67,29.26,29.58
BCO,2015-12-24,29.53,29.88,29.45,29.67
BCO,2015-12-28,29.5,29.61,28.98,29.28
BCO,2015-12-29,29.48,29.7,29.41,29.54
BCO,2015-12-30,29.48,29.94,29.45,29.74
BCO,2015-12-31,29.58,29.58,28.51,28.86
BCO,2016-01-04,28.28,28.93,28.0,28.66
BCO,2016-01-05,28.88,28.88,28.52,28.78
BCO,2016-01-06,28.4,28.86,28.02,28.34
BCO,2016-01-07,27.85,28.08,27.31,27.42
BCO,2016-01-08,27.5,27.71,26.85,26.9
BCO,2016-01-11,26.99,27.1,26.47,26.9
BCO,2016-01-12,27.09,27.35,26.48,26.86
BCO,2016-01-13,26.86,27.1,25.87,26.04
BCO,2016-01-14,26.18,27.07,25.93,26.9
BCO,2016-01-15,26.21,27.09,25.96,26.97
BCO,2016-01-19,27.27,27.4,26.55,26.84
BCO,2016-01-20,26.51,27.74,26.15,27.43
BCO,2016-01-21,27.58,27.94,26.77,26.98
BCO,2016-01-22,27.33,27.61,27.05,27.58
BCO,2016-01-25,27.54,27.69,26.75,26.84
BCO,2016-01-26,26.99,27.46,26.9,27.46
BCO,2016-01-27,27.33,28.16,27.2,27.97
BCO,2016-01-28,28.24,28.41,28.03,28.21
BCO,2016-01-29,28.28,29.44,28.2,29.4
BCO,2016-02-01,29.16,29.3,28.72,29.1
BCO,2016-02-02,28.86,28.98,28.46,28.59
BCO,2016-02-03,28.87,29.03,28.52,28.93
BCO,2016-02-04,29.87,31.1,29.77,30.05
BCO,2016-02-05,29.85,30.0,28.59,28.9
BCO,2016-02-08,28.62,29.6,28.58,29.55
BCO,2016-02-09,29.23,29.59,29.04,29.26
BCO,2016-02-10,29.47,29.62,28.86,28.89
BCO,2016-02-11,28.42,28.98,28.26,28.38
BCO,2016-02-12,28.63,29.14,28.09,28.66
BCO,2016-02-16,29.07,29.57,28.65,29.22
BCO,2016-02-17,29.36,29.69,29.28,29.36
BCO,2016-02-18,29.45,29.57,29.28,29.42
BCO,2016-02-19,29.37,29.48,29.08,29.24
BCO,2016-02-22,29.5,29.82,29.3,29.44
BCO,2016-02-23,29.27,29.68,29.27,29.43
BCO,2016-02-24,29.1,29.34,28.86,29.22
BCO,2016-02-25,29.22,29.29,29.05,29.23
BCO,2016-02-26,29.34,29.56,29.15,29.48
BCO,2016-02-29,29.45,29.63,29.21,29.25
BCO,2016-03-01,29.48,29.92,29.36,29.55
BCO,2016-03-02,29.44,30.0,29.31,30.0
BCO,2016-03-03,30.0,30.0,29.7,29.81
BCO,2016-03-04,29.81,30.91,29.57,30.1
BCO,2016-03-07,30.0,30.22,29.73,30.17
BCO,2016-03-08,29.93,30.01,29.32,29.33
BCO,2016-03-09,29.46,29.93,29.34,29.88
BCO,2016-03-10,29.92,29.97,29.27,29.72
BCO,2016-03-11,29.93,30.31,29.8,30.22
BCO,2016-03-14,30.05,30.22,29.68,30.01
BCO,2016-03-15,29.84,30.47,29.37,30.46
BCO,2016-03-16,30.31,31.05,30.31,30.97
BCO,2016-03-17,30.97,32.07,30.9,31.96
BCO,2016-03-18,32.17,32.51,31.98,32.49
BCO,2016-03-21,32.42,32.42,31.85,32.31
BCO,2016-03-22,32.1,32.2,31.93,32.17
BCO,2016-03-23,32.05,32.66,31.96,32.37
BCO,2016-03-24,32.15,32.43,32.0,32.25
BCO,2016-03-28,32.35,32.78,32.2,32.68
BCO,2016-03-29,32.55,33.84,32.35,33.84
BCO,2016-03-30,33.99,34.13,33.85,33.98
BCO,2016-03-31,33.91,33.99,33.44,33.59
BCO,2016-04-01,33.35,34.0,33.15,33.95
BCO,2016-04-04,33.95,33.95,33.42,33.48
BCO,2016-04-05,33.27,33.44,32.94,33.18
BCO,2016-04-06,33.16,33.19,32.82,33.08
BCO,2016-04-07,32.84,33.02,32.51,32.7
BCO,2016-04-08,32.88,33.2,32.7,32.83
BCO,2016-04-11,32.83,33.11,32.53,32.83
BCO,2016-04-12,32.91,33.49,32.77,33.29
BCO,2016-04-13,33.62,34.5,33.48,34.48
BCO,2016-04-14,34.52,34.56,33.87,34.19
BCO,2016-04-15,34.18,34.78,34.12,34.72
BCO,2016-04-18,34.62,34.94,34.44,34.92
BCO,2016-04-19,35.09,35.35,34.95,35.21
BCO,2016-04-20,35.22,35.28,34.91,35.18
BCO,2016-04-21,35.1,35.1,34.26,34.29
BCO,2016-04-22,34.23,34.53,34.1,34.44
BCO,2016-04-25,34.36,34.7,34.26,34.46
BCO,2016-04-26,34.61,34.71,34.47,34.69
BCO,2016-04-27,34.67,34.94,34.43,34.73
BCO,2016-04-28,34.57,34.59,34.02,34.06
BCO,2016-04-29,34.02,34.1,33.72,33.84
BCO,2016-05-02,33.96,34.09,33.76,33.94
BCO,2016-05-03,33.0,33.12,28.43,29.5
BCO,2016-05-04,29.44,30.2,29.21,29.51
BCO,2016-05-05,29.61,30.3,29.49,29.6
BCO,2016-05-06,29.49,29.79,28.9,29.65
BCO,2016-05-09,29.61,29.8,29.01,29.27
BCO,2016-05-10,29.34,30.11,29.24,30.04
BCO,2016-05-11,29.92,30.03,29.25,29.28
BCO,2016-05-12,29.48,29.56,29.0,29.36
BCO,2016-05-13,29.28,29.38,28.82,28.93
BCO,2016-05-16,28.84,29.26,28.57,28.87
BCO,2016-05-17,28.82,29.09,28.31,28.59
BCO,2016-05-18,28.54,29.06,28.44,28.81
BCO,2016-05-19,28.56,28.91,28.07,28.18
BCO,2016-05-20,28.32,28.89,28.27,28.59
BCO,2016-05-23,28.56,28.62,28.07,28.18
BCO,2016-05-24,28.37,28.97,28.16,28.85
BCO,2016-05-25,28.93,28.98,28.69,28.84
BCO,2016-05-26,28.87,29.06,28.73,28.86
BCO,2016-05-27,28.89,29.27,28.73,29.08
BCO,2016-05-31,29.11,29.46,28.83,29.15
BCO,2016-06-01,29.04,29.58,29.0,29.43
BCO,2016-06-02,29.36,30.25,29.36,30.24
BCO,2016-06-03,30.2,30.2,29.91,30.03
BCO,2016-06-06,30.07,30.53,30.07,30.38
BCO,2016-06-07,30.42,30.58,30.16,30.21
BCO,2016-06-08,30.22,30.26,29.94,30.17
BCO,2016-06-09,30.03,30.05,29.81,29.87
BCO,2016-06-10,29.65,29.83,29.31,29.48
BCO,2016-06-13,29.35,29.5,28.79,28.87
BCO,2016-06-14,29.02,29.53,28.92,29.3
BCO,2016-06-15,29.42,29.42,28.96,28.98
BCO,2016-06-16,28.83,29.09,28.38,29.04
BCO,2016-06-17,29.1,29.1,28.65,29.0
BCO,2016-06-20,29.53,29.63,29.14,29.14
BCO,2016-06-21,29.13,29.13,28.63,28.93
BCO,2016-06-22,28.88,28.89,28.43,28.44
BCO,2016-06-23,28.63,29.21,28.56,29.2
BCO,2016-06-24,27.83,28.15,27.12,27.71
BCO,2016-06-27,27.34,27.34,26.86,27.0
BCO,2016-06-28,27.33,27.87,27.1,27.52
BCO,2016-06-29,27.84,28.18,27.65,28.14
BCO,2016-06-30,28.25,28.52,28.15,28.49
BCO,2016-07-01,28.51,28.67,28.1,28.27
BCO,2016-07-05,28.16,28.16,27.65,27.74
BCO,2016-07-06,27.56,27.97,27.45,27.75
BCO,2016-07-07,27.85,27.95,26.96,27.71
BCO,2016-07-08,27.7,28.2,27.26,28.12
BCO,2016-07-11,28.28,28.94,28.16,28.85
BCO,2016-07-12,29.08,29.62,29.04,29.39
BCO,2016-07-13,29.48,29.8,29.41,29.65
BCO,2016-07-14,29.88,30.0,29.72,29.86
BCO,2016-07-15,30.0,30.19,29.82,30.18
BCO,2016-07-18,30.08,30.3,29.83,29.98
BCO,2016-07-19,30.3,30.87,30.3,30.47
BCO,2016-07-20,30.47,30.77,30.33,30.75
BCO,2016-07-21,30.79,31.0,30.43,30.54
BCO,2016-07-22,30.46,31.01,29.87,30.86
BCO,2016-07-25,30.76,31.26,30.59,31.23
BCO,2016-07-26,31.32,31.78,31.26,31.71
BCO,2016-07-27,31.69,32.05,31.54,32.0
BCO,2016-07-28,32.44,33.18,31.89,32.69
BCO,2016-07-29,32.61,32.9,32.46,32.82
BCO,2016-08-01,32.81,33.22,32.46,32.98
BCO,2016-08-02,33.0,33.32,32.95,33.16
BCO,2016-08-03,33.54,35.23,33.45,35.16
BCO,2016-08-04,35.42,36.32,35.3,35.67
BCO,2016-08-05,35.9,36.52,35.79,36.07
BCO,2016-08-08,36.12,36.8,35.94,36.53
BCO,2016-08-09,36.64,36.75,36.24,36.46
BCO,2016-08-10,36.37,37.09,36.35,36.93
BCO,2016-08-11,36.93,37.61,36.93,37.5
BCO,2016-08-12,37.32,37.85,37.05,37.33
BCO,2016-08-15,37.35,37.45,37.05,37.1
BCO,2016-08-16,37.05,37.41,36.83,37.24
BCO,2016-08-17,37.21,37.37,36.88,37.02
BCO,2016-08-18,36.98,37.19,36.57,37.01
BCO,2016-08-19,36.92,37.47,36.87,37.05
BCO,2016-08-22,36.95,37.33,36.72,36.91
BCO,2016-08-23,36.99,37.48,36.9,37.36
BCO,2016-08-24,37.4,37.69,37.19,37.46
BCO,2016-08-25,37.39,37.84,37.32,37.64
BCO,2016-08-26,37.63,37.75,36.9,37.04
BCO,2016-08-29,37.02,37.37,37.02,37.26
BCO,2016-08-30,37.26,37.47,37.03,37.18
BCO,2016-08-31,37.15,37.2,36.18,36.5
BCO,2016-09-01,36.54,36.78,36.4,36.58
BCO,2016-09-02,36.81,36.89,36.47,36.63
BCO,2016-09-06,36.63,36.84,36.14,36.34
BCO,2016-09-07,36.32,36.46,35.76,35.79
BCO,2016-09-08,35.75,36.06,35.63,35.83
BCO,2016-09-09,35.45,35.55,34.93,34.96
BCO,2016-09-12,34.65,34.95,34.22,34.82
BCO,2016-09-13,34.59,34.82,34.0,34.43
BCO,2016-09-14,34.53,34.64,33.99,34.27
BCO,2016-09-15,34.32,34.93,34.21,34.92
BCO,2016-09-16,35.34,35.44,34.72,34.94
BCO,2016-09-19,35.25,36.5,35.25,36.11
BCO,2016-09-20,36.17,36.39,36.01,36.11
BCO,2016-09-21,36.37,37.0,36.01,36.86
BCO,2016-09-22,36.99,37.92,36.9,37.87
BCO,2016-09-23,37.57,37.57,36.82,36.9
BCO,2016-09-26,36.79,36.8,36.24,36.25
BCO,2016-09-27,36.2,36.52,36.04,36.23
BCO,2016-09-28,36.29,36.65,36.25,36.61
BCO,2016-09-29,36.56,36.98,36.27,36.27
BCO,2016-09-30,36.38,37.23,36.26,37.08
BCO,2016-10-03,37.02,37.49,36.84,37.44
BCO,2016-10-04,37.45,37.58,36.58,36.74
BCO,2016-10-05,36.92,37.41,36.78,37.16
BCO,2016-10-06,37.17,38.16,37.06,38.08
BCO,2016-10-07,38.06,38.06,36.82,36.98
BCO,2016-10-10,37.24,37.71,37.24,37.39
BCO,2016-10-11,37.35,37.65,36.8,37.37
BCO,2016-10-12,37.43,37.85,37.29,37.7
BCO,2016-10-13,37.33,37.6,37.07,37.25
BCO,2016-10-14,37.46,37.85,37.04,37.04
BCO,2016-10-17,36.98,37.27,36.84,36.87
BCO,2016-10-18,37.09,37.42,36.65,36.99
BCO,2016-10-19,37.07,37.07,36.6,36.83
BCO,2016-10-20,36.69,36.97,36.52,36.63
BCO,2016-10-21,36.3,36.87,36.24,36.84
BCO,2016-10-24,37.03,37.22,36.98,37.07
BCO,2016-10-25,37.0,37.75,36.91,37.39
BCO,2016-10-26,38.35,39.3,37.54,39.24
BCO,2016-10-27,39.54,40.99,39.16,40.64
BCO,2016-10-28,39.69,40.17,39.45,39.64
BCO,2016-10-31,39.7,40.0,39.33,39.55
BCO,2016-11-01,39.75,39.8,38.55,38.95
BCO,2016-11-02,38.95,39.25,38.55,38.6
BCO,2016-11-03,38.85,39.1,38.7,38.9
BCO,2016-11-04,39.1,39.88,38.55,39.4
BCO,2016-11-07,40.0,40.85,39.6,40.0
BCO,2016-11-08,40.0,41.15,39.9,40.3
BCO,2016-11-09,40.0,42.0,39.41,41.75
BCO,2016-11-10,42.1,43.05,41.65,42.55
BCO,2016-11-11,42.65,43.1,41.85,42.1
BCO,2016-11-14,42.65,43.45,41.55,41.65
BCO,2016-11-15,41.65,42.0,41.05,41.7
BCO,2016-11-16,41.65,42.4,41.6,41.95
BCO,2016-11-17,41.95,42.85,41.7,42.85
BCO,2016-11-18,42.85,43.0,42.2,42.5
BCO,2016-11-21,42.45,42.85,42.25,42.75
BCO,2016-11-22,42.7,43.35,42.4,43.25
BCO,2016-11-23,43.15,44.45,43.15,44.25
BCO,2016-11-25,44.3,45.1,44.3,45.1
BCO,2016-11-28,43.95,44.55,42.05,42.2
BCO,2016-11-29,42.0,42.2,40.45,40.7
BCO,2016-11-30,41.0,41.38,40.35,40.4
BCO,2016-12-01,40.45,40.65,38.75,38.85
BCO,2016-12-02,38.95,39.4,38.48,38.9
BCO,2016-12-05,39.3,39.55,38.9,39.05
BCO,2016-12-06,39.15,40.2,38.8,39.95
BCO,2016-12-07,40.1,40.7,39.6,40.6
BCO,2016-12-08,40.5,41.35,40.25,41.3
BCO,2016-12-09,41.35,41.35,40.6,40.75
BCO,2016-12-12,41.5,42.1,40.85,41.55
BCO,2016-12-13,41.75,42.9,41.75,42.4
BCO,2016-12-14,42.45,42.75,41.8,42.15
BCO,2016-12-15,42.25,42.75,41.8,42.6
BCO,2016-12-16,42.75,42.75,42.05,42.55
BCO,2016-12-19,42.7,42.8,41.85,41.85
BCO,2016-12-20,41.8,42.05,40.95,42.0
BCO,2016-12-21,42.1,42.4,41.51,42.15
BCO,2016-12-22,42.15,42.3,41.1,41.7
BCO,2016-12-23,41.7,42.15,41.45,42.15
BCO,2016-12-27,42.25,42.45,41.85,42.0
BCO,2016-12-28,41.95,41.95,41.05,41.1
BCO,2016-12-29,41.2,41.75,41.13,41.75
BCO,2016-12-30,41.75,41.9,41.08,41.25
BCO,2017-01-03,41.7,42.2,41.35,41.75
BCO,2017-01-04,41.95,42.15,41.53,41.7
BCO,2017-01-05,41.65,41.8,40.95,41.3
BCO,2017-01-06,41.3,42.0,41.1,41.65
BCO,2017-01-09,41.55,42.03,41.25,41.95
BCO,2017-01-10,41.95,42.7,41.95,42.6
BCO,2017-01-11,42.45,42.45,41.7,42.25
BCO,2017-01-12,42.1,42.4,41.35,42.35
BCO,2017-01-13,42.5,43.05,42.43,43.0
BCO,2017-01-17,42.8,43.0,42.05,42.45
BCO,2017-01-18,42.65,43.25,42.3,43.2
BCO,2017-01-19,43.1,43.4,42.65,42.9
BCO,2017-01-20,42.9,43.6,42.65,43.05
BCO,2017-01-23,42.9,43.25,42.28,43.0
BCO,2017-01-24,43.0,44.75,43.0,44.75
BCO,2017-01-25,44.9,45.1,44.4,44.5
BCO,2017-01-26,44.45,44.55,43.35,43.45
BCO,2017-01-27,43.4,43.95,43.15,43.85
BCO,2017-01-30,43.65,43.95,42.95,43.85
BCO,2017-01-31,43.65,44.58,43.35,44.5
BCO,2017-02-01,44.6,44.7,43.0,43.2
BCO,2017-02-02,43.15,43.35,42.55,42.85
BCO,2017-02-03,43.1,44.4,43.0,44.1
BCO,2017-02-06,43.9,44.2,43.6,44.15
BCO,2017-02-07,44.05,44.15,42.95,43.6
BCO,2017-02-08,46.35,50.11,45.85,49.95
BCO,2017-02-09,50.0,50.95,49.75,50.6
BCO,2017-02-10,50.95,52.85,50.9,52.45
BCO,2017-02-13,52.55,53.7,52.55,53.4
BCO,2017-02-14,53.4,53.9,52.9,53.4
BCO,2017-02-15,53.0,53.5,52.73,53.25
BCO,2017-02-16,53.1,53.2,52.3,52.95
BCO,2017-02-17,52.75,52.9,52.05,52.75
BCO,2017-02-21,52.8,53.0,51.85,51.9
BCO,2017-02-22,51.55,51.95,51.35,51.45
BCO,2017-02-23,51.8,51.95,51.15,51.3
BCO,2017-02-24,50.39,52.35,50.39,52.0
BCO,2017-02-27,51.8,52.75,51.6,52.6
BCO,2017-02-28,53.0,54.98,52.8,53.45
BCO,2017-03-01,54.05,54.9,53.35,54.35
BCO,2017-03-02,54.1,54.15,52.85,53.5
BCO,2017-03-03,53.35,53.8,52.3,52.6
BCO,2017-03-06,52.2,52.55,51.75,51.85
BCO,2017-03-07,51.75,52.7,51.75,52.3
BCO,2017-03-08,52.4,53.75,51.9,51.95
BCO,2017-03-09,51.95,52.75,51.75,52.2
BCO,2017-03-10,52.75,53.15,52.5,52.85
BCO,2017-03-13,52.85,53.55,52.4,53.0
BCO,2017-03-14,53.4,53.9,52.75,53.6
BCO,2017-03-15,53.9,54.0,52.0,52.15
BCO,2017-03-16,52.5,52.95,52.25,52.45
BCO,2017-03-17,52.75,53.15,52.3,52.75
BCO,2017-03-20,52.75,52.75,52.2,52.4
BCO,2017-03-21,52.7,52.85,51.6,52.0
BCO,2017-03-22,51.9,52.4,51.7,52.4
BCO,2017-03-23,52.4,52.6,51.75,51.8
BCO,2017-03-24,52.1,52.4,51.05,51.3
BCO,2017-03-27,50.0,52.45,47.3,52.35
BCO,2017-03-28,52.35,53.25,52.25,53.1
BCO,2017-03-29,53.1,53.5,52.75,53.35
BCO,2017-03-30,53.35,53.85,52.9,53.3
BCO,2017-03-31,53.2,53.75,52.95,53.45
BCO,2017-04-03,53.45,53.65,52.7,53.1
BCO,2017-04-04,53.05,53.73,53.0,53.65
BCO,2017-04-05,53.75,53.85,53.15,53.3
BCO,2017-04-06,53.4,54.6,53.1,53.9
BCO,2017-04-07,53.55,54.95,53.15,54.65
BCO,2017-04-10,54.6,55.95,54.25,55.3
BCO,2017-04-11,55.0,55.5,54.9,55.4
BCO,2017-04-12,55.35,56.48,55.1,56.4
BCO,2017-04-13,56.2,56.7,55.55,56.15
BCO,2017-04-17,56.4,57.35,56.2,57.3
BCO,2017-04-18,57.25,57.85,56.7,57.6
BCO,2017-04-19,57.65,57.9,56.95,57.1
BCO,2017-04-20,57.3,57.7,56.85,57.1
BCO,2017-04-21,56.9,57.0,56.3,56.65
BCO,2017-04-24,57.5,57.7,57.0,57.2
BCO,2017-04-25,57.7,59.0,57.65,58.5
BCO,2017-04-26,61.45,61.75,59.2,60.3
BCO,2017-04-27,60.65,62.2,60.3,61.7
BCO,2017-04-28,61.85,61.9,60.65,61.4
BCO,2017-05-01,61.4,61.55,60.5,60.8
BCO,2017-05-02,61.0,61.2,59.85,60.15
BCO,2017-05-03,60.05,60.7,59.65,60.5
BCO,2017-05-04,60.7,60.8,60.3,60.8
BCO,2017-05-05,60.8,61.3,60.3,61.2
BCO,2017-05-08,61.85,62.3,61.15,62.1
BCO,2017-05-09,62.1,62.85,62.0,62.35
BCO,2017-05-10,62.35,63.13,61.98,62.85
BCO,2017-05-11,62.5,62.85,62.15,62.55
BCO,2017-05-12,62.25,62.4,60.9,60.95
BCO,2017-05-15,61.2,61.45,60.63,60.85
BCO,2017-05-16,61.1,62.15,61.05,61.55
BCO,2017-05-17,61.55,61.55,59.95,60.0
BCO,2017-05-18,59.15,60.15,57.95,60.0
BCO,2017-05-19,59.8,60.2,59.2,59.35
BCO,2017-05-22,59.55,61.08,59.4,61.05
BCO,2017-05-23,61.1,61.1,60.35,60.8
BCO,2017-05-24,60.95,62.1,60.75,62.0
BCO,2017-05-25,62.05,62.85,62.0,62.15
BCO,2017-05-26,62.15,62.75,61.5,62.7
BCO,2017-05-30,62.65,63.75,62.1,63.6
BCO,2017-05-31,63.65,63.85,62.65,63.1
BCO,2017-06-01,63.2,64.4,63.01,64.05
BCO,2017-06-02,64.15,65.9,63.95,65.15
BCO,2017-06-05,65.3,65.4,64.55,65.05
BCO,2017-06-06,64.55,64.55,63.55,63.8
BCO,2017-06-07,63.8,64.97,63.65,64.55
BCO,2017-06-08,64.55,66.35,64.45,65.6
BCO,2017-06-09,65.9,65.95,64.1,64.8
BCO,2017-06-12,64.75,65.35,64.35,65.35
BCO,2017-06-13,65.45,66.95,65.3,66.45
BCO,2017-06-14,66.5,66.9,65.8,66.0
BCO,2017-06-15,65.55,67.4,65.2,66.7
BCO,2017-06-16,65.8,66.4,65.8,65.95
BCO,2017-06-19,66.05,67.4,65.85,67.4
BCO,2017-06-20,67.45,67.85,66.5,67.1
BCO,2017-06-21,67.25,67.45,66.7,66.9
BCO,2017-06-22,67.05,67.15,66.0,66.25
BCO,2017-06-23,66.2,67.1,65.85,66.2
BCO,2017-06-26,66.45,66.55,65.7,66.35
BCO,2017-06-27,66.2,66.9,65.9,66.25
BCO,2017-06-28,66.55,67.65,66.2,67.5
BCO,2017-06-29,67.6,67.75,66.1,66.85
BCO,2017-06-30,67.15,67.5,66.7,67.0
BCO,2017-07-03,67.5,67.95,67.25,67.45
BCO,2017-07-05,67.45,67.6,66.7,66.9
BCO,2017-07-06,66.6,67.0,66.1,66.3
BCO,2017-07-07,66.45,67.15,66.4,66.95
BCO,2017-07-10,67.85,68.8,66.95,67.2
BCO,2017-07-11,67.3,67.6,66.8,67.3
BCO,2017-07-12,67.7,69.05,67.7,68.9
BCO,2017-07-13,69.25,70.15,69.0,70.1
BCO,2017-07-14,70.2,70.43,69.85,70.0
BCO,2017-07-17,70.3,70.6,69.6,69.85
BCO,2017-07-18,70.0,70.5,69.8,70.0
BCO,2017-07-19,70.0,70.3,69.65,70.2
BCO,2017-07-20,70.2,71.7,70.1,71.45
BCO,2017-07-21,72.3,72.3,70.95,71.25
BCO,2017-07-24,71.45,71.9,70.9,71.75
BCO,2017-07-25,71.6,71.81,70.5,70.7
BCO,2017-07-26,74.05,81.3,72.55,80.4
BCO,2017-07-27,81.0,81.35,78.55,79.85
BCO,2017-07-28,79.75,80.2,78.2,78.65
BCO,2017-07-31,78.85,79.4,77.5,78.15
BCO,2017-08-01,78.5,78.65,77.4,78.2
BCO,2017-08-02,78.35,78.47,77.41,78.3
BCO,2017-08-03,78.0,78.25,77.4,77.65
BCO,2017-08-04,77.7,77.75,74.9,75.2
BCO,2017-08-07,75.05,76.5,74.4,75.95
BCO,2017-08-08,75.9,78.15,75.7,76.55
BCO,2017-08-09,77.1,77.6,75.85,76.65
BCO,2017-08-10,76.15,76.3,74.86,75.0
BCO,2017-08-11,74.9,77.2,74.55,76.05
BCO,2017-08-14,76.6,77.3,75.75,75.75
BCO,2017-08-15,76.15,77.45,75.15,75.75
BCO,2017-08-16,75.85,76.85,75.75,76.35
BCO,2017-08-17,76.2,76.5,75.85,76.05
BCO,2017-08-18,75.95,76.35,75.8,75.8
BCO,2017-08-21,75.9,76.95,74.95,75.15
BCO,2017-08-22,75.35,76.28,75.2,76.1
BCO,2017-08-23,75.9,76.22,75.5,75.65
BCO,2017-08-24,75.95,76.45,75.85,76.15
BCO,2017-08-25,76.3,76.5,75.05,75.3
BCO,2017-08-28,75.55,76.75,75.55,76.0
BCO,2017-08-29,75.7,78.25,75.7,77.25
BCO,2017-08-30,77.3,77.9,76.6,77.05
BCO,2017-08-31,77.5,78.85,77.13,78.45
BCO,2017-09-01,78.85,80.1,78.25,79.4
BCO,2017-09-05,79.3,79.35,78.2,79.2
BCO,2017-09-06,79.5,79.85,78.4,78.8
BCO,2017-09-07,79.1,80.65,78.38,80.55
BCO,2017-09-08,80.35,81.09,80.15,80.85
BCO,2017-09-11,81.5,84.0,80.18,80.3
BCO,2017-09-12,80.3,81.5,80.0,81.05
BCO,2017-09-13,81.0,81.25,79.45,80.9
BCO,2017-09-14,80.75,82.1,80.3,80.55
BCO,2017-09-15,80.75,82.3,80.1,81.0
BCO,2017-09-18,81.05,81.15,78.2,80.4
BCO,2017-09-19,80.3,80.85,80.1,80.85
BCO,2017-09-20,80.8,81.7,80.5,81.25
BCO,2017-09-21,81.15,81.5,80.5,80.55
BCO,2017-09-22,80.5,81.55,80.1,81.45
BCO,2017-09-25,81.5,81.65,79.6,79.8
BCO,2017-09-26,80.2,80.74,79.8,80.25
BCO,2017-09-27,81.0,84.25,81.0,83.65
BCO,2017-09-28,83.25,83.6,82.55,82.85
BCO,2017-09-29,83.05,84.4,82.65,84.25
BCO,2017-10-02,84.15,84.8,83.68,84.35
BCO,2017-10-03,84.45,84.75,83.75,84.35
BCO,2017-10-04,84.25,84.65,83.6,84.1
BCO,2017-10-05,84.5,84.5,83.45,83.85
BCO,2017-10-06,83.8,84.43,83.3,84.0
BCO,2017-10-09,84.0,84.65,83.65,83.95
BCO,2017-10-10,84.45,84.45,83.65,84.05
BCO,2017-10-11,84.55,85.63,84.2,85.45
BCO,2017-10-12,85.1,86.75,85.1,86.4
BCO,2017-10-13,86.65,87.0,86.15,86.35
BCO,2017-10-16,86.25,86.85,84.2,84.65
BCO,2017-10-17,84.75,86.15,84.45,86.0
BCO,2017-10-18,86.7,87.3,85.25,85.3
BCO,2017-10-19,84.8,85.35,83.65,85.35
BCO,2017-10-20,86.0,87.05,84.85,87.0
BCO,2017-10-23,86.95,87.16,85.15,85.75
BCO,2017-10-24,86.0,86.05,85.23,85.75
BCO,2017-10-25,81.5,86.15,76.55,81.05
BCO,2017-10-26,81.15,81.6,75.4,78.1
BCO,2017-10-27,79.35,81.3,79.15,79.5
BCO,2017-10-30,79.25,79.4,76.33,77.3
BCO,2017-10-31,77.45,78.45,76.0,76.1
BCO,2017-11-01,76.0,77.13,75.05,77.1
BCO,2017-11-02,77.45,77.65,74.15,74.75
BCO,2017-11-03,75.35,77.85,75.35,77.35
BCO,2017-11-06,77.45,80.35,77.43,79.9
BCO,2017-11-07,79.5,79.5,77.6,79.0
BCO,2017-11-08,78.6,79.2,78.3,78.6
BCO,2017-11-09,78.0,79.2,77.46,78.7
BCO,2017-11-10,78.3,78.55,77.72,78.4
BCO,2017-11-13,77.75,78.5,77.22,78.35
BCO,2017-11-14,78.1,78.65,77.65,77.75
BCO,2017-11-15,77.55,77.6,76.5,77.4
BCO,2017-11-16,78.0,78.9,77.55,77.9
BCO,2017-11-17,77.65,78.95,77.0,78.75
BCO,2017-11-20,79.0,80.25,78.55,80.15
BCO,2017-11-21,80.0,82.3,80.0,82.05
BCO,2017-11-22,82.15,82.25,81.35,81.65
BCO,2017-11-24,82.0,82.15,81.22,81.35
BCO,2017-11-27,81.15,82.75,81.15,82.0
BCO,2017-11-28,82.0,82.3,81.43,82.05
BCO,2017-11-29,82.0,82.45,81.0,81.2
BCO,2017-11-30,81.3,81.8,80.75,80.85
BCO,2017-12-01,80.85,80.95,76.8,79.85
BCO,2017-12-04,80.25,80.7,78.3,78.4
BCO,2017-12-05,78.15,79.2,77.1,78.9
BCO,2017-12-06,79.0,80.65,78.68,80.3
BCO,2017-12-07,80.2,81.15,79.91,80.5
BCO,2017-12-08,81.2,81.5,80.1,80.45
BCO,2017-12-11,80.4,80.85,80.3,80.45
BCO,2017-12-12,80.4,80.7,79.7,79.95
BCO,2017-12-13,80.8,82.49,80.6,80.75
BCO,2017-12-14,80.85,81.0,78.8,79.15
BCO,2017-12-15,79.35,82.0,79.3,79.9
BCO,2017-12-18,80.0,81.85,78.95,79.2
BCO,2017-12-19,79.0,79.55,78.3,78.8
BCO,2017-12-20,79.25,80.3,78.7,80.2
BCO,2017-12-21,80.3,82.0,80.3,81.85
BCO,2017-12-22,81.85,81.85,78.25,80.95
BCO,2017-12-26,80.95,81.3,79.7,80.1
BCO,2017-12-27,80.0,80.05,79.45,79.65
BCO,2017-12-28,79.95,80.15,78.45,78.95
BCO,2017-12-29,78.95,79.5,77.65,78.7
BCO,2018-01-02,79.4,81.2,78.85,79.8
BCO,2018-01-03,79.9,80.0,78.55,79.55
BCO,2018-01-04,80.1,80.5,78.85,79.4
BCO,2018-01-05,79.7,80.0,78.6,79.95
BCO,2018-01-08,79.8,80.95,79.4,80.45
BCO,2018-01-09,80.55,80.83,79.6,79.9
BCO,2018-01-10,79.5,79.5,78.05,78.25
BCO,2018-01-11,78.8,87.05,78.4,86.9
BCO,2018-01-12,87.25,87.9,83.2,83.8
BCO,2018-01-16,84.45,84.9,83.45,84.0
BCO,2018-01-17,84.6,85.03,83.23,83.55
BCO,2018-01-18,84.25,85.5,83.8,85.05
BCO,2018-01-19,84.75,86.0,84.2,85.85
BCO,2018-01-22,85.85,88.1,85.3,87.85
BCO,2018-01-23,87.7,88.0,86.25,86.35
BCO,2018-01-24,86.7,86.9,85.15,85.2
BCO,2018-01-25,85.85,86.7,85.2,86.3
BCO,2018-01-26,86.5,86.85,84.9,86.2
BCO,2018-01-29,86.15,86.15,84.0,84.25
BCO,2018-01-30,83.0,84.95,82.9,83.5
BCO,2018-01-31,83.95,84.65,82.9,83.4
BCO,2018-02-01,83.35,83.8,82.0,83.45
BCO,2018-02-02,83.0,83.1,81.35,82.15
BCO,2018-02-05,81.4,82.9,80.6,80.75
BCO,2018-02-06,79.2,81.55,76.95,81.3
BCO,2018-02-07,80.75,80.75,74.8,75.0
BCO,2018-02-08,76.45,76.75,71.55,73.1
BCO,2018-02-09,75.5,76.7,72.55,75.95
BCO,2018-02-12,76.15,76.6,73.3,73.7
BCO,2018-02-13,73.45,74.13,72.6,72.7
BCO,2018-02-14,72.6,75.15,72.6,74.45
BCO,2018-02-15,74.9,75.28,73.6,73.9
BCO,2018-02-16,73.85,76.35,73.8,75.65
BCO,2018-02-20,74.95,75.45,74.4,74.5
BCO,2018-02-21,74.45,76.22,74.3,75.15
BCO,2018-02-22,75.3,76.05,73.3,73.45
BCO,2018-02-23,74.05,75.65,73.4,75.4
BCO,2018-02-26,75.6,76.35,74.0,74.4
BCO,2018-02-27,74.3,75.15,73.45,73.7
BCO,2018-02-28,74.0,75.2,73.5,73.5
BCO,2018-03-01,73.45,74.05,71.95,72.0
BCO,2018-03-02,71.5,72.45,70.7,72.2
BCO,2018-03-05,71.45,71.75,70.5,70.6
BCO,2018-03-06,70.9,71.75,69.65,71.6
BCO,2018-03-07,71.2,72.1,70.95,71.9
BCO,2018-03-08,71.9,72.3,69.85,70.35
BCO,2018-03-09,70.75,72.7,70.71,72.45
BCO,2018-03-12,72.4,73.2,71.55,71.65
BCO,2018-03-13,72.0,72.7,71.7,72.45
BCO,2018-03-14,72.85,73.3,71.85,72.2
BCO,2018-03-15,72.15,73.05,70.9,73.0
BCO,2018-03-16,72.45,73.45,71.55,72.9
BCO,2018-03-19,72.5,72.55,69.85,70.4
BCO,2018-03-20,70.7,71.25,70.15,70.35
BCO,2018-03-21,70.2,70.8,69.95,70.15
BCO,2018-03-22,69.7,70.7,69.36,69.55
BCO,2018-03-23,69.5,69.95,68.85,68.85
BCO,2018-03-26,69.65,71.5,69.35,71.3
BCO,2018-03-27,72.2,72.2,70.15,70.4
BCO,2018-03-28,70.6,71.0,69.75,70.7
BCO,2018-03-29,71.25,71.75,70.8,71.35
BCO,2018-04-02,71.4,72.25,69.83,70.5
BCO,2018-04-03,70.9,72.9,70.6,72.75
BCO,2018-04-04,72.1,74.5,72.05,74.1
BCO,2018-04-05,74.4,75.2,74.08,74.95
BCO,2018-04-06,74.65,75.7,73.15,73.6
BCO,2018-04-09,74.15,74.15,72.65,72.7
BCO,2018-04-10,73.9,74.58,73.2,74.0
BCO,2018-04-11,73.8,75.55,73.7,75.25
BCO,2018-04-12,75.25,75.75,74.45,74.75
BCO,2018-04-13,75.0,75.0,73.8,74.35
BCO,2018-04-16,75.0,75.4,74.4,75.05
BCO,2018-04-17,75.4,76.15,74.95,75.8
BCO,2018-04-18,75.8,77.05,75.7,76.4
BCO,2018-04-19,76.3,76.6,75.5,76.0
BCO,2018-04-20,75.7,76.1,75.0,75.3
BCO,2018-04-23,75.45,76.05,75.2,75.75
BCO,2018-04-24,76.15,76.45,74.35,74.65
BCO,2018-04-25,75.25,76.75,73.25,75.3
BCO,2018-04-26,75.75,75.75,73.8,75.0
BCO,2018-04-27,74.95,75.4,73.34,74.35
BCO,2018-04-30,74.65,75.35,73.25,73.8
BCO,2018-05-01,73.4,75.63,73.26,75.05
BCO,2018-05-02,74.85,75.5,74.08,74.95
BCO,2018-05-03,74.65,75.1,73.4,74.8
BCO,2018-05-04,74.65,75.3,74.1,75.0
BCO,2018-05-07,75.0,76.28,74.95,75.7
BCO,2018-05-08,75.45,76.0,74.7,74.95
BCO,2018-05-09,75.1,75.3,73.45,74.9
BCO,2018-05-10,74.85,75.45,74.5,75.1
BCO,2018-05-11,75.1,75.2,74.15,74.5
BCO,2018-05-14,74.5,74.88,73.7,73.8
BCO,2018-05-15,73.25,73.5,71.3,71.7
BCO,2018-05-16,71.85,71.85,70.9,71.35
BCO,2018-05-17,71.0,71.65,69.97,70.75
BCO,2018-05-18,71.05,71.85,70.5,70.65
BCO,2018-05-21,71.05,71.6,71.05,71.4
BCO,2018-05-22,71.5,71.6,69.75,69.75
BCO,2018-05-23,69.65,69.8,67.75,68.55
BCO,2018-05-24,68.5,69.15,67.6,67.75
BCO,2018-05-25,67.75,69.3,67.58,69.25
BCO,2018-05-29,68.75,68.8,67.95,68.15
BCO,2018-05-30,68.6,68.85,67.6,68.2
BCO,2018-05-31,75.0,82.45,74.05,79.25
BCO,2018-06-01,79.55,79.75,77.1,77.95
BCO,2018-06-04,78.45,79.1,77.85,78.7
BCO,2018-06-05,78.85,79.1,77.55,78.9
BCO,2018-06-06,79.05,81.9,79.05,81.55
BCO,2018-06-07,81.55,81.85,79.85,80.35
BCO,2018-06-08,80.25,80.85,79.6,80.2
BCO,2018-06-11,80.35,81.45,80.05,80.2
BCO,2018-06-12,80.15,80.45,79.15,80.0
BCO,2018-06-13,79.95,80.4,78.3,78.45
BCO,2018-06-14,78.45,79.35,78.15,79.3
BCO,2018-06-15,79.65,79.65,77.95,79.4
BCO,2018-06-18,79.05,79.4,78.0,78.75
BCO,2018-06-19,78.3,79.5,78.25,79.35
BCO,2018-06-20,79.7,81.0,79.7,80.75
BCO,2018-06-21,80.65,82.35,80.65,82.2
BCO,2018-06-22,82.8,83.15,82.1,82.6
BCO,2018-06-25,82.0,82.3,81.36,81.95
BCO,2018-06-26,81.9,82.5,81.25,81.95
BCO,2018-06-27,81.8,81.9,79.55,79.8
BCO,2018-06-28,80.1,80.83,78.55,80.35
BCO,2018-06-29,80.8,80.85,79.7,79.75
BCO,2018-07-02,79.15,81.05,79.05,80.75
BCO,2018-07-03,81.0,82.4,80.95,82.2
BCO,2018-07-05,82.55,84.35,82.2,84.15
BCO,2018-07-06,84.45,85.0,84.0,84.5
BCO,2018-07-09,84.65,84.8,83.4,83.55
BCO,2018-07-10,83.75,84.3,82.6,82.7
BCO,2018-07-11,82.35,83.85,81.75,83.75
BCO,2018-07-12,83.5,83.85,81.5,82.35
BCO,2018-07-13,82.4,83.45,82.4,83.05
BCO,2018-07-16,83.05,83.1,81.7,82.25
BCO,2018-07-17,81.95,83.05,81.83,82.7
BCO,2018-07-18,81.95,82.08,80.7,80.85
BCO,2018-07-19,80.6,80.8,79.7,80.25
BCO,2018-07-20,80.25,80.5,79.7,80.3
BCO,2018-07-23,79.8,80.05,79.05,79.2
BCO,2018-07-24,79.25,79.6,78.0,78.7
BCO,2018-07-25,76.0,81.4,74.21,80.6
BCO,2018-07-26,79.85,81.2,78.75,80.6
BCO,2018-07-27,80.4,80.85,79.4,79.6
BCO,2018-07-30,79.5,80.15,78.95,79.1
BCO,2018-07-31,79.6,79.95,78.5,79.85
BCO,2018-08-01,79.8,79.85,78.35,79.15
BCO,2018-08-02,78.65,79.9,78.65,79.75
BCO,2018-08-03,80.0,80.0,78.9,79.55
BCO,2018-08-06,79.45,79.85,79.3,79.5
BCO,2018-08-07,79.9,81.05,79.68,80.5
BCO,2018-08-08,80.35,80.85,80.25,80.5
BCO,2018-08-09,80.5,81.25,79.9,80.05
BCO,2018-08-10,79.9,80.0,79.3,79.35
BCO,2018-08-13,79.35,79.65,77.7,77.8
BCO,2018-08-14,78.15,79.2,78.15,78.45
BCO,2018-08-15,78.35,78.9,76.3,77.05
BCO,2018-08-16,77.35,77.8,76.65,77.35
BCO,2018-08-17,77.05,77.8,76.15,77.45
BCO,2018-08-20,77.65,78.85,77.45,78.15
BCO,2018-08-21,78.25,79.31,77.75,78.9
BCO,2018-08-22,78.65,78.65,77.55,77.95
BCO,2018-08-23,77.9,78.25,77.4,77.45
BCO,2018-08-24,77.45,78.1,77.45,77.85
BCO,2018-08-27,78.05,78.5,77.9,77.95
BCO,2018-08-28,78.05,78.25,77.6,77.75
BCO,2018-08-29,77.95,78.0,77.4,77.8
BCO,2018-08-30,77.6,78.0,75.7,76.5
BCO,2018-08-31,76.25,76.3,75.0,75.1
BCO,2018-09-04,74.9,74.9,72.75,73.1
BCO,2018-09-05,73.1,73.1,71.05,72.15
BCO,2018-09-06,72.15,72.31,69.9,70.0
BCO,2018-09-07,69.8,72.25,68.81,72.05
BCO,2018-09-10,72.5,72.9,71.0,72.15
BCO,2018-09-11,71.55,71.95,70.9,71.4
BCO,2018-09-12,72.0,72.2,71.3,71.4
BCO,2018-09-13,71.5,71.5,69.75,69.95
BCO,2018-09-14,69.95,71.85,69.95,71.25
BCO,2018-09-17,71.45,71.45,69.7,70.4
BCO,2018-09-18,69.9,70.4,69.72,69.95
BCO,2018-09-19,69.95,70.38,69.3,70.3
BCO,2018-09-20,70.7,73.65,70.58,73.45
BCO,2018-09-21,73.7,73.9,71.75,71.85
BCO,2018-09-24,71.6,72.1,70.5,70.85
BCO,2018-09-25,71.1,71.63,70.25,71.1
BCO,2018-09-26,70.85,71.45,69.85,70.2
BCO,2018-09-27,70.45,70.45,69.65,69.9
BCO,2018-09-28,69.75,70.55,69.5,69.75
BCO,2018-10-01,70.11,70.17,69.06,69.19
BCO,2018-10-02,69.22,69.4,68.48,68.93
BCO,2018-10-03,69.36,70.15,69.11,69.43
BCO,2018-10-04,69.22,69.22,68.04,68.18
BCO,2018-10-05,68.16,68.27,65.72,66.62
BCO,2018-10-08,66.55,66.93,65.55,66.03
BCO,2018-10-09,65.99,66.1,64.09,64.88
BCO,2018-10-10,64.7,66.12,64.7,64.85
BCO,2018-10-11,64.7,65.09,63.31,63.9
BCO,2018-10-12,64.82,65.41,63.9,64.95
BCO,2018-10-15,64.44,64.88,62.08,62.96
BCO,2018-10-16,63.38,64.84,63.05,64.62
BCO,2018-10-17,64.65,65.52,64.01,64.86
BCO,2018-10-18,64.55,64.73,63.29,63.56
BCO,2018-10-19,63.48,63.88,62.43,62.79
BCO,2018-10-22,62.93,63.56,62.55,62.64
BCO,2018-10-23,61.47,63.07,61.47,62.77
BCO,2018-10-24,65.9,69.67,62.67,63.32
BCO,2018-10-25,62.83,69.02,62.83,67.91
BCO,2018-10-26,67.04,68.59,65.98,68.35
BCO,2018-10-29,69.25,69.66,65.39,66.22
BCO,2018-10-30,65.89,67.98,65.89,67.37
BCO,2018-10-31,67.92,68.44,66.13,66.32
BCO,2018-11-01,66.57,69.17,66.57,68.61
BCO,2018-11-02,68.75,70.02,68.29,69.24
BCO,2018-11-05,69.23,70.17,67.96,69.28
BCO,2018-11-06,69.14,70.27,68.22,69.19
BCO,2018-11-07,69.47,69.77,68.08,68.9
BCO,2018-11-08,68.59,69.02,68.01,68.71
BCO,2018-11-09,70.56,70.64,67.98,68.75
BCO,2018-11-12,68.59,68.59,67.05,67.19
BCO,2018-11-13,67.49,68.25,66.73,66.9
BCO,2018-11-14,67.53,67.86,65.36,66.25
BCO,2018-11-15,65.87,68.3,65.52,67.8
BCO,2018-11-16,67.22,68.52,67.08,67.6
BCO,2018-11-19,67.6,67.8,65.07,65.59
BCO,2018-11-20,65.2,66.78,64.44,64.68
BCO,2018-11-21,65.02,66.58,64.83,65.52
BCO,2018-11-23,65.12,66.61,65.12,65.35
BCO,2018-11-26,66.06,67.17,65.81,66.6
BCO,2018-11-27,66.67,68.16,66.67,67.92
BCO,2018-11-28,68.28,70.37,67.42,69.83
BCO,2018-11-29,69.55,70.11,68.38,69.68
BCO,2018-11-30,69.84,71.0,69.51,70.82
BCO,2018-12-03,71.51,71.84,70.19,70.92
BCO,2018-12-04,71.1,71.1,66.3,66.49
BCO,2018-12-06,65.25,65.48,62.7,63.69
BCO,2018-12-07,63.74,64.95,61.86,62.05
BCO,2018-12-10,62.06,62.36,60.35,61.93
BCO,2018-12-11,64.99,66.13,64.31,65.0
BCO,2018-12-12,66.0,68.27,65.56,66.51
BCO,2018-12-13,66.57,67.45,65.82,67.05
BCO,2018-12-14,66.44,68.59,66.16,67.24
BCO,2018-12-17,67.07,67.07,63.48,63.78
BCO,2018-12-18,64.21,65.46,63.57,63.97
BCO,2018-12-19,64.31,67.12,63.98,64.73
BCO,2018-12-20,64.64,65.17,62.62,63.42
BCO,2018-12-21,63.44,63.99,61.06,61.24
BCO,2018-12-24,60.62,61.27,59.08,59.1
BCO,2018-12-26,59.68,62.95,59.5,62.93
BCO,2018-12-27,61.53,63.24,60.46,63.2
BCO,2018-12-28,63.11,64.69,62.93,63.45
BCO,2018-12-31,63.9,64.8,63.14,64.65
BCO,2019-01-02,63.4,64.94,62.79,64.43
BCO,2019-01-03,64.06,65.38,63.07,64.15
BCO,2019-01-04,65.47,67.38,64.91,66.99
BCO,2019-01-07,67.01,68.57,65.31,67.43
BCO,2019-01-08,68.38,68.68,66.98,68.61
BCO,2019-01-09,68.8,69.46,67.8,68.92
BCO,2019-01-10,68.25,69.6,68.11,69.3
BCO,2019-01-11,68.96,69.92,68.81,69.68
BCO,2019-01-14,69.29,70.18,68.88,69.88
BCO,2019-01-15,69.89,70.64,69.42,70.36
BCO,2019-01-16,70.5,71.29,69.84,70.97
BCO,2019-01-17,70.94,71.25,70.37,70.78
BCO,2019-01-18,71.56,72.64,71.19,72.39
BCO,2019-01-22,72.08,72.28,70.25,71.5
BCO,2019-01-23,71.5,71.5,70.0,70.51
BCO,2019-01-24,70.34,71.23,70.0,70.83
BCO,2019-01-25,71.68,72.36,71.29,71.89
BCO,2019-01-28,71.25,72.27,71.01,71.88
BCO,2019-01-29,71.93,72.05,70.83,71.72
BCO,2019-01-30,72.25,73.77,71.26,73.53
BCO,2019-01-31,73.43,74.65,73.22,74.05
BCO,2019-02-01,74.07,75.15,73.75,74.67
BCO,2019-02-04,74.38,74.98,73.56,74.05
BCO,2019-02-05,74.32,75.09,73.76,74.42
BCO,2019-02-06,71.0,74.06,69.85,73.22
BCO,2019-02-07,72.28,75.1,70.92,75.09
BCO,2019-02-08,74.7,75.79,74.66,75.58
BCO,2019-02-11,75.75,77.68,75.75,77.18
BCO,2019-02-12,77.7,78.39,77.41,78.26
BCO,2019-02-13,78.44,78.84,76.77,77.66
BCO,2019-02-14,77.05,77.64,76.85,77.04
BCO,2019-02-15,77.68,78.39,76.82,78.31
BCO,2019-02-19,77.88,78.62,77.6,77.6
BCO,2019-02-20,77.49,79.58,77.49,79.27
BCO,2019-02-21,79.26,79.97,78.79,79.26
BCO,2019-02-22,79.42,80.02,79.01,79.72
BCO,2019-02-25,80.0,81.12,79.7,79.76
BCO,2019-02-26,79.66,80.07,78.1,78.21
BCO,2019-02-27,77.63,78.52,77.01,77.89
BCO,2019-02-28,77.76,79.3,77.34,78.92
BCO,2019-03-01,79.6,79.67,78.42,78.57
BCO,2019-03-04,78.68,79.1,77.5,77.73
BCO,2019-03-05,77.81,78.01,76.23,76.36
BCO,2019-03-06,76.36,76.36,75.27,75.3
BCO,2019-03-07,75.3,75.3,73.28,73.4
BCO,2019-03-08,72.98,73.08,71.92,72.69
BCO,2019-03-11,72.81,75.46,72.72,75.38
BCO,2019-03-12,75.72,76.66,75.06,76.24
BCO,2019-03-13,76.35,77.78,76.35,76.58
BCO,2019-03-14,76.59,77.79,75.59,77.45
BCO,2019-03-15,77.68,78.76,77.47,77.94
BCO,2019-03-18,77.93,78.58,76.74,77.35
BCO,2019-03-19,77.54,78.02,76.57,76.76
BCO,2019-03-20,76.71,77.36,75.2,76.53
BCO,2019-03-21,76.42,78.54,76.42,77.96
BCO,2019-03-22,77.31,77.6,75.82,75.86
BCO,2019-03-25,75.82,76.29,74.66,74.87
BCO,2019-03-26,75.38,76.07,74.21,74.77
BCO,2019-03-27,74.81,75.63,74.25,74.98
BCO,2019-03-28,75.07,75.71,73.87,75.06
BCO,2019-03-29,75.4,76.0,74.91,75.41
BCO,2019-04-01,75.92,77.93,75.54,77.84
BCO,2019-04-02,78.0,78.55,77.62,78.52
BCO,2019-04-03,79.0,80.2,78.98,79.79
BCO,2019-04-04,79.45,79.5,77.75,78.5
BCO,2019-04-05,78.75,79.85,78.75,79.42
BCO,2019-04-08,78.95,79.61,78.77,79.06
BCO,2019-04-09,78.74,79.0,77.32,77.42
BCO,2019-04-10,77.73,78.99,77.51,78.97
BCO,2019-04-11,79.21,79.95,78.98,79.82
BCO,2019-04-12,80.0,80.0,78.83,79.15
BCO,2019-04-15,79.22,79.77,78.75,79.55
BCO,2019-04-16,79.62,79.89,79.01,79.25
BCO,2019-04-17,79.69,80.55,79.42,79.98
BCO,2019-04-18,79.76,81.1,79.75,80.07
BCO,2019-04-22,80.0,80.66,79.36,80.0
BCO,2019-04-23,80.41,81.43,79.88,81.07
BCO,2019-04-24,81.75,86.34,81.75,85.56
BCO,2019-04-25,84.0,84.43,78.37,78.43
BCO,2019-04-26,77.81,80.0,77.8,79.52
BCO,2019-04-29,79.79,80.22,79.08,79.99
BCO,2019-04-30,79.96,80.38,79.32,79.93
BCO,2019-05-01,80.29,80.43,78.47,78.82
BCO,2019-05-02,78.68,79.53,77.66,79.29
BCO,2019-05-03,79.75,81.17,79.35,81.15
BCO,2019-05-06,79.67,80.35,79.13,80.06
BCO,2019-05-07,79.24,79.89,77.09,77.65
BCO,2019-05-08,77.65,77.85,76.42,77.22
BCO,2019-05-09,76.56,77.94,75.76,77.86
BCO,2019-05-10,77.65,78.81,77.12,78.56
BCO,2019-05-13,76.94,77.54,75.57,76.24
BCO,2019-05-14,76.35,78.49,76.35,78.29
BCO,2019-05-15,77.58,78.37,76.91,78.07
BCO,2019-05-16,78.15,78.94,77.82,78.04
BCO,2019-05-17,77.25,78.42,77.02,77.48
BCO,2019-05-20,76.76,78.26,76.35,77.99
BCO,2019-05-21,78.47,79.68,78.23,79.61
BCO,2019-05-22,79.43,79.78,78.99,79.38
BCO,2019-05-23,78.41,78.52,77.62,78.12
BCO,2019-05-24,78.53,79.26,78.53,79.08
BCO,2019-05-28,79.08,79.44,78.41,78.48
BCO,2019-05-29,77.88,78.13,76.47,77.46
BCO,2019-05-30,77.75,78.41,77.56,78.06
BCO,2019-05-31,76.89,77.46,76.4,77.0
BCO,2019-06-03,77.46,79.48,77.41,78.89
BCO,2019-06-04,79.49,79.65,79.06,79.48
BCO,2019-06-05,79.5,79.62,78.9,79.61
BCO,2019-06-06,79.99,80.23,78.61,79.84
BCO,2019-06-07,80.22,81.43,79.35,80.68
BCO,2019-06-10,80.9,82.05,80.44,81.61
BCO,2019-06-11,82.35,82.7,81.05,81.31
BCO,2019-06-12,81.02,82.68,80.14,82.13
BCO,2019-06-13,82.54,83.46,81.63,83.17
BCO,2019-06-14,83.05,83.25,82.19,82.61
BCO,2019-06-17,82.53,82.89,81.98,82.21
BCO,2019-06-18,82.48,83.84,82.47,82.97
BCO,2019-06-19,83.28,83.28,82.13,82.61
BCO,2019-06-20,83.51,83.51,82.0,82.07
BCO,2019-06-21,81.17,82.53,80.76,81.03
BCO,2019-06-24,81.02,81.35,79.76,79.79
BCO,2019-06-25,79.95,81.24,79.33,79.44
BCO,2019-06-26,80.08,80.3,78.97,79.58
BCO,2019-06-27,79.78,80.69,79.28,80.68
BCO,2019-06-28,80.7,81.83,80.7,81.18
BCO,2019-07-01,82.28,83.2,80.54,81.46
BCO,2019-07-02,81.48,81.89,80.97,81.87
BCO,2019-07-03,82.2,84.81,82.2,84.75
BCO,2019-07-05,84.13,84.71,83.55,84.66
BCO,2019-07-08,84.47,85.43,84.11,85.16
BCO,2019-07-09,84.95,86.17,84.59,85.25
BCO,2019-07-10,85.66,85.96,85.27,85.6
BCO,2019-07-11,87.0,87.59,86.11,86.93
BCO,2019-07-12,86.93,87.96,86.37,87.57
BCO,2019-07-15,87.85,87.85,86.77,87.55
BCO,2019-07-16,87.51,88.56,87.39,87.49
BCO,2019-07-17,87.44,88.27,87.23,87.57
BCO,2019-07-18,87.4,88.09,86.71,88.03
BCO,2019-07-19,88.1,88.57,87.63,87.72
BCO,2019-07-22,87.84,87.94,86.99,87.01
BCO,2019-07-23,87.34,88.56,87.14,88.35
BCO,2019-07-24,88.23,93.3,88.0,92.96
BCO,2019-07-25,93.06,93.81,91.38,92.47
BCO,2019-07-26,92.52,93.09,91.06,92.8
BCO,2019-07-29,92.58,93.06,91.8,92.39
BCO,2019-07-30,91.82,92.49,91.01,92.27
BCO,2019-07-31,92.35,92.83,89.81,90.16
BCO,2019-08-01,90.07,92.08,88.84,89.4
BCO,2019-08-02,89.21,89.21,87.71,88.83
BCO,2019-08-05,87.1,87.28,84.23,85.38
BCO,2019-08-06,85.72,87.96,85.51,87.84
BCO,2019-08-07,86.76,88.56,86.51,88.06
BCO,2019-08-08,88.87,91.32,88.87,91.15
BCO,2019-08-09,90.44,90.89,89.77,90.03
BCO,2019-08-12,88.42,88.5,83.39,83.59
BCO,2019-08-13,83.25,85.71,81.33,82.1
BCO,2019-08-14,80.89,81.39,79.05,79.65
BCO,2019-08-15,80.01,80.52,78.93,79.78
BCO,2019-08-16,80.24,80.76,79.89,80.46
BCO,2019-08-19,81.67,82.14,80.55,80.57
BCO,2019-08-20,80.09,80.28,78.34,78.53
BCO,2019-08-21,79.48,79.48,77.51,77.78
BCO,2019-08-22,77.91,78.18,75.24,75.32
BCO,2019-08-23,74.64,75.46,71.55,72.11
BCO,2019-08-26,72.93,75.32,72.81,74.49
BCO,2019-08-27,75.23,75.28,73.02,73.84
BCO,2019-08-28,73.79,74.42,73.38,74.42
BCO,2019-08-29,75.28,75.99,74.5,75.28
BCO,2019-08-30,75.93,75.93,74.66,75.25
BCO,2019-09-03,74.91,75.08,73.21,73.39
BCO,2019-09-04,73.38,73.78,71.52,73.26
BCO,2019-09-05,74.04,75.9,73.9,74.91
BCO,2019-09-06,74.98,76.94,74.93,76.74
BCO,2019-09-09,77.2,77.54,76.13,76.93
BCO,2019-09-10,76.85,79.87,76.35,79.71
BCO,2019-09-11,80.3,82.36,79.28,82.32
BCO,2019-09-12,82.36,84.06,82.1,83.4
BCO,2019-09-13,84.05,85.1,83.28,84.16
BCO,2019-09-16,83.5,84.85,83.46,84.1
BCO,2019-09-17,83.51,85.06,83.24,84.73
BCO,2019-09-18,84.57,85.24,83.93,84.13
BCO,2019-09-19,84.32,85.93,84.32,84.52
BCO,2019-09-20,84.68,84.75,83.12,83.15
BCO,2019-09-23,82.6,83.51,82.22,82.81
BCO,2019-09-24,82.91,84.01,82.54,82.86
BCO,2019-09-25,82.89,84.05,82.31,83.83
BCO,2019-09-26,83.66,84.34,83.02,83.92
BCO,2019-09-27,84.15,84.73,82.44,82.5
BCO,2019-09-30,82.79,83.23,81.83,82.95
BCO,2019-10-01,83.38,83.61,79.66,80.0
BCO,2019-10-02,79.16,80.14,78.36,79.84
BCO,2019-10-03,79.35,80.4,77.69,80.32
BCO,2019-10-04,80.24,81.34,79.77,81.17
BCO,2019-10-07,81.02,81.93,80.44,81.02
BCO,2019-10-08,79.66,80.5,79.32,79.72
BCO,2019-10-09,80.39,80.76,79.88,80.4
BCO,2019-10-10,80.43,82.46,80.32,82.23
BCO,2019-10-11,83.8,85.59,83.8,84.14
BCO,2019-10-14,83.43,84.09,82.99,83.56
BCO,2019-10-15,83.91,85.31,83.44,85.25
BCO,2019-10-16,84.85,85.85,84.73,85.58
BCO,2019-10-17,85.95,86.17,85.34,85.86
BCO,2019-10-18,85.38,86.63,85.38,86.01
BCO,2019-10-21,86.72,87.09,86.01,86.32
BCO,2019-10-22,86.25,87.01,85.53,86.66
BCO,2019-10-23,88.18,88.3,83.02,83.78
BCO,2019-10-24,84.64,86.15,84.27,85.96
BCO,2019-10-25,86.02,87.12,85.46,87.01
BCO,2019-10-28,87.52,89.1,87.52,88.86
BCO,2019-10-29,88.45,89.04,87.36,87.97
BCO,2019-10-30,87.66,87.78,86.46,87.24
BCO,2019-10-31,86.55,87.46,84.53,84.96
BCO,2019-11-01,85.47,87.01,85.14,86.87
BCO,2019-11-04,87.38,88.52,86.47,88.37
BCO,2019-11-05,88.87,89.52,88.08,88.73
BCO,2019-11-06,88.75,89.64,87.63,89.61
BCO,2019-11-07,90.0,90.74,89.67,90.39
BCO,2019-11-08,90.28,90.83,89.76,90.33
BCO,2019-11-11,89.55,89.83,88.07,88.93
BCO,2019-11-12,88.66,89.59,87.11,88.47
BCO,2019-11-13,87.57,88.32,86.86,87.72
BCO,2019-11-14,87.36,88.82,87.01,88.22
BCO,2019-11-15,88.93,90.19,88.54,89.27
BCO,2019-11-18,88.75,89.71,88.02,89.5
BCO,2019-11-19,90.1,90.48,88.85,90.03
BCO,2019-11-20,90.38,91.16,89.42,89.6
BCO,2019-11-21,90.03,90.18,88.93,89.92
BCO,2019-11-22,90.29,90.74,89.85,90.34
BCO,2019-11-25,91.04,93.08,90.95,92.48
BCO,2019-11-26,92.17,94.22,92.17,93.66
BCO,2019-11-27,94.07,94.61,93.65,94.3
BCO,2019-11-29,94.02,94.24,92.91,93.0
BCO,2019-12-02,93.17,93.52,91.44,91.64
BCO,2019-12-03,90.55,90.55,88.5,89.83
BCO,2019-12-04,90.51,91.22,89.62,89.79
BCO,2019-12-05,89.99,90.99,89.45,90.69
BCO,2019-12-06,91.94,92.39,91.42,91.49
BCO,2019-12-09,91.23,91.48,90.03,90.45
BCO,2019-12-10,90.66,90.67,89.9,90.18
BCO,2019-12-11,90.42,92.24,89.74,91.58
BCO,2019-12-12,91.83,92.96,91.65,92.45
BCO,2019-12-13,92.13,92.97,91.29,92.71
BCO,2019-12-16,93.58,94.34,92.33,92.6
BCO,2019-12-17,92.46,92.93,91.83,92.72
BCO,2019-12-18,93.04,93.28,91.21,91.5
BCO,2019-12-19,91.49,92.39,91.11,92.17
BCO,2019-12-20,92.69,93.22,92.14,92.4
BCO,2019-12-23,92.55,92.55,91.3,91.51
BCO,2019-12-24,91.61,91.85,91.02,91.06
BCO,2019-12-26,91.33,91.33,90.58,90.99
BCO,2019-12-27,91.12,91.74,90.43,91.13
BCO,2019-12-30,91.27,91.27,89.97,90.49
BCO,2019-12-31,90.25,91.48,90.25,90.68
BCO,2020-01-02,91.47,92.25,90.15,92.25
BCO,2020-01-03,90.66,91.89,90.24,91.58
BCO,2020-01-06,91.58,93.21,91.0,93.15
BCO,2020-01-07,92.56,93.0,91.31,92.59
BCO,2020-01-08,94.11,94.67,93.46,93.91
BCO,2020-01-09,94.46,95.8,93.87,95.62
BCO,2020-01-10,95.5,96.6,94.61,96.35
BCO,2020-01-13,96.29,97.12,95.76,96.01
BCO,2020-01-14,95.66,95.85,93.85,94.18
BCO,2020-01-15,93.8,94.39,92.26,92.88
BCO,2020-01-16,93.54,94.92,93.4,94.2
BCO,2020-01-17,94.33,94.73,92.11,92.42
BCO,2020-01-21,91.99,92.81,91.47,91.76
BCO,2020-01-22,91.99,92.15,90.23,90.34
BCO,2020-01-23,89.95,90.97,88.93,90.58
BCO,2020-01-24,90.88,91.2,89.56,90.1
BCO,2020-01-27,88.49,90.15,88.48,89.69
BCO,2020-01-28,90.15,90.15,89.18,89.3
BCO,2020-01-29,89.44,89.83,86.83,86.87
BCO,2020-01-30,85.99,86.99,85.29,86.69
BCO,2020-01-31,85.99,86.34,83.82,84.19
BCO,2020-02-03,84.61,86.3,84.57,85.5
BCO,2020-02-04,86.87,87.91,86.15,87.49
BCO,2020-02-05,88.4,88.57,87.15,88.28
BCO,2020-02-06,86.63,86.63,79.17,80.72
BCO,2020-02-07,80.45,83.22,80.0,82.51
BCO,2020-02-10,82.07,83.21,80.98,81.96
BCO,2020-02-11,82.36,84.24,82.18,84.2
BCO,2020-02-12,84.94,84.94,84.08,84.5
BCO,2020-02-13,83.81,83.83,82.55,83.65
BCO,2020-02-14,83.27,84.64,83.01,84.17
BCO,2020-02-18,84.03,84.16,82.85,84.1
BCO,2020-02-19,84.39,85.13,84.09,84.47
BCO,2020-02-20,84.14,84.72,83.4,84.52
BCO,2020-02-21,84.37,84.83,83.5,84.09
BCO,2020-02-24,82.09,82.81,81.32,82.6
BCO,2020-02-25,82.62,82.62,79.71,80.16
BCO,2020-02-26,81.06,86.06,81.06,84.94
BCO,2020-02-27,82.87,84.53,80.99,80.99
BCO,2020-02-28,78.52,79.69,76.24,78.29
BCO,2020-03-02,78.9,81.57,77.89,81.56
BCO,2020-03-03,81.26,82.61,78.09,78.74
BCO,2020-03-04,79.8,81.78,78.95,81.69
BCO,2020-03-05,80.14,81.11,79.33,80.66
BCO,2020-03-06,79.54,81.46,77.23,79.02
BCO,2020-03-09,73.48,75.15,67.25,70.53
BCO,2020-03-10,72.53,72.85,69.13,72.45
BCO,2020-03-11,70.45,71.56,64.31,64.58
BCO,2020-03-12,60.5,60.5,54.42,57.44
BCO,2020-03-13,61.09,63.61,56.67,63.61
BCO,2020-03-16,56.29,63.32,54.74,55.89
BCO,2020-03-17,57.26,58.34,54.89,56.09
BCO,2020-03-18,52.43,53.82,47.4,50.27
BCO,2020-03-19,49.9,50.05,43.3,48.0
BCO,2020-03-20,48.45,50.98,44.8,45.12
BCO,2020-03-23,44.71,44.71,40.18,41.8
BCO,2020-03-24,44.24,45.68,42.89,44.76
BCO,2020-03-25,44.61,51.39,44.13,50.05
BCO,2020-03-26,51.51,56.21,50.96,54.44
BCO,2020-03-27,52.08,53.73,50.92,51.39
BCO,2020-03-30,51.7,55.44,50.63,55.11
BCO,2020-03-31,54.58,55.46,51.26,52.05
BCO,2020-04-01,49.78,50.57,45.76,46.55
BCO,2020-04-02,46.12,47.95,45.35,46.73
BCO,2020-04-03,46.43,46.97,43.06,43.81
BCO,2020-04-06,46.01,47.91,45.66,46.44
BCO,2020-04-07,48.95,50.98,46.67,46.87
BCO,2020-04-08,48.13,49.51,46.96,48.25
BCO,2020-04-09,49.8,53.25,49.44,52.4
BCO,2020-04-13,51.57,51.57,49.19,50.32
BCO,2020-04-14,52.0,52.94,51.26,52.47
BCO,2020-04-15,50.27,51.13,49.41,50.14
BCO,2020-04-16,50.42,50.75,48.5,50.39
BCO,2020-04-17,52.18,53.98,51.79,53.48
BCO,2020-04-20,51.7,52.65,50.71,50.91
BCO,2020-04-21,49.09,49.86,48.47,49.49
BCO,2020-04-22,50.9,51.13,48.66,48.79
BCO,2020-04-23,48.87,49.92,47.16,47.4
BCO,2020-04-24,47.75,48.57,42.33,44.13
BCO,2020-04-27,44.78,48.11,44.53,47.91
BCO,2020-04-28,49.54,49.76,47.44,48.06
BCO,2020-04-29,49.71,54.11,49.18,53.32
BCO,2020-04-30,52.13,52.89,50.94,51.12
BCO,2020-05-01,49.52,49.99,47.19,48.71
BCO,2020-05-04,47.92,49.49,45.9,46.55
BCO,2020-05-05,47.5,49.36,47.4,48.37
BCO,2020-05-06,46.02,46.69,40.64,41.14
BCO,2020-05-07,41.59,42.93,41.24,41.3
BCO,2020-05-08,42.37,43.6,40.97,41.06
BCO,2020-05-11,41.47,41.47,38.1,38.19
BCO,2020-05-12,38.48,38.81,37.18,37.21
BCO,2020-05-13,37.03,37.33,33.17,34.82
BCO,2020-05-14,34.11,35.17,33.3,34.79
BCO,2020-05-15,35.03,38.14,34.65,37.45
BCO,2020-05-18,39.04,41.45,39.04,41.12
BCO,2020-05-19,40.54,40.7,37.74,37.75
BCO,2020-05-20,38.27,40.75,38.09,40.52
BCO,2020-05-21,40.22,41.55,40.22,41.13
BCO,2020-05-22,41.35,41.35,39.59,40.47
BCO,2020-05-26,42.47,43.23,41.83,42.19
BCO,2020-05-27,43.7,44.58,43.0,44.32
BCO,2020-05-28,44.75,44.75,41.32,41.42
BCO,2020-05-29,40.57,41.1,39.51,40.1
BCO,2020-06-01,40.51,42.49,39.96,41.62
BCO,2020-06-02,42.38,43.01,41.71,42.38
BCO,2020-06-03,43.2,45.85,43.2,45.09
BCO,2020-06-04,44.59,47.48,44.59,46.84
BCO,2020-06-05,49.78,52.45,49.73,51.1
BCO,2020-06-08,52.76,54.09,52.16,54.03
BCO,2020-06-09,52.38,52.38,50.34,52.06
BCO,2020-06-10,51.54,51.99,49.12,49.82
BCO,2020-06-11,46.56,47.15,45.34,45.96
BCO,2020-06-12,48.4,49.0,45.9,47.61
BCO,2020-06-15,45.24,48.9,44.96,47.93
BCO,2020-06-16,50.46,50.85,47.99,48.55
BCO,2020-06-17,48.75,48.75,46.96,47.06
BCO,2020-06-18,46.26,47.1,45.98,46.79
BCO,2020-06-19,47.44,47.63,43.97,43.98
BCO,2020-06-22,43.44,44.09,42.49,43.54
BCO,2020-06-23,44.33,45.32,43.67,45.2
BCO,2020-06-24,44.39,44.39,42.32,43.05
BCO,2020-06-25,42.46,44.02,42.27,43.93
BCO,2020-06-26,43.37,44.21,42.11,43.89
BCO,2020-06-29,44.86,46.11,44.3,45.82
BCO,2020-06-30,45.43,46.13,44.64,45.51
BCO,2020-07-01,45.28,46.04,43.74,44.42
BCO,2020-07-02,45.49,46.3,43.6,43.78
BCO,2020-07-06,44.84,45.49,44.28,44.7
BCO,2020-07-07,44.15,44.32,42.8,42.85
BCO,2020-07-08,42.63,43.58,42.2,43.45
BCO,2020-07-09,43.19,43.19,40.39,40.47
BCO,2020-07-10,40.54,41.43,40.33,40.83
BCO,2020-07-13,41.51,41.92,40.0,40.68
BCO,2020-07-14,40.31,40.49,38.69,39.6
BCO,2020-07-15,40.91,42.6,40.5,41.57
BCO,2020-07-16,41.21,41.4,40.2,40.61
BCO,2020-07-17,40.72,41.26,40.07,40.17
BCO,2020-07-20,39.78,40.0,38.35,39.21
BCO,2020-07-21,39.76,40.53,38.03,38.31
BCO,2020-07-22,38.15,38.66,37.29,38.64
BCO,2020-07-23,38.38,39.32,38.18,39.11
BCO,2020-07-24,39.02,39.87,37.86,37.94
BCO,2020-07-27,37.76,38.42,37.08,38.39
BCO,2020-07-28,37.99,39.0,37.89,38.29
BCO,2020-07-29,51.81,52.56,44.35,48.07
BCO,2020-07-30,47.29,47.55,45.67,46.29
BCO,2020-07-31,45.62,46.36,43.06,44.35
BCO,2020-08-03,44.36,44.65,42.95,43.62
BCO,2020-08-04,43.47,45.28,43.47,44.14
BCO,2020-08-05,44.92,46.26,44.33,46.16
BCO,2020-08-06,45.86,47.19,45.86,46.97
BCO,2020-08-07,46.59,47.29,45.66,47.19
BCO,2020-08-10,47.17,50.01,47.17,49.72
BCO,2020-08-11,50.42,51.8,48.83,49.3
BCO,2020-08-12,50.12,50.16,47.72,48.81
BCO,2020-08-13,48.3,48.73,46.77,47.04
BCO,2020-08-14,46.49,47.39,46.07,46.91
BCO,2020-08-17,46.74,46.8,45.31,45.73
BCO,2020-08-18,45.56,45.8,45.1,45.2
BCO,2020-08-19,45.49,46.44,45.24,45.72
BCO,2020-08-20,45.01,45.7,44.47,44.83
BCO,2020-08-21,44.31,44.72,43.6,44.21
BCO,2020-08-24,44.66,47.13,44.23,47.07
BCO,2020-08-25,47.58,47.65,46.65,47.4
BCO,2020-08-26,46.85,48.09,46.85,47.06
BCO,2020-08-27,47.78,49.88,47.78,49.59
BCO,2020-08-28,49.62,50.79,49.2,50.19
BCO,2020-08-31,50.1,50.15,48.33,48.36
BCO,2020-09-01,47.71,47.8,45.23,45.41
BCO,2020-09-02,45.31,48.61,45.31,48.2
BCO,2020-09-03,48.85,49.39,45.86,46.26
BCO,2020-09-04,47.53,48.11,45.99,46.61
BCO,2020-09-08,45.97,46.99,45.25,45.91
BCO,2020-09-09,45.92,45.92,44.75,45.56
BCO,2020-09-10,45.66,46.58,44.74,44.78
BCO,2020-09-11,44.92,45.6,44.58,45.28
BCO,2020-09-14,45.69,46.36,45.22,46.14
BCO,2020-09-15,46.48,46.71,45.04,45.2
BCO,2020-09-16,45.16,46.21,44.64,45.65
BCO,2020-09-17,44.99,46.34,44.63,45.93
BCO,2020-09-18,46.16,46.39,44.92,45.52
BCO,2020-09-21,44.51,44.51,42.64,43.68
BCO,2020-09-22,43.62,43.68,42.68,42.8
BCO,2020-09-23,42.88,43.21,39.85,39.9
BCO,2020-09-24,39.91,40.0,38.67,39.7
BCO,2020-09-25,39.31,40.62,39.31,40.32
BCO,2020-09-28,41.05,41.51,40.42,40.71
BCO,2020-09-29,40.7,40.7,39.12,39.8
BCO,2020-09-30,39.93,41.39,39.93,41.09
BCO,2020-10-01,41.28,42.21,41.01,42.18
BCO,2020-10-02,40.95,45.66,40.95,45.32
BCO,2020-10-05,46.0,46.47,45.18,46.19
BCO,2020-10-06,46.92,48.23,46.36,47.26
BCO,2020-10-07,47.93,48.44,46.56,47.39
BCO,2020-10-08,48.11,48.59,47.42,48.55
BCO,2020-10-09,49.0,49.75,48.3,48.88
BCO,2020-10-12,48.9,49.28,48.31,49.23
BCO,2020-10-13,48.67,49.29,46.74,47.26
BCO,2020-10-14,46.95,47.5,46.34,46.41
BCO,2020-10-15,45.68,46.17,44.63,45.46
BCO,2020-10-16,45.5,46.37,44.19,45.0
BCO,2020-10-19,45.21,46.3,44.95,45.01
BCO,2020-10-20,45.75,46.71,45.19,46.56
BCO,2020-10-21,46.39,46.55,45.42,45.52
BCO,2020-10-22,45.44,46.59,45.05,46.12
BCO,2020-10-23,46.75,47.57,46.25,47.46
BCO,2020-10-26,46.78,46.99,45.79,46.75
BCO,2020-10-27,46.41,46.59,44.1,44.64
BCO,2020-10-28,43.52,44.57,42.93,43.91
BCO,2020-10-29,46.53,46.75,42.94,42.96
BCO,2020-10-30,42.68,43.53,41.81,42.83
BCO,2020-11-02,43.63,44.24,42.33,42.61
BCO,2020-11-03,43.47,46.76,43.47,46.32
BCO,2020-11-04,45.52,47.24,45.19,46.33
BCO,2020-11-05,46.76,50.05,46.71,49.82
BCO,2020-11-06,49.83,49.99,48.76,49.12
BCO,2020-11-09,53.17,56.0,53.17,53.61
BCO,2020-11-10,54.22,55.02,52.87,53.97
BCO,2020-11-11,54.09,54.48,52.46,53.3
BCO,2020-11-12,52.81,54.56,52.52,53.92
BCO,2020-11-13,54.66,55.63,54.45,55.34
BCO,2020-11-16,58.61,59.44,57.22,59.0
BCO,2020-11-17,58.42,61.91,57.24,61.85
BCO,2020-11-18,61.85,64.19,60.82,62.87
BCO,2020-11-19,62.39,64.22,60.95,64.11
BCO,2020-11-20,63.81,64.88,62.98,64.86
BCO,2020-11-23,65.77,70.02,65.63,69.25
BCO,2020-11-24,70.99,72.45,67.75,72.39
BCO,2020-11-25,71.67,71.71,69.51,69.9
BCO,2020-11-27,69.76,70.4,68.41,69.0
BCO,2020-11-30,68.3,68.83,66.3,67.1
BCO,2020-12-01,68.45,70.03,68.0,68.77
BCO,2020-12-02,69.55,70.55,68.5,70.18
BCO,2020-12-03,70.43,72.35,70.31,70.76
BCO,2020-12-04,71.68,73.65,70.91,73.4
BCO,2020-12-07,73.35,73.35,69.79,69.97
BCO,2020-12-08,69.17,70.99,68.58,68.76
BCO,2020-12-09,69.5,70.4,67.42,70.29
BCO,2020-12-10,69.3,71.23,69.11,71.02
BCO,2020-12-11,70.01,70.83,68.14,69.18
BCO,2020-12-14,69.83,70.33,66.49,67.16
BCO,2020-12-15,68.03,71.15,67.67,71.14
BCO,2020-12-16,71.1,71.35,69.57,70.29
BCO,2020-12-17,70.46,70.46,68.77,70.41
BCO,2020-12-18,70.65,71.47,70.33,71.15
BCO,2020-12-21,69.5,70.64,68.54,69.96
BCO,2020-12-22,69.83,70.58,69.26,70.23
BCO,2020-12-23,70.82,71.44,69.93,71.09
BCO,2020-12-24,71.09,71.1,69.82,70.82
BCO,2020-12-28,71.39,72.17,70.86,71.51
BCO,2020-12-29,71.62,71.98,69.36,70.52
BCO,2020-12-30,70.85,71.87,70.25,71.48
BCO,2020-12-31,71.34,72.51,70.73,72.0
BCO,2021-01-04,72.45,72.63,67.53,69.77
BCO,2021-01-05,69.44,71.93,69.18,70.6
BCO,2021-01-06,71.6,73.7,70.79,72.77
BCO,2021-01-07,73.25,73.75,71.45,72.7
BCO,2021-01-08,72.78,73.37,70.26,70.96
BCO,2021-01-11,69.95,70.61,68.96,69.47
BCO,2021-01-12,70.08,72.56,69.61,72.26
BCO,2021-01-13,72.48,72.65,71.0,71.78
BCO,2021-01-14,72.47,74.41,71.64,74.08
BCO,2021-01-15,73.49,73.97,71.19,72.99
BCO,2021-01-19,73.55,73.55,72.22,73.32
BCO,2021-01-20,73.44,75.54,72.6,72.82
BCO,2021-01-21,73.57,75.5,71.98,74.26
BCO,2021-01-22,73.15,73.97,70.29,71.33
BCO,2021-01-25,70.67,72.51,68.88,71.89
BCO,2021-01-26,72.75,72.75,69.45,69.74
BCO,2021-01-27,68.75,71.02,67.17,69.17
BCO,2021-01-28,69.92,71.05,68.79,69.89
BCO,2021-01-29,69.71,69.74,66.59,68.13
BCO,2021-02-01,68.32,69.53,67.37,69.41
BCO,2021-02-02,70.35,71.68,69.84,71.38
BCO,2021-02-03,70.92,71.35,68.55,68.76
BCO,2021-02-04,68.9,72.25,68.77,72.18
BCO,2021-02-05,73.0,73.07,71.07,71.52
BCO,2021-02-08,71.98,73.43,71.2,73.33
BCO,2021-02-09,73.4,75.11,73.32,74.79
BCO,2021-02-10,75.22,75.77,73.55,74.37
BCO,2021-02-11,74.73,75.31,72.4,73.45
BCO,2021-02-12,73.07,74.36,72.58,73.42
BCO,2021-02-16,73.9,74.83,72.33,73.43
BCO,2021-02-17,72.62,73.57,72.53,72.83
BCO,2021-02-18,72.77,72.94,70.94,71.88
BCO,2021-02-19,72.51,73.54,71.74,72.76
BCO,2021-02-22,72.65,76.04,72.5,76.0
BCO,2021-02-23,76.64,81.59,76.16,80.86
BCO,2021-02-24,81.39,81.58,78.89,80.4
BCO,2021-02-25,79.64,81.06,76.82,76.97
BCO,2021-02-26,78.12,78.56,75.27,76.83
BCO,2021-03-01,78.89,81.15,78.05,79.69
BCO,2021-03-02,78.44,78.85,76.74,77.51
BCO,2021-03-03,76.5,78.65,75.25,77.26
BCO,2021-03-04,77.6,79.38,75.63,76.24
BCO,2021-03-05,77.26,80.41,76.57,79.92
BCO,2021-03-08,79.78,83.67,78.96,81.79
BCO,2021-03-09,82.36,82.87,81.68,82.61
BCO,2021-03-10,82.25,84.72,81.86,82.81
BCO,2021-03-11,83.35,83.71,82.02,82.99
BCO,2021-03-12,83.2,83.5,81.27,82.16
BCO,2021-03-15,81.56,83.22,80.11,83.2
BCO,2021-03-16,83.35,83.6,82.0,83.17
BCO,2021-03-17,83.64,83.64,81.27,82.8
BCO,2021-03-18,82.74,84.3,82.14,82.48
BCO,2021-03-19,82.47,83.54,80.99,82.58
BCO,2021-03-22,82.58,82.82,80.7,81.21
BCO,2021-03-23,80.33,80.66,76.82,77.75
BCO,2021-03-24,78.62,79.2,75.71,75.75
BCO,2021-03-25,75.15,79.65,74.59,78.95
BCO,2021-03-26,79.5,80.29,78.36,79.43
BCO,2021-03-29,78.62,80.14,76.78,77.12
BCO,2021-03-30,77.28,80.09,77.01,79.21
BCO,2021-03-31,79.69,80.25,77.69,79.23
BCO,2021-04-01,79.72,80.61,79.0,79.24
BCO,2021-04-05,79.84,80.37,78.5,80.29
BCO,2021-04-06,81.07,82.62,80.77,81.4
BCO,2021-04-07,81.24,81.24,79.1,79.96
BCO,2021-04-08,80.03,80.67,79.02,79.89
BCO,2021-04-09,79.98,80.24,79.14,79.74
BCO,2021-04-12,79.74,80.28,79.45,79.75
BCO,2021-04-13,79.69,79.94,78.62,79.0
BCO,2021-04-14,78.97,81.04,78.97,80.18
BCO,2021-04-15,80.65,80.65,79.27,79.38
BCO,2021-04-16,80.22,81.41,79.49,80.01
BCO,2021-04-19,79.64,80.05,77.9,79.06
BCO,2021-04-20,78.56,79.35,76.0,77.12
BCO,2021-04-21,77.0,77.92,76.0,77.55
BCO,2021-04-22,77.86,78.56,76.07,76.15
BCO,2021-04-23,76.6,77.79,76.01,77.22
BCO,2021-04-26,78.0,78.68,76.27,76.83
BCO,2021-04-27,76.53,77.68,76.53,76.91
BCO,2021-04-28,76.4,78.29,74.33,77.93
BCO,2021-04-29,78.91,80.51,78.54,80.21
BCO,2021-04-30,79.21,79.97,79.08,79.92
BCO,2021-05-03,80.36,81.36,79.61,79.72
BCO,2021-05-04,79.21,79.62,77.97,78.69
BCO,2021-05-05,78.72,79.17,77.43,78.63
BCO,2021-05-06,78.62,78.84,77.0,78.73
BCO,2021-05-07,78.62,80.6,78.36,80.55
BCO,2021-05-10,80.55,81.14,79.55,79.91
BCO,2021-05-11,78.44,79.57,77.79,78.94
BCO,2021-05-12,78.61,78.97,76.59,76.97
BCO,2021-05-13,76.93,78.88,76.1,78.71
BCO,2021-05-14,79.16,79.77,78.59,79.64
BCO,2021-05-17,79.11,79.78,77.85,79.67
BCO,2021-05-18,79.75,80.79,79.02,79.55
BCO,2021-05-19,78.32,79.14,76.6,78.65
BCO,2021-05-20,78.17,78.37,76.99,77.52
BCO,2021-05-21,77.87,78.19,76.78,76.91
BCO,2021-05-24,77.33,77.65,76.37,77.12
BCO,2021-05-25,77.34,77.9,74.98,75.03
BCO,2021-05-26,75.22,76.1,74.63,76.05
BCO,2021-05-27,76.93,77.26,76.14,76.14
BCO,2021-05-28,76.2,76.2,74.96,75.41
BCO,2021-06-01,75.96,76.83,74.37,75.29
BCO,2021-06-02,75.51,75.51,73.0,73.38
BCO,2021-06-03,73.08,74.41,72.76,74.06
BCO,2021-06-04,74.42,74.42,72.71,73.32
BCO,2021-06-07,73.74,73.74,72.7,73.24
BCO,2021-06-08,73.77,76.25,73.77,76.08
BCO,2021-06-09,76.0,76.0,75.2,75.48
BCO,2021-06-10,76.0,76.64,73.88,74.63
BCO,2021-06-11,75.36,76.57,75.36,76.5
BCO,2021-06-14,76.99,77.43,76.03,76.49
BCO,2021-06-15,76.45,76.56,75.23,76.5
BCO,2021-06-16,76.27,76.81,75.47,76.56
BCO,2021-06-17,76.66,76.66,74.44,75.56
BCO,2021-06-18,74.5,75.02,73.41,74.6
BCO,2021-06-21,75.36,77.36,74.83,77.06
BCO,2021-06-22,76.69,78.68,75.76,78.17
BCO,2021-06-23,78.19,78.47,77.58,77.69
BCO,2021-06-24,78.0,78.7,77.29,78.23
BCO,2021-06-25,78.55,80.03,78.09,79.78
BCO,2021-06-28,79.78,79.78,77.42,78.34
BCO,2021-06-29,78.63,78.72,76.65,76.86
BCO,2021-06-30,76.65,77.45,76.35,76.84
BCO,2021-07-01,77.59,78.77,76.63,78.64
BCO,2021-07-02,78.93,78.93,78.07,78.37
BCO,2021-07-06,77.89,77.89,75.05,75.09
BCO,2021-07-07,74.37,75.74,74.06,75.09
BCO,2021-07-08,73.67,74.95,73.07,74.76
BCO,2021-07-09,75.93,77.79,75.93,77.57
BCO,2021-07-12,77.01,78.92,76.87,78.76
BCO,2021-07-13,78.43,79.66,78.43,78.97
BCO,2021-07-14,79.51,80.22,77.6,78.35
BCO,2021-07-15,77.87,78.8,76.51,77.57
BCO,2021-07-16,78.35,78.46,75.73,76.04
BCO,2021-07-19,74.32,74.67,71.58,73.6
BCO,2021-07-20,73.71,76.42,73.71,75.75
BCO,2021-07-21,76.59,78.07,76.42,77.83
BCO,2021-07-22,77.12,78.0,72.8,73.7
BCO,2021-07-23,74.0,74.96,72.5,74.86
BCO,2021-07-26,75.35,75.8,73.81,75.16
BCO,2021-07-27,74.16,75.24,73.5,74.22
BCO,2021-07-28,74.6,76.92,74.44,76.15
BCO,2021-07-29,77.2,78.38,76.2,77.49
BCO,2021-07-30,77.4,78.45,76.14,76.96
BCO,2021-08-02,77.76,79.7,77.56,78.02
BCO,2021-08-03,78.07,78.49,76.0,77.5
BCO,2021-08-04,76.56,78.17,76.26,76.29
BCO,2021-08-05,77.47,79.19,76.86,79.11
BCO,2021-08-06,80.0,80.43,79.01,79.24
BCO,2021-08-09,78.66,78.66,76.99,77.04
BCO,2021-08-10,76.79,78.01,76.34,77.71
BCO,2021-08-11,77.63,79.58,77.26,79.53
BCO,2021-08-12,79.46,80.05,78.72,79.87
BCO,2021-08-13,80.17,80.17,77.89,78.19
BCO,2021-08-16,77.78,78.91,76.62,78.83
BCO,2021-08-17,78.03,79.0,77.59,78.18
BCO,2021-08-18,78.0,78.97,76.39,76.41
BCO,2021-08-19,75.45,76.53,75.06,76.17
BCO,2021-08-20,76.06,76.99,75.53,76.75
BCO,2021-08-23,77.1,77.91,76.61,77.33
BCO,2021-08-24,77.73,78.54,77.25,77.51
BCO,2021-08-25,77.46,78.65,77.46,77.84
BCO,2021-08-26,77.56,78.0,76.24,76.37
BCO,2021-08-27,76.37,79.61,76.34,78.86
BCO,2021-08-30,79.43,79.43,77.35,77.75
BCO,2021-08-31,77.7,78.7,77.6,78.16
BCO,2021-09-01,78.15,78.41,77.22,78.3
BCO,2021-09-02,78.84,79.52,78.24,79.05
BCO,2021-09-03,79.5,80.14,78.84,79.08
BCO,2021-09-07,78.9,79.51,76.83,76.95
BCO,2021-09-08,76.64,77.63,76.14,76.18
BCO,2021-09-09,75.52,76.76,73.73,73.74
BCO,2021-09-10,74.07,74.8,72.12,73.43
BCO,2021-09-13,74.28,75.45,73.39,75.39
BCO,2021-09-14,75.56,75.56,71.91,72.33
BCO,2021-09-15,72.41,73.65,71.89,72.85
BCO,2021-09-16,73.24,73.38,71.95,72.66
BCO,2021-09-17,72.79,72.92,70.91,71.84
BCO,2021-09-20,69.95,70.61,68.74,69.27
BCO,2021-09-21,69.5,69.8,66.89,67.0
BCO,2021-09-22,67.0,67.45,66.04,66.78
BCO,2021-09-23,64.66,67.02,63.85,65.85
BCO,2021-09-24,65.42,66.07,64.62,64.71
BCO,2021-09-27,64.6,66.41,64.6,65.27
BCO,2021-09-28,64.78,65.37,63.54,63.98
BCO,2021-09-29,63.89,64.34,62.95,63.8
BCO,2021-09-30,64.47,64.47,63.19,63.3
BCO,2021-10-01,63.52,64.89,62.51,64.26
BCO,2021-10-04,63.54,64.46,62.68,64.11
BCO,2021-10-05,64.63,64.73,63.19,63.86
BCO,2021-10-06,63.25,63.47,61.98,63.41
BCO,2021-10-07,64.04,65.3,64.04,64.74
BCO,2021-10-08,64.91,65.11,63.58,63.67
BCO,2021-10-11,63.49,63.61,61.9,61.99
BCO,2021-10-12,62.02,62.5,61.73,62.04
BCO,2021-10-13,62.01,62.62,61.48,62.05
BCO,2021-10-14,62.0,62.99,61.94,62.04
BCO,2021-10-15,62.52,63.92,61.96,62.06
BCO,2021-10-18,61.77,62.25,61.04,61.99
BCO,2021-10-19,62.26,62.35,61.41,61.5
BCO,2021-10-20,61.44,62.04,61.06,61.33
BCO,2021-10-21,61.3,62.17,61.1,62.14
BCO,2021-10-22,61.97,62.13,58.48,58.99
BCO,2021-10-25,59.0,60.44,59.0,59.59
BCO,2021-10-26,60.07,60.17,58.78,59.02
BCO,2021-10-27,62.98,66.07,62.15,65.81
BCO,2021-10-28,66.79,69.01,66.39,68.56
BCO,2021-10-29,68.25,69.41,67.74,68.88
BCO,2021-11-01,68.62,69.49,68.2,68.22
BCO,2021-11-02,68.27,68.6,67.18,67.99
BCO,2021-11-03,67.9,69.78,67.07,69.25
BCO,2021-11-04,70.0,70.86,69.86,70.29
BCO,2021-11-05,70.89,72.41,69.9,70.46
BCO,2021-11-08,71.01,71.11,67.61,67.86
BCO,2021-11-09,67.64,67.85,65.99,66.02
BCO,2021-11-10,65.7,66.92,65.25,65.37
BCO,2021-11-11,65.08,65.47,64.57,64.83
BCO,2021-11-12,64.91,66.25,64.66,65.97
BCO,2021-11-15,66.66,67.43,66.15,66.98
BCO,2021-11-16,66.71,68.53,66.5,68.14
BCO,2021-11-17,67.43,67.69,66.86,67.06
BCO,2021-11-18,66.91,66.91,65.58,66.4
BCO,2021-11-19,65.56,66.9,65.56,66.45
BCO,2021-11-22,66.91,67.26,65.24,65.57
BCO,2021-11-23,65.38,66.51,64.86,66.16
BCO,2021-11-24,65.7,67.72,65.38,67.29
BCO,2021-11-26,64.8,65.02,61.62,63.05
BCO,2021-11-29,64.3,64.3,61.46,62.18
BCO,2021-11-30,61.36,61.91,59.94,61.16
BCO,2021-12-01,62.86,62.9,59.7,60.17
BCO,2021-12-02,60.78,62.55,60.78,62.17
BCO,2021-12-03,62.49,62.84,61.03,61.92
BCO,2021-12-06,63.35,64.57,62.49,63.66
BCO,2021-12-07,64.45,64.85,63.14,63.31
BCO,2021-12-08,63.47,64.5,62.95,64.0
BCO,2021-12-09,62.87,64.97,62.87,64.31
BCO,2021-12-10,65.44,65.44,63.85,64.05
BCO,2021-12-13,63.38,64.74,63.06,64.31
BCO,2021-12-14,64.04,65.45,63.94,64.72
BCO,2021-12-15,65.14,65.25,60.79,61.25
BCO,2021-12-16,61.8,64.06,61.8,63.74
BCO,2021-12-17,63.56,65.2,63.11,64.53
BCO,2021-12-20,63.41,63.64,61.02,61.77
BCO,2021-12-21,62.48,64.81,62.22,63.56
BCO,2021-12-22,63.61,64.48,62.62,63.35
BCO,2021-12-23,63.57,65.01,63.57,64.73
BCO,2021-12-27,64.59,66.03,64.5,65.9
BCO,2021-12-28,65.64,66.45,65.18,66.03
BCO,2021-12-29,65.99,66.52,65.39,66.19
BCO,2021-12-30,66.35,66.89,65.76,65.87
BCO,2021-12-31,65.49,66.69,65.39,65.57
BCO,2022-01-03,66.19,67.38,65.24,65.42
BCO,2022-01-04,65.77,67.01,65.17,66.68
BCO,2022-01-05,67.13,67.77,66.26,66.3
BCO,2022-01-06,66.22,67.5,66.2,66.42
BCO,2022-01-07,66.07,68.29,66.07,68.22
BCO,2022-01-10,68.17,69.22,67.45,69.21
BCO,2022-01-11,69.0,71.11,68.75,71.03
BCO,2022-01-12,71.51,71.95,70.67,71.25
BCO,2022-01-13,71.7,72.73,71.29,71.91
BCO,2022-01-14,71.57,73.42,71.43,72.79
BCO,2022-01-18,72.34,72.82,70.94,71.69
BCO,2022-01-19,71.42,72.46,71.01,71.74
BCO,2022-01-20,71.82,72.75,70.86,70.94
BCO,2022-01-21,70.92,71.52,69.08,69.16
BCO,2022-01-24,67.73,69.47,66.89,69.11
BCO,2022-01-25,68.09,70.42,66.67,69.9
BCO,2022-01-26,70.66,70.9,68.21,68.58
BCO,2022-01-27,69.19,70.03,68.28,68.98
BCO,2022-01-28,68.69,69.98,68.09,69.93
BCO,2022-01-31,69.01,70.07,68.97,69.78
BCO,2022-02-01,69.17,70.12,68.98,69.66
BCO,2022-02-02,68.9,70.02,68.9,69.55
BCO,2022-02-03,69.53,70.74,69.35,70.3
BCO,2022-02-04,69.44,70.23,68.08,69.49
BCO,2022-02-07,69.32,70.0,69.32,69.62
BCO,2022-02-08,69.66,70.13,69.46,70.0
BCO,2022-02-09,70.13,71.71,70.13,71.03
BCO,2022-02-10,70.3,71.51,69.8,70.08
BCO,2022-02-11,70.17,70.58,69.21,69.51
BCO,2022-02-14,69.48,70.73,68.55,68.92
BCO,2022-02-15,69.69,70.24,69.35,69.77
BCO,2022-02-16,69.63,70.53,69.23,70.27
BCO,2022-02-17,69.65,69.98,68.89,69.25
BCO,2022-02-18,69.29,69.84,68.13,69.23
BCO,2022-02-22,68.61,69.66,68.2,68.57
BCO,2022-02-23,70.81,72.13,69.76,70.02
BCO,2022-02-24,68.49,71.05,68.49,70.81
BCO,2022-02-25,70.9,71.58,70.09,70.53
BCO,2022-02-28,69.74,70.73,69.22,70.06
BCO,2022-03-01,69.55,70.59,68.16,68.42
BCO,2022-03-02,68.63,70.88,68.63,69.8
BCO,2022-03-03,70.36,70.36,68.26,68.7
BCO,2022-03-04,67.84,68.07,66.34,67.75
BCO,2022-03-07,67.46,67.69,64.1,64.36
BCO,2022-03-08,64.83,65.56,62.45,64.36
BCO,2022-03-09,65.81,66.15,65.01,65.74
BCO,2022-03-10,64.61,65.46,63.36,64.01
BCO,2022-03-11,64.25,65.06,62.93,63.6
BCO,2022-03-14,64.22,64.96,63.85,64.53
BCO,2022-03-15,64.79,65.47,64.1,64.68
BCO,2022-03-16,65.15,67.05,65.12,66.76
BCO,2022-03-17,66.21,66.72,66.04,66.48
BCO,2022-03-18,66.68,66.68,64.97,66.27
BCO,2022-03-21,66.25,66.91,65.82,66.44
BCO,2022-03-22,66.91,67.6,65.12,65.69
BCO,2022-03-23,64.96,66.24,64.7,65.69
BCO,2022-03-24,65.52,65.97,65.23,65.71
BCO,2022-03-25,65.76,67.07,65.4,67.06
BCO,2022-03-28,67.14,68.3,66.75,67.8
BCO,2022-03-29,68.69,69.3,67.8,68.41
BCO,2022-03-30,68.23,68.72,67.53,67.77
BCO,2022-03-31,67.34,68.81,67.34,68.0
BCO,2022-04-01,68.41,68.99,67.53,68.25
BCO,2022-04-04,68.11,68.55,67.38,67.94
BCO,2022-04-05,67.73,68.48,66.83,66.89
BCO,2022-04-06,66.45,66.57,65.76,65.88
BCO,2022-04-07,65.61,65.61,64.0,64.36
BCO,2022-04-08,63.97,64.25,62.48,63.15
BCO,2022-04-11,63.21,64.3,63.19,63.23
BCO,2022-04-12,63.31,63.95,62.58,62.93
BCO,2022-04-13,63.01,65.89,63.01,65.61
BCO,2022-04-14,66.02,66.58,65.52,65.83
BCO,2022-04-18,65.43,65.97,65.01,65.18
BCO,2022-04-19,65.42,66.45,65.36,66.26
BCO,2022-04-20,66.79,67.94,66.29,66.54
BCO,2022-04-21,67.25,67.45,65.06,65.32
BCO,2022-04-22,65.16,65.87,63.31,63.51
BCO,2022-04-25,63.01,63.36,61.34,62.64
BCO,2022-04-26,61.79,62.44,60.12,60.16
BCO,2022-04-27,59.96,60.7,59.13,59.25
BCO,2022-04-28,59.91,60.42,58.72,60.12
BCO,2022-04-29,59.53,60.1,58.81,58.95
BCO,2022-05-02,58.71,59.51,57.12,58.26
BCO,2022-05-03,58.12,59.12,57.54,59.05
BCO,2022-05-04,59.12,60.27,57.7,59.93
BCO,2022-05-05,59.06,59.29,55.81,56.49
BCO,2022-05-06,56.13,56.34,54.44,55.46
BCO,2022-05-09,54.87,56.09,53.9,55.9
BCO,2022-05-10,58.69,59.92,56.94,57.18
BCO,2022-05-11,56.73,57.12,55.49,56.02
BCO,2022-05-12,56.09,56.34,53.73,55.4
BCO,2022-05-13,55.78,56.81,55.58,56.3
BCO,2022-05-16,55.35,56.81,55.35,56.0
BCO,2022-05-17,56.97,58.29,56.55,58.25
BCO,2022-05-18,57.83,58.28,56.65,57.06
BCO,2022-05-19,56.81,57.8,56.76,57.1
BCO,2022-05-20,57.36,57.89,55.67,56.71
BCO,2022-05-23,57.58,57.83,56.38,57.44
BCO,2022-05-24,56.99,57.94,56.28,57.93
BCO,2022-05-25,57.58,59.19,57.42,59.06
BCO,2022-05-26,59.56,60.5,59.47,60.34
BCO,2022-05-27,60.81,61.54,60.81,61.47
BCO,2022-05-31,61.07,61.54,59.92,60.83
BCO,2022-06-01,60.72,60.72,58.3,58.97
BCO,2022-06-02,59.42,60.84,59.16,60.8
BCO,2022-06-03,60.31,61.5,60.03,61.38
BCO,2022-06-06,61.82,63.66,60.99,63.58
BCO,2022-06-07,63.1,63.1,61.81,63.0
BCO,2022-06-08,62.5,63.41,61.87,61.9
BCO,2022-06-09,61.31,61.87,60.37,60.56
BCO,2022-06-10,59.57,60.03,58.67,58.69
BCO,2022-06-13,57.42,58.31,56.66,57.33
BCO,2022-06-14,57.17,57.97,56.05,56.37
BCO,2022-06-15,57.87,58.69,57.13,58.15
BCO,2022-06-16,57.09,57.09,54.39,54.78
BCO,2022-06-17,55.26,56.41,54.14,55.5
BCO,2022-06-21,56.8,57.59,55.55,57.19
BCO,2022-06-22,56.62,57.69,56.2,57.34
BCO,2022-06-23,57.71,57.79,56.44,57.38
BCO,2022-06-24,57.93,59.73,57.93,59.01
BCO,2022-06-27,59.56,59.67,58.33,58.51
BCO,2022-06-28,58.96,59.62,58.56,59.29
BCO,2022-06-29,59.6,59.6,58.37,59.35
BCO,2022-06-30,58.45,60.72,58.45,60.71
BCO,2022-07-01,60.18,61.2,59.27,60.24
BCO,2022-07-05,58.96,59.93,58.15,59.77
BCO,2022-07-06,59.77,60.19,59.05,59.7
BCO,2022-07-07,60.33,61.29,60.33,60.49
BCO,2022-07-08,60.26,61.06,59.32,59.46
BCO,2022-07-11,59.14,59.4,58.42,58.53
BCO,2022-07-12,58.42,59.21,57.05,57.23
BCO,2022-07-13,56.49,56.71,55.24,55.78
BCO,2022-07-14,54.97,55.1,54.09,54.75
BCO,2022-07-15,55.48,56.35,54.5,56.35
BCO,2022-07-18,56.89,57.36,55.08,55.17
BCO,2022-07-19,55.67,56.94,55.31,56.49
BCO,2022-07-20,56.5,56.7,55.51,55.79
BCO,2022-07-21,55.41,55.51,54.9,55.41
BCO,2022-07-22,55.62,55.63,53.99,54.77
BCO,2022-07-25,54.96,56.01,54.5,55.51
BCO,2022-07-26,55.25,56.35,55.25,56.03
BCO,2022-07-27,56.22,57.0,56.18,56.91
BCO,2022-07-28,57.23,58.27,57.15,57.49
BCO,2022-07-29,57.6,57.79,56.6,56.94
BCO,2022-08-01,56.46,56.72,55.84,56.08
BCO,2022-08-02,55.96,55.97,54.8,55.19
BCO,2022-08-03,55.34,57.5,55.34,56.23
BCO,2022-08-04,56.43,58.21,56.07,57.62
BCO,2022-08-05,56.54,57.14,56.29,56.83
BCO,2022-08-08,57.29,57.55,55.96,56.68
BCO,2022-08-09,56.89,56.89,55.9,56.29
BCO,2022-08-10,57.18,57.3,55.97,56.45
BCO,2022-08-11,57.26,58.14,56.83,57.32
BCO,2022-08-12,57.52,59.1,57.08,59.0
BCO,2022-08-15,58.76,59.9,58.53,59.46
BCO,2022-08-16,59.61,59.79,58.58,58.86
BCO,2022-08-17,58.38,58.74,57.92,58.62
BCO,2022-08-18,58.84,59.37,58.64,58.77
BCO,2022-08-19,58.49,58.49,57.49,57.95
BCO,2022-08-22,57.23,57.23,56.17,56.22
BCO,2022-08-23,55.99,57.44,55.83,57.34
BCO,2022-08-24,57.05,57.6,56.74,56.8
BCO,2022-08-25,56.86,58.22,56.65,57.65
BCO,2022-08-26,57.57,57.96,56.16,56.23
BCO,2022-08-29,55.67,56.48,55.21,56.1
BCO,2022-08-30,56.16,56.31,55.34,55.93
BCO,2022-08-31,56.26,56.39,55.26,55.28
BCO,2022-09-01,55.0,55.57,54.61,55.51
BCO,2022-09-02,56.21,56.21,54.72,54.92
BCO,2022-09-06,55.15,55.15,52.69,53.59
BCO,2022-09-07,53.5,54.85,53.16,54.49
BCO,2022-09-08,54.09,54.36,53.65,54.18
BCO,2022-09-09,54.65,55.71,54.65,55.64
BCO,2022-09-12,55.68,56.74,55.68,56.66
BCO,2022-09-13,55.65,56.23,53.97,54.1
BCO,2022-09-14,53.94,53.94,52.6,53.7
BCO,2022-09-15,53.27,53.83,53.06,53.39
BCO,2022-09-16,52.79,53.28,52.12,53.25
BCO,2022-09-19,52.49,53.28,52.49,53.16
BCO,2022-09-20,52.52,52.78,52.3,52.68
BCO,2022-09-21,53.06,53.76,52.61,52.63
BCO,2022-09-22,52.28,52.33,51.5,51.51
BCO,2022-09-23,51.0,51.81,50.15,51.7
BCO,2022-09-26,51.54,52.24,49.65,49.77
BCO,2022-09-27,50.15,50.59,49.02,50.07
BCO,2022-09-28,50.58,50.98,50.04,50.18
BCO,2022-09-29,49.54,49.58,48.58,49.1
BCO,2022-09-30,49.14,49.87,48.38,48.44
BCO,2022-10-03,49.27,51.23,48.49,51.05
BCO,2022-10-04,52.35,55.69,52.35,55.67
BCO,2022-10-05,54.57,56.33,54.1,56.1
BCO,2022-10-06,55.85,56.69,55.23,56.5
BCO,2022-10-07,55.84,56.35,54.81,56.04
BCO,2022-10-10,56.51,57.11,56.19,56.76
BCO,2022-10-11,56.63,57.35,56.02,56.73
BCO,2022-10-12,57.28,57.28,56.15,56.57
BCO,2022-10-13,55.24,57.33,54.99,56.58
BCO,2022-10-14,57.06,57.58,55.69,55.97
BCO,2022-10-17,57.13,57.77,56.43,56.65
BCO,2022-10-18,57.85,58.75,57.43,58.2
BCO,2022-10-19,57.66,58.63,57.47,57.95
BCO,2022-10-20,58.11,58.83,57.34,57.65
BCO,2022-10-21,57.96,59.61,57.23,59.61
BCO,2022-10-24,59.65,60.86,59.44,60.35
BCO,2022-10-25,60.26,61.7,60.11,60.17
BCO,2022-10-26,59.49,59.95,55.48,56.18
BCO,2022-10-27,56.4,59.64,56.4,58.22
BCO,2022-10-28,58.56,58.7,57.28,58.52
BCO,2022-10-31,58.0,59.92,57.56,59.63
BCO,2022-11-01,59.88,60.33,59.06,60.16
BCO,2022-11-02,59.62,60.81,58.67,58.78
BCO,2022-11-03,58.01,58.3,56.92,57.3
BCO,2022-11-04,58.05,59.4,57.72,59.12
BCO,2022-11-07,59.27,60.74,58.58,60.42
BCO,2022-11-08,61.19,62.49,60.67,61.59
BCO,2022-11-09,60.96,62.65,60.96,61.73
BCO,2022-11-10,64.05,64.33,62.39,62.74
BCO,2022-11-11,62.91,62.92,60.2,61.16
BCO,2022-11-14,60.66,61.9,60.66,61.41
BCO,2022-11-15,62.47,62.81,60.92,61.15
BCO,2022-11-16,61.11,61.69,60.48,60.81
BCO,2022-11-17,59.89,59.89,58.41,59.58
BCO,2022-11-18,60.52,60.67,59.51,60.15
BCO,2022-11-21,59.83,60.91,59.83,60.8
BCO,2022-11-22,61.05,61.51,60.52,60.9
BCO,2022-11-23,60.47,60.89,60.42,60.62
BCO,2022-11-25,60.99,61.0,60.45,60.72
BCO,2022-11-28,60.32,60.42,59.15,59.59
BCO,2022-11-29,59.37,60.18,59.23,59.73
BCO,2022-11-30,59.59,60.12,58.16,59.75
BCO,2022-12-01,60.14,60.36,59.49,59.75
BCO,2022-12-02,59.01,60.16,58.95,59.29
BCO,2022-12-05,58.61,59.3,57.69,58.97
BCO,2022-12-06,59.17,59.17,56.91,57.67
BCO,2022-12-07,57.66,58.03,56.71,56.72
BCO,2022-12-08,57.1,57.6,56.21,57.58
BCO,2022-12-09,57.16,57.98,57.07,57.52
BCO,2022-12-12,57.59,58.32,56.97,58.11
BCO,2022-12-13,59.51,59.65,58.19,58.4
BCO,2022-12-14,58.25,59.01,57.76,58.53
BCO,2022-12-15,57.79,57.79,55.38,56.42
BCO,2022-12-16,55.81,55.94,54.67,55.62
BCO,2022-12-19,55.49,55.62,53.24,53.4
BCO,2022-12-20,53.46,54.14,52.83,53.94
BCO,2022-12-21,54.18,54.92,54.18,54.57
BCO,2022-12-22,54.01,54.01,52.63,53.43
BCO,2022-12-23,53.22,54.16,52.97,54.12
BCO,2022-12-27,54.18,54.57,53.88,54.1
BCO,2022-12-28,54.29,54.34,53.15,53.16
BCO,2022-12-29,53.44,54.4,53.34,54.21
BCO,2022-12-30,53.52,54.19,53.52,53.71
BCO,2023-01-03,54.19,54.92,53.88,54.62
BCO,2023-01-04,55.17,55.57,54.6,55.32
BCO,2023-01-05,55.0,56.31,54.39,56.15
BCO,2023-01-06,56.75,58.05,56.59,57.94
BCO,2023-01-09,58.22,59.34,57.37,59.0
BCO,2023-01-10,58.99,59.61,58.96,59.31
BCO,2023-01-11,59.43,59.97,59.07,59.92
BCO,2023-01-12,60.25,62.51,59.96,62.06
BCO,2023-01-13,61.69,62.73,61.69,62.62
BCO,2023-01-17,62.78,64.24,62.59,63.92
BCO,2023-01-18,63.99,64.02,61.69,61.69
BCO,2023-01-19,61.47,61.99,61.22,61.61
BCO,2023-01-20,61.74,63.11,61.29,63.06
BCO,2023-01-23,63.04,63.16,61.98,62.58
BCO,2023-01-24,62.61,62.85,61.98,62.42
BCO,2023-01-25,62.05,63.36,61.75,63.23
BCO,2023-01-26,63.6,63.91,62.85,63.87
BCO,2023-01-27,63.46,64.27,63.38,63.5
BCO,2023-01-30,62.9,63.53,62.69,63.47
BCO,2023-01-31,63.72,65.78,63.72,65.6
BCO,2023-02-01,65.19,66.33,64.16,65.76
BCO,2023-02-02,65.83,66.79,65.5,65.74
BCO,2023-02-03,65.25,66.32,64.99,65.01
BCO,2023-02-06,64.79,65.37,64.17,64.49
BCO,2023-02-07,64.02,64.85,63.17,64.67
BCO,2023-02-08,64.07,64.36,62.44,62.78
BCO,2023-02-09,63.21,63.9,62.87,62.92
BCO,2023-02-10,62.71,62.87,61.82,62.74
BCO,2023-02-13,62.71,63.71,62.48,63.65
BCO,2023-02-14,63.08,63.98,62.7,63.37
BCO,2023-02-15,62.81,64.13,62.81,63.69
BCO,2023-02-16,62.72,63.68,62.49,63.47
BCO,2023-02-17,63.58,64.22,63.26,63.96
BCO,2023-02-21,63.13,63.85,61.76,61.8
BCO,2023-02-22,64.02,70.05,64.02,69.57
BCO,2023-02-23,69.85,69.85,64.42,65.95
BCO,2023-02-24,64.66,65.71,64.3,65.69
BCO,2023-02-27,66.43,67.28,65.66,66.25
BCO,2023-02-28,66.09,67.04,65.11,65.25
BCO,2023-03-01,65.1,66.15,64.38,65.58
BCO,2023-03-02,65.19,66.89,65.19,66.89
BCO,2023-03-03,66.81,67.96,66.4,67.9
BCO,2023-03-06,67.79,68.32,66.36,67.05
BCO,2023-03-07,67.13,67.4,66.46,67.08
BCO,2023-03-08,67.3,67.92,66.99,67.83
BCO,2023-03-09,67.81,67.89,66.46,66.58
BCO,2023-03-10,66.29,66.29,63.94,64.19
BCO,2023-03-13,63.23,64.28,62.21,62.58
BCO,2023-03-14,64.12,64.71,63.86,64.63
BCO,2023-03-15,63.0,63.68,61.75,62.79
BCO,2023-03-16,62.03,64.1,61.3,63.3
BCO,2023-03-17,63.06,63.06,60.45,60.7
BCO,2023-03-20,61.36,62.89,61.08,61.25
BCO,2023-03-21,62.41,63.21,62.41,63.0
BCO,2023-03-22,62.92,63.93,61.46,61.54
BCO,2023-03-23,61.66,62.44,60.22,60.72
BCO,2023-03-24,61.4,64.16,60.97,64.16
BCO,2023-03-27,64.99,65.99,63.67,65.46
BCO,2023-03-28,65.13,65.84,64.49,65.09
BCO,2023-03-29,65.84,65.84,64.52,65.14
BCO,2023-03-30,65.98,66.49,65.49,65.57
BCO,2023-03-31,66.28,67.11,66.27,66.8
BCO,2023-04-03,66.8,67.2,65.79,66.04
BCO,2023-04-04,66.17,66.17,64.5,64.69
BCO,2023-04-05,64.25,64.8933,63.61,64.25
BCO,2023-04-06,64.59,64.955,64.23,64.58
BCO,2023-04-10,64.19,65.265,64.19,65.21
BCO,2023-04-11,65.35,65.52,64.82,65.13
BCO,2023-04-12,65.6,65.7464,64.825,65.31
BCO,2023-04-13,65.37,66.52,64.63,66.5
BCO,2023-04-14,66.62,66.87,64.595,65.08
BCO,2023-04-17,65.49,66.36,65.01,66.28
BCO,2023-04-18,66.62,66.62,65.62,66.45
BCO,2023-04-19,66.15,66.63,65.93,66.01
