ticker,date,open,high,low,close
CIO,2014-04-15,12.5,12.59,12.25,12.4
CIO,2014-04-16,12.4,12.58,12.32,12.32
CIO,2014-04-17,12.35,12.47,12.35,12.4
CIO,2014-04-21,12.49,12.55,12.4,12.53
CIO,2014-04-22,12.55,12.57,12.5,12.55
CIO,2014-04-23,12.55,12.58,12.52,12.57
CIO,2014-04-24,12.57,12.57,12.41,12.41
CIO,2014-04-25,12.42,12.53,12.42,12.47
CIO,2014-04-28,12.46,12.53,12.45,12.53
CIO,2014-04-29,12.5,12.53,12.45,12.46
CIO,2014-04-30,12.45,12.53,12.44,12.53
CIO,2014-05-01,12.53,12.54,12.46,12.54
CIO,2014-05-02,12.49,12.51,12.35,12.49
CIO,2014-05-05,12.52,12.57,12.52,12.57
CIO,2014-05-06,12.53,12.53,12.44,12.49
CIO,2014-05-07,12.49,12.5,12.37,12.49
CIO,2014-05-08,12.6,12.6,12.4,12.52
CIO,2014-05-09,12.52,12.52,12.43,12.46
CIO,2014-05-12,12.49,12.52,12.43,12.48
CIO,2014-05-13,12.54,12.55,12.44,12.46
CIO,2014-05-14,12.46,12.53,12.45,12.53
CIO,2014-05-15,12.49,12.53,12.49,12.5
CIO,2014-05-16,12.53,12.54,12.49,12.49
CIO,2014-05-19,12.5,12.51,12.36,12.46
CIO,2014-05-20,12.55,12.55,12.44,12.45
CIO,2014-05-21,12.47,12.5,12.44,12.44
CIO,2014-05-22,12.44,12.44,12.37,12.37
CIO,2014-05-23,12.41,12.47,12.38,12.44
CIO,2014-05-27,12.5,12.5,12.36,12.38
CIO,2014-05-28,12.44,12.48,12.36,12.39
CIO,2014-05-29,12.3,12.4,12.22,12.36
CIO,2014-05-30,12.33,12.49,12.33,12.42
CIO,2014-06-02,12.46,12.5,12.37,12.44
CIO,2014-06-03,12.45,12.55,12.37,12.45
CIO,2014-06-04,12.5,12.5,12.4,12.49
CIO,2014-06-05,12.5,12.64,12.4,12.54
CIO,2014-06-06,12.54,12.6,12.43,12.5
CIO,2014-06-09,12.5,12.6,12.5,12.5
CIO,2014-06-10,12.5,12.62,12.47,12.5
CIO,2014-06-11,12.5,12.61,12.45,12.5
CIO,2014-06-12,12.59,12.62,12.5,12.6
CIO,2014-06-13,12.62,12.77,12.56,12.77
CIO,2014-06-16,12.77,12.95,12.76,12.95
CIO,2014-06-17,13.09,13.11,12.73,12.79
CIO,2014-06-18,12.75,12.81,12.6,12.75
CIO,2014-06-19,12.76,12.93,12.36,12.48
CIO,2014-06-20,12.5,12.66,11.91,11.91
CIO,2014-06-23,12.15,12.43,12.09,12.38
CIO,2014-06-24,12.43,12.8,12.4,12.67
CIO,2014-06-25,12.7,12.89,12.47,12.71
CIO,2014-06-26,12.76,12.9,12.54,12.77
CIO,2014-06-27,12.81,13.09,12.49,12.59
CIO,2014-06-30,12.89,13.0,12.51,12.68
CIO,2014-07-01,12.45,12.85,12.45,12.65
CIO,2014-07-02,12.7,12.7,12.42,12.56
CIO,2014-07-03,12.62,12.85,12.6,12.65
CIO,2014-07-07,12.77,12.78,12.48,12.72
CIO,2014-07-08,12.81,12.85,12.57,12.75
CIO,2014-07-09,12.79,12.79,12.52,12.58
CIO,2014-07-10,12.55,12.85,12.5,12.84
CIO,2014-07-11,12.89,13.12,12.77,12.97
CIO,2014-07-14,13.11,13.11,12.65,12.84
CIO,2014-07-15,12.91,12.92,12.6,12.74
CIO,2014-07-16,12.7,12.8,12.56,12.76
CIO,2014-07-17,12.8,13.0,12.8,12.87
CIO,2014-07-18,12.89,13.01,12.75,12.87
CIO,2014-07-21,12.9,12.98,12.68,12.75
CIO,2014-07-22,12.77,13.07,12.58,12.7
CIO,2014-07-23,12.83,12.97,12.57,12.94
CIO,2014-07-24,12.85,12.85,12.58,12.58
CIO,2014-07-25,12.96,12.96,12.5,12.55
CIO,2014-07-28,12.55,12.6,12.5,12.59
CIO,2014-07-29,12.69,12.77,12.52,12.52
CIO,2014-07-30,12.57,12.73,12.5,12.56
CIO,2014-07-31,12.56,12.86,12.5,12.51
CIO,2014-08-01,12.5,12.59,12.34,12.47
CIO,2014-08-04,12.51,12.6,12.15,12.34
CIO,2014-08-05,12.34,12.8,12.34,12.8
CIO,2014-08-06,12.67,12.67,12.5,12.5
CIO,2014-08-07,12.5,12.64,12.41,12.52
CIO,2014-08-08,12.63,12.65,12.42,12.54
CIO,2014-08-11,12.56,12.61,12.46,12.55
CIO,2014-08-12,12.55,12.65,12.5,12.5
CIO,2014-08-13,12.64,12.64,12.12,12.49
CIO,2014-08-14,12.41,12.55,12.21,12.55
CIO,2014-08-15,12.29,12.6,12.29,12.6
CIO,2014-08-18,12.52,12.6,12.47,12.52
CIO,2014-08-19,12.4,12.65,12.4,12.65
CIO,2014-08-20,12.65,12.91,12.51,12.78
CIO,2014-08-21,12.84,12.85,12.69,12.7
CIO,2014-08-22,12.8,12.87,12.66,12.69
CIO,2014-08-25,12.71,12.87,12.63,12.73
CIO,2014-08-26,12.87,12.93,12.76,12.79
CIO,2014-08-27,12.89,13.12,12.81,13.09
CIO,2014-08-28,13.09,13.09,12.96,13.02
CIO,2014-08-29,13.09,13.09,12.71,12.86
CIO,2014-09-02,12.95,13.09,12.7,12.82
CIO,2014-09-03,12.75,12.94,12.5,12.57
CIO,2014-09-04,12.66,12.85,12.5,12.51
CIO,2014-09-05,12.5,13.07,12.5,12.88
CIO,2014-09-08,12.9,12.93,12.66,12.89
CIO,2014-09-09,13.12,13.12,12.86,12.91
CIO,2014-09-10,12.98,12.98,12.64,12.66
CIO,2014-09-11,12.71,12.8,12.53,12.71
CIO,2014-09-12,12.71,12.85,12.54,12.75
CIO,2014-09-15,12.82,12.85,12.71,12.77
CIO,2014-09-16,12.84,12.85,12.77,12.81
CIO,2014-09-17,12.88,13.21,12.8,13.06
CIO,2014-09-18,13.1,13.26,12.89,12.97
CIO,2014-09-19,13.09,13.29,13.01,13.29
CIO,2014-09-22,13.22,13.47,13.11,13.29
CIO,2014-09-23,13.3,13.42,13.07,13.18
CIO,2014-09-24,13.2,13.62,13.01,13.35
CIO,2014-09-25,13.34,13.39,13.06,13.3
CIO,2014-09-26,13.23,13.37,13.1,13.37
CIO,2014-09-29,13.37,13.62,13.26,13.61
CIO,2014-09-30,13.56,13.77,13.25,13.58
CIO,2014-10-01,13.38,13.38,13.13,13.32
CIO,2014-10-02,13.26,13.43,13.12,13.22
CIO,2014-10-03,13.27,13.27,13.08,13.11
CIO,2014-10-06,13.17,13.28,13.08,13.08
CIO,2014-10-07,13.15,13.37,13.08,13.3
CIO,2014-10-08,13.17,13.41,13.11,13.41
CIO,2014-10-09,13.6,13.62,13.27,13.35
CIO,2014-10-10,13.33,13.38,13.25,13.36
CIO,2014-10-13,13.27,13.42,13.21,13.37
CIO,2014-10-14,13.29,13.6,13.13,13.49
CIO,2014-10-15,13.25,13.43,13.08,13.09
CIO,2014-10-16,13.08,13.29,13.08,13.24
CIO,2014-10-17,13.6,13.6,13.21,13.29
CIO,2014-10-20,13.18,13.49,13.0,13.25
CIO,2014-10-21,13.14,13.3,13.14,13.3
CIO,2014-10-22,13.23,13.25,13.06,13.23
CIO,2014-10-23,13.29,13.29,12.97,12.97
CIO,2014-10-24,12.89,13.28,12.71,13.26
CIO,2014-10-27,13.15,13.22,13.0,13.06
CIO,2014-10-28,13.01,13.16,12.81,12.89
CIO,2014-10-29,13.02,13.05,12.86,12.9
CIO,2014-10-30,12.96,12.96,12.79,12.91
CIO,2014-10-31,12.95,13.19,12.95,13.19
CIO,2014-11-03,13.16,13.25,13.15,13.15
CIO,2014-11-04,13.19,13.25,13.11,13.25
CIO,2014-11-05,13.2,13.38,13.12,13.34
CIO,2014-11-06,13.25,13.5,13.12,13.18
CIO,2014-11-07,13.28,13.28,12.6,12.8
CIO,2014-11-10,12.9,13.11,12.8,12.99
CIO,2014-11-11,13.05,13.23,12.98,12.98
CIO,2014-11-12,12.93,13.34,12.83,13.31
CIO,2014-11-13,13.31,13.35,13.17,13.19
CIO,2014-11-14,13.06,13.16,12.98,12.99
CIO,2014-11-17,13.08,13.25,13.08,13.25
CIO,2014-11-18,13.23,13.3,13.2,13.24
CIO,2014-11-19,13.29,13.3,13.19,13.24
CIO,2014-11-20,13.25,13.42,13.18,13.21
CIO,2014-11-21,13.06,13.33,12.81,12.87
CIO,2014-11-24,12.91,13.15,12.67,13.14
CIO,2014-11-25,13.07,13.24,13.0,13.21
CIO,2014-11-26,13.28,13.3,13.12,13.26
CIO,2014-11-28,13.26,13.3,13.25,13.27
CIO,2014-12-01,13.27,13.3,13.25,13.26
CIO,2014-12-02,13.18,13.28,13.1,13.17
CIO,2014-12-03,12.96,12.96,12.35,12.73
CIO,2014-12-04,12.6,12.85,12.48,12.6
CIO,2014-12-05,12.48,12.78,12.48,12.57
CIO,2014-12-08,12.6,12.8,12.57,12.71
CIO,2014-12-09,12.69,12.7,12.6,12.66
CIO,2014-12-10,12.66,12.66,12.51,12.59
CIO,2014-12-11,12.6,12.65,12.51,12.51
CIO,2014-12-12,12.61,12.65,12.4,12.5
CIO,2014-12-15,12.55,12.61,12.5,12.5
CIO,2014-12-16,12.58,12.59,12.5,12.5
CIO,2014-12-17,12.56,12.75,12.53,12.63
CIO,2014-12-18,12.75,13.17,12.74,13.02
CIO,2014-12-19,13.04,13.24,13.04,13.22
CIO,2014-12-22,13.22,13.24,13.07,13.12
CIO,2014-12-23,13.16,13.48,13.07,13.17
CIO,2014-12-24,13.11,13.29,13.07,13.16
CIO,2014-12-26,13.17,13.17,13.0,13.1
CIO,2014-12-29,13.03,13.16,13.02,13.11
CIO,2014-12-30,13.12,13.12,12.96,13.07
CIO,2014-12-31,12.9,12.9,12.72,12.8
CIO,2015-01-02,12.84,12.91,12.76,12.91
CIO,2015-01-05,12.9,13.01,12.85,12.96
CIO,2015-01-06,12.94,12.98,12.85,12.93
CIO,2015-01-07,12.98,12.98,12.87,12.95
CIO,2015-01-08,13.04,13.11,12.94,12.97
CIO,2015-01-09,12.93,13.01,12.86,12.9
CIO,2015-01-12,13.0,13.0,12.9,12.98
CIO,2015-01-13,12.95,12.98,12.72,12.96
CIO,2015-01-14,12.93,12.95,12.61,12.85
CIO,2015-01-15,12.95,12.97,12.86,12.93
CIO,2015-01-16,12.99,13.08,12.84,12.88
CIO,2015-01-20,13.0,13.02,12.87,12.87
CIO,2015-01-21,12.88,13.01,12.87,12.87
CIO,2015-01-22,12.85,12.95,12.85,12.87
CIO,2015-01-23,12.89,12.89,12.79,12.81
CIO,2015-01-26,12.76,12.85,12.73,12.76
CIO,2015-01-27,12.84,12.84,12.7,12.84
CIO,2015-01-28,12.91,12.91,12.74,12.76
CIO,2015-01-29,12.82,12.86,12.71,12.78
CIO,2015-01-30,12.8,12.83,12.7,12.8
CIO,2015-02-02,12.86,13.09,12.74,12.9
CIO,2015-02-03,12.94,12.94,12.78,12.9
CIO,2015-02-04,13.0,13.0,12.8,12.91
CIO,2015-02-05,12.91,13.02,12.91,12.97
CIO,2015-02-06,13.0,13.0,12.56,12.56
CIO,2015-02-09,12.72,12.78,12.59,12.7
CIO,2015-02-10,12.75,12.77,12.55,12.61
CIO,2015-02-11,12.62,12.72,12.57,12.57
CIO,2015-02-12,12.62,12.73,12.52,12.52
CIO,2015-02-13,12.52,12.56,12.36,12.37
CIO,2015-02-17,12.37,12.52,12.36,12.41
CIO,2015-02-18,12.41,12.43,12.3,12.4
CIO,2015-02-19,12.4,12.48,12.3,12.3
CIO,2015-02-20,12.3,12.45,12.3,12.36
CIO,2015-02-23,12.35,12.49,12.31,12.4
CIO,2015-02-24,12.47,12.47,12.31,12.31
CIO,2015-02-25,12.37,12.42,12.27,12.28
CIO,2015-02-26,12.35,12.54,12.28,12.47
CIO,2015-02-27,12.51,12.82,12.51,12.57
CIO,2015-03-02,12.57,12.73,12.53,12.58
CIO,2015-03-03,12.61,12.77,12.49,12.71
CIO,2015-03-04,12.58,12.8,12.58,12.74
CIO,2015-03-05,12.75,12.78,12.37,12.46
CIO,2015-03-06,12.46,12.53,12.15,12.48
CIO,2015-03-09,12.56,12.58,12.37,12.42
CIO,2015-03-10,12.35,12.66,12.21,12.42
CIO,2015-03-11,12.48,12.83,12.42,12.44
CIO,2015-03-12,12.46,12.63,12.41,12.58
CIO,2015-03-13,12.6,12.62,12.5,12.52
CIO,2015-03-16,12.52,12.73,12.52,12.64
CIO,2015-03-17,12.63,12.66,12.51,12.65
CIO,2015-03-18,12.64,12.81,12.6,12.65
CIO,2015-03-19,12.73,12.8,12.62,12.63
CIO,2015-03-20,12.77,12.89,12.69,12.72
CIO,2015-03-23,12.85,12.96,12.79,12.79
CIO,2015-03-24,12.86,12.86,12.68,12.74
CIO,2015-03-25,12.82,13.0,12.61,12.65
CIO,2015-03-26,12.6,12.8,12.51,12.78
CIO,2015-03-27,12.86,12.86,12.66,12.76
CIO,2015-03-30,12.85,12.98,12.73,12.92
CIO,2015-03-31,12.7,12.92,12.7,12.73
CIO,2015-04-01,12.71,12.88,12.71,12.8
CIO,2015-04-02,12.85,13.13,12.85,13.05
CIO,2015-04-06,13.08,13.25,13.0,13.09
CIO,2015-04-07,13.12,13.44,13.09,13.44
CIO,2015-04-08,13.45,13.5,13.19,13.26
CIO,2015-04-09,13.27,13.34,13.09,13.34
CIO,2015-04-10,13.33,13.44,13.27,13.27
CIO,2015-04-13,13.31,13.38,13.14,13.38
CIO,2015-04-14,13.39,13.39,13.22,13.24
CIO,2015-04-15,13.1,13.39,13.1,13.3
CIO,2015-04-16,13.35,13.38,13.1,13.2
CIO,2015-04-17,13.25,13.25,13.05,13.13
CIO,2015-04-20,13.12,13.2,12.9,12.95
CIO,2015-04-21,13.0,13.21,12.8,13.17
CIO,2015-04-22,13.2,13.2,12.81,13.19
CIO,2015-04-23,13.07,13.07,12.88,12.92
CIO,2015-04-24,12.82,13.17,12.82,12.98
CIO,2015-04-27,13.11,13.15,12.99,13.1
CIO,2015-04-28,13.03,13.37,13.01,13.3
CIO,2015-04-29,13.18,13.25,12.97,12.98
CIO,2015-04-30,13.0,13.05,12.9,12.91
CIO,2015-05-01,12.98,13.01,12.86,12.95
CIO,2015-05-04,12.95,13.0,12.82,12.85
CIO,2015-05-05,12.94,12.94,12.75,12.87
CIO,2015-05-06,12.87,12.89,12.38,12.42
CIO,2015-05-07,12.5,12.77,12.5,12.77
CIO,2015-05-08,12.87,12.93,12.81,12.82
CIO,2015-05-11,12.8,12.87,12.6,12.74
CIO,2015-05-12,12.71,12.78,12.55,12.7
CIO,2015-05-13,12.72,12.81,12.59,12.79
CIO,2015-05-14,12.79,12.92,12.74,12.8
CIO,2015-05-15,12.86,12.88,12.72,12.82
CIO,2015-05-18,12.74,12.86,12.74,12.84
CIO,2015-05-19,12.84,12.92,12.75,12.84
CIO,2015-05-20,12.8,12.83,12.77,12.81
CIO,2015-05-21,12.75,12.8,12.69,12.75
CIO,2015-05-22,12.92,12.92,12.71,12.77
CIO,2015-05-26,12.77,12.8,12.55,12.6
CIO,2015-05-27,12.63,12.63,12.45,12.53
CIO,2015-05-28,12.6,12.63,12.5,12.54
CIO,2015-05-29,12.59,12.71,12.49,12.71
CIO,2015-06-01,12.73,12.73,12.46,12.72
CIO,2015-06-02,12.76,12.83,12.52,12.59
CIO,2015-06-03,12.72,12.74,12.6,12.64
CIO,2015-06-04,12.66,12.67,12.5,12.57
CIO,2015-06-05,12.53,12.7,12.52,12.62
CIO,2015-06-08,12.58,12.6,12.41,12.51
CIO,2015-06-09,12.53,12.54,12.43,12.54
CIO,2015-06-10,12.45,12.7,12.43,12.52
CIO,2015-06-11,12.6,12.7,12.5,12.56
CIO,2015-06-12,12.6,12.73,12.53,12.53
CIO,2015-06-15,12.53,12.64,12.32,12.37
CIO,2015-06-16,12.41,12.52,12.32,12.48
CIO,2015-06-17,12.48,12.65,12.41,12.62
CIO,2015-06-18,12.6,12.8,12.57,12.76
CIO,2015-06-19,12.71,13.1,12.71,13.1
CIO,2015-06-22,13.03,13.13,12.92,13.12
CIO,2015-06-23,13.05,13.05,12.81,12.87
CIO,2015-06-24,12.87,13.0,12.87,12.87
CIO,2015-06-25,12.87,13.06,12.74,12.83
CIO,2015-06-26,12.84,13.04,12.83,13.04
CIO,2015-06-29,12.94,12.94,12.7,12.74
CIO,2015-06-30,12.69,12.69,12.39,12.4
CIO,2015-07-01,12.49,12.69,12.29,12.29
CIO,2015-07-02,12.4,12.5,12.36,12.36
CIO,2015-07-06,12.41,12.81,12.41,12.76
CIO,2015-07-07,12.79,12.79,12.6,12.65
CIO,2015-07-08,12.56,12.81,12.56,12.56
CIO,2015-07-09,12.53,12.61,12.38,12.38
CIO,2015-07-10,12.4,12.4,12.16,12.29
CIO,2015-07-13,12.33,12.46,12.21,12.42
CIO,2015-07-14,12.47,12.54,12.35,12.4
CIO,2015-07-15,12.39,12.42,12.31,12.36
CIO,2015-07-16,12.1,12.3,12.1,12.28
CIO,2015-07-17,12.42,12.44,12.2,12.36
CIO,2015-07-20,12.3,12.44,12.24,12.39
CIO,2015-07-21,12.4,12.67,12.35,12.61
CIO,2015-07-22,12.67,12.7,12.27,12.42
CIO,2015-07-23,12.36,12.56,12.27,12.46
CIO,2015-07-24,12.34,12.45,12.24,12.36
CIO,2015-07-27,12.41,12.45,12.22,12.22
CIO,2015-07-28,12.27,12.47,12.18,12.19
CIO,2015-07-29,12.19,12.65,12.12,12.13
CIO,2015-07-30,12.19,12.63,12.1,12.39
CIO,2015-07-31,12.37,12.65,12.29,12.45
CIO,2015-08-03,12.37,12.51,12.1,12.11
CIO,2015-08-04,12.11,12.16,11.9,11.95
CIO,2015-08-05,11.91,12.13,11.74,12.0
CIO,2015-08-06,12.01,12.31,11.6,11.95
CIO,2015-08-07,11.86,12.23,11.86,12.0
CIO,2015-08-10,12.06,12.1,11.69,11.8
CIO,2015-08-11,11.77,11.88,11.6,11.74
CIO,2015-08-12,11.85,11.9,11.52,11.6
CIO,2015-08-13,11.54,11.81,11.54,11.63
CIO,2015-08-14,11.6,11.99,11.6,11.92
CIO,2015-08-17,11.85,12.05,11.82,11.94
CIO,2015-08-18,11.91,11.97,11.69,11.72
CIO,2015-08-19,11.72,11.8,11.6,11.67
CIO,2015-08-20,11.69,11.78,11.61,11.68
CIO,2015-08-21,11.6,11.79,11.6,11.67
CIO,2015-08-24,11.59,11.7,11.56,11.7
CIO,2015-08-25,11.6,11.7,10.87,11.48
CIO,2015-08-26,11.51,11.51,11.15,11.15
CIO,2015-08-27,11.2,11.33,11.11,11.16
CIO,2015-08-28,11.02,11.42,11.02,11.31
CIO,2015-08-31,11.47,11.47,11.17,11.2
CIO,2015-09-01,11.04,11.2,10.98,11.07
CIO,2015-09-02,11.17,11.21,11.1,11.12
CIO,2015-09-03,11.25,11.25,10.73,10.84
CIO,2015-09-04,10.68,10.74,10.5,10.5
CIO,2015-09-08,10.37,10.84,10.23,10.77
CIO,2015-09-09,10.81,10.81,10.4,10.57
CIO,2015-09-10,10.54,10.61,10.41,10.42
CIO,2015-09-11,10.41,10.45,10.34,10.35
CIO,2015-09-14,10.43,10.43,10.29,10.35
CIO,2015-09-15,10.42,10.69,10.25,10.36
CIO,2015-09-16,10.38,10.54,10.09,10.54
CIO,2015-09-17,10.3,10.5,10.16,10.45
CIO,2015-09-18,10.47,11.1,10.31,10.96
CIO,2015-09-21,11.01,11.33,10.91,11.25
CIO,2015-09-22,11.08,11.23,11.05,11.13
CIO,2015-09-23,11.12,11.72,11.05,11.69
CIO,2015-09-24,11.6,11.86,11.4,11.65
CIO,2015-09-25,11.7,11.7,11.49,11.52
CIO,2015-09-28,11.52,11.52,11.2,11.28
CIO,2015-09-29,11.42,11.44,11.01,11.18
CIO,2015-09-30,11.19,11.38,11.11,11.36
CIO,2015-10-01,11.18,11.22,11.05,11.19
CIO,2015-10-02,11.09,11.19,11.0,11.15
CIO,2015-10-05,11.36,11.45,11.07,11.33
CIO,2015-10-06,11.22,11.29,11.0,11.07
CIO,2015-10-07,11.05,11.35,11.05,11.27
CIO,2015-10-08,11.2,11.28,11.1,11.22
CIO,2015-10-09,11.21,11.29,11.15,11.26
CIO,2015-10-12,11.3,11.3,11.21,11.29
CIO,2015-10-13,11.18,11.3,11.05,11.3
CIO,2015-10-14,11.28,11.5,11.14,11.24
CIO,2015-10-15,11.35,11.49,11.15,11.43
CIO,2015-10-16,11.58,11.76,11.37,11.75
CIO,2015-10-19,11.79,11.96,11.46,11.76
CIO,2015-10-20,11.83,11.83,11.53,11.64
CIO,2015-10-21,11.62,11.74,11.52,11.53
CIO,2015-10-22,11.58,12.22,11.58,12.15
CIO,2015-10-23,12.15,12.22,12.04,12.15
CIO,2015-10-26,12.17,12.27,11.96,12.15
CIO,2015-10-27,12.07,12.13,11.76,11.85
CIO,2015-10-28,11.85,11.94,11.65,11.94
CIO,2015-10-29,12.03,12.19,11.79,11.91
CIO,2015-10-30,11.95,11.95,11.41,11.49
CIO,2015-11-02,11.46,11.59,11.46,11.59
CIO,2015-11-03,11.45,11.7,11.42,11.49
CIO,2015-11-04,11.54,11.63,11.38,11.51
CIO,2015-11-05,11.58,11.68,11.48,11.57
CIO,2015-11-06,11.7,11.7,11.25,11.25
CIO,2015-11-09,11.25,11.26,11.0,11.01
CIO,2015-11-10,11.06,11.25,10.61,11.17
CIO,2015-11-11,11.3,11.42,11.13,11.23
CIO,2015-11-12,11.28,11.39,11.0,11.03
CIO,2015-11-13,10.99,11.14,10.68,11.1
CIO,2015-11-16,10.98,11.23,10.98,11.17
CIO,2015-11-17,11.28,11.28,11.0,11.07
CIO,2015-11-18,11.04,11.19,11.03,11.14
CIO,2015-11-19,11.06,11.18,11.06,11.13
CIO,2015-11-20,11.17,11.25,11.06,11.15
CIO,2015-11-23,11.18,11.18,11.05,11.1
CIO,2015-11-24,11.07,11.61,11.07,11.57
CIO,2015-11-25,11.65,11.9,11.12,11.55
CIO,2015-11-27,11.48,11.75,11.48,11.64
CIO,2015-11-30,11.51,11.91,11.5,11.67
CIO,2015-12-01,11.53,11.88,11.43,11.85
CIO,2015-12-02,11.67,11.84,11.6,11.65
CIO,2015-12-03,11.62,11.62,11.35,11.42
CIO,2015-12-04,11.41,11.49,11.4,11.46
CIO,2015-12-07,11.43,11.44,11.16,11.28
CIO,2015-12-08,11.11,11.28,11.11,11.11
CIO,2015-12-09,11.1,11.75,11.1,11.69
CIO,2015-12-10,11.57,11.78,11.49,11.58
CIO,2015-12-11,11.52,11.56,11.46,11.47
CIO,2015-12-14,11.4,11.4,11.09,11.17
CIO,2015-12-15,11.11,11.59,11.11,11.56
CIO,2015-12-16,11.47,11.87,11.46,11.81
CIO,2015-12-17,11.71,11.78,11.42,11.66
CIO,2015-12-18,11.5,11.76,11.26,11.67
CIO,2015-12-21,11.55,11.84,11.55,11.82
CIO,2015-12-22,11.7,12.0,11.59,11.99
CIO,2015-12-23,11.99,12.23,11.88,12.2
CIO,2015-12-24,12.11,12.16,12.11,12.11
CIO,2015-12-28,12.18,12.18,12.0,12.15
CIO,2015-12-29,12.18,12.55,12.07,12.22
CIO,2015-12-30,12.15,12.3,11.97,12.11
CIO,2015-12-31,12.11,12.27,12.09,12.18
CIO,2016-01-04,12.07,12.11,11.66,12.07
CIO,2016-01-05,12.11,12.35,12.04,12.29
CIO,2016-01-06,12.13,12.3,12.13,12.23
CIO,2016-01-07,12.0,12.1,11.97,12.0
CIO,2016-01-08,12.05,12.15,11.9,11.99
CIO,2016-01-11,12.06,12.06,11.9,11.96
CIO,2016-01-12,11.97,12.0,11.76,11.78
CIO,2016-01-13,11.74,11.87,11.2,11.26
CIO,2016-01-14,11.44,11.44,11.15,11.23
CIO,2016-01-15,11.11,11.25,11.03,11.14
CIO,2016-01-19,11.35,11.35,10.96,11.2
CIO,2016-01-20,11.22,11.26,10.65,11.12
CIO,2016-01-21,11.13,11.45,11.13,11.29
CIO,2016-01-22,11.44,11.75,11.27,11.72
CIO,2016-01-25,11.76,11.81,11.38,11.81
CIO,2016-01-26,11.83,11.87,11.67,11.73
CIO,2016-01-27,11.7,11.7,11.53,11.63
CIO,2016-01-28,11.7,11.72,11.45,11.46
CIO,2016-01-29,11.47,11.79,11.39,11.75
CIO,2016-02-01,11.65,11.81,11.53,11.65
CIO,2016-02-02,11.53,11.67,11.41,11.53
CIO,2016-02-03,11.54,11.66,11.4,11.5
CIO,2016-02-04,11.46,11.67,11.26,11.67
CIO,2016-02-05,11.66,11.67,11.42,11.56
CIO,2016-02-08,11.43,11.43,11.18,11.35
CIO,2016-02-09,11.18,11.29,11.14,11.15
CIO,2016-02-10,11.18,11.3,11.13,11.28
CIO,2016-02-11,11.13,11.2,10.76,10.9
CIO,2016-02-12,10.99,11.24,10.93,11.03
CIO,2016-02-16,11.04,11.56,10.96,11.39
CIO,2016-02-17,11.43,11.54,11.29,11.41
CIO,2016-02-18,11.45,11.66,11.45,11.53
CIO,2016-02-19,11.37,11.63,11.37,11.61
CIO,2016-02-22,11.63,11.7,11.6,11.66
CIO,2016-02-23,11.66,11.9,11.56,11.9
CIO,2016-02-24,11.78,11.95,11.41,11.93
CIO,2016-02-25,11.94,11.95,11.88,11.94
CIO,2016-02-26,11.78,12.23,11.78,12.15
CIO,2016-02-29,12.23,12.23,11.95,12.1
CIO,2016-03-01,12.18,12.45,12.08,12.38
CIO,2016-03-02,12.4,12.4,12.0,12.2
CIO,2016-03-03,12.15,12.5,12.15,12.36
CIO,2016-03-04,12.27,12.3,11.93,12.05
CIO,2016-03-07,12.01,12.16,11.91,12.01
CIO,2016-03-08,12.0,12.12,11.8,11.87
CIO,2016-03-09,11.89,12.05,11.83,11.9
CIO,2016-03-10,11.73,11.94,11.71,11.74
CIO,2016-03-11,11.89,12.22,11.78,12.03
CIO,2016-03-14,11.88,12.23,11.88,12.11
CIO,2016-03-15,11.99,12.24,11.88,12.22
CIO,2016-03-16,12.19,12.34,12.05,12.29
CIO,2016-03-17,12.27,12.47,12.16,12.3
CIO,2016-03-18,12.47,13.08,12.38,13.08
CIO,2016-03-21,12.89,12.93,12.57,12.64
CIO,2016-03-22,12.59,12.75,12.5,12.7
CIO,2016-03-23,12.89,12.97,12.65,12.71
CIO,2016-03-24,12.68,12.8,12.61,12.72
CIO,2016-03-28,12.59,12.9,12.58,12.78
CIO,2016-03-29,12.25,12.45,11.89,12.01
CIO,2016-03-30,12.0,12.0,11.26,11.6
CIO,2016-03-31,11.43,11.64,11.4,11.4
CIO,2016-04-01,11.16,11.34,11.16,11.2
CIO,2016-04-04,11.29,11.34,11.2,11.24
CIO,2016-04-05,11.26,11.28,11.15,11.25
CIO,2016-04-06,11.22,11.38,11.21,11.23
CIO,2016-04-07,11.21,11.29,11.21,11.27
CIO,2016-04-08,11.32,11.35,11.14,11.14
CIO,2016-04-11,11.24,11.35,11.17,11.21
CIO,2016-04-12,11.26,11.28,11.15,11.21
CIO,2016-04-13,11.2,11.24,11.05,11.21
CIO,2016-04-14,11.21,11.25,11.15,11.19
CIO,2016-04-15,11.25,11.25,11.18,11.19
CIO,2016-04-18,11.2,11.23,11.14,11.18
CIO,2016-04-19,11.23,11.25,11.09,11.19
CIO,2016-04-20,11.22,11.22,11.11,11.21
CIO,2016-04-21,11.29,11.31,11.02,11.04
CIO,2016-04-22,11.1,11.19,11.01,11.13
CIO,2016-04-25,11.07,11.2,11.05,11.18
CIO,2016-04-26,11.1,11.25,11.1,11.22
CIO,2016-04-27,11.19,11.25,11.14,11.2
CIO,2016-04-28,11.21,11.27,11.21,11.23
CIO,2016-04-29,11.22,11.25,11.2,11.23
CIO,2016-05-02,11.22,11.25,11.2,11.22
CIO,2016-05-03,11.22,11.25,11.14,11.21
CIO,2016-05-04,11.08,11.26,11.07,11.23
CIO,2016-05-05,11.26,11.39,11.2,11.33
CIO,2016-05-06,11.42,11.49,11.28,11.46
CIO,2016-05-09,11.44,11.6,11.33,11.58
CIO,2016-05-10,11.61,11.65,11.52,11.59
CIO,2016-05-11,11.6,11.64,11.52,11.59
CIO,2016-05-12,11.64,11.64,11.53,11.57
CIO,2016-05-13,11.55,11.59,11.5,11.59
CIO,2016-05-16,11.53,11.76,11.53,11.73
CIO,2016-05-17,11.74,11.76,11.46,11.55
CIO,2016-05-18,11.47,11.52,11.16,11.35
CIO,2016-05-19,11.29,11.34,11.12,11.24
CIO,2016-05-20,11.25,11.57,11.2,11.55
CIO,2016-05-23,11.53,11.53,11.2,11.23
CIO,2016-05-24,11.29,11.52,11.25,11.52
CIO,2016-05-25,11.48,11.51,11.34,11.46
CIO,2016-05-26,11.43,11.7,11.43,11.69
CIO,2016-05-27,11.66,11.75,11.63,11.74
CIO,2016-05-31,11.74,11.98,11.63,11.77
CIO,2016-06-01,11.81,12.0,11.63,11.75
CIO,2016-06-02,11.73,11.83,11.6,11.65
CIO,2016-06-03,11.68,11.85,11.67,11.8
CIO,2016-06-06,11.83,11.89,11.65,11.66
CIO,2016-06-07,11.64,11.73,11.46,11.5
CIO,2016-06-08,11.51,11.76,11.47,11.73
CIO,2016-06-09,11.61,11.89,11.6,11.84
CIO,2016-06-10,11.81,11.87,11.67,11.73
CIO,2016-06-13,11.73,11.89,11.58,11.67
CIO,2016-06-14,11.64,11.73,11.48,11.6
CIO,2016-06-15,11.67,11.85,11.63,11.81
CIO,2016-06-16,11.84,11.87,11.55,11.81
CIO,2016-06-17,11.85,11.85,11.65,11.81
CIO,2016-06-20,12.0,12.25,11.96,12.25
CIO,2016-06-21,12.22,12.3,12.09,12.22
CIO,2016-06-22,12.3,12.39,12.21,12.37
CIO,2016-06-23,12.37,12.68,12.34,12.61
CIO,2016-06-24,12.39,13.0,12.12,12.57
CIO,2016-06-27,12.51,12.6,12.33,12.55
CIO,2016-06-28,12.52,12.79,12.48,12.55
CIO,2016-06-29,12.65,12.81,12.51,12.74
CIO,2016-06-30,12.74,12.99,12.69,12.98
CIO,2016-07-01,13.0,13.23,13.0,13.16
CIO,2016-07-05,13.12,13.2,12.96,13.14
CIO,2016-07-06,13.06,13.19,12.94,13.0
CIO,2016-07-07,13.09,13.09,12.9,13.0
CIO,2016-07-08,12.99,13.15,12.93,13.13
CIO,2016-07-11,13.1,13.28,13.1,13.26
CIO,2016-07-12,13.28,13.37,13.2,13.25
CIO,2016-07-13,13.32,13.36,13.07,13.24
CIO,2016-07-14,13.27,13.32,13.15,13.27
CIO,2016-07-15,13.3,13.41,13.21,13.36
CIO,2016-07-18,13.44,13.47,13.31,13.43
CIO,2016-07-19,13.43,13.6,13.34,13.51
CIO,2016-07-20,13.51,13.66,13.39,13.55
CIO,2016-07-21,13.58,13.58,13.4,13.44
CIO,2016-07-22,13.5,13.6,13.47,13.58
CIO,2016-07-25,13.57,13.65,13.45,13.63
CIO,2016-07-26,13.59,13.74,13.39,13.48
CIO,2016-07-27,13.41,13.57,13.19,13.46
CIO,2016-07-28,13.48,13.64,13.44,13.6
CIO,2016-07-29,13.59,13.93,13.55,13.56
CIO,2016-08-01,13.64,13.83,13.49,13.77
CIO,2016-08-02,13.81,13.81,13.46,13.52
CIO,2016-08-03,13.56,13.62,13.38,13.52
CIO,2016-08-04,13.55,13.55,12.55,13.29
CIO,2016-08-05,13.2,13.62,13.2,13.46
CIO,2016-08-08,13.55,13.55,13.37,13.44
CIO,2016-08-09,13.38,13.54,13.24,13.4
CIO,2016-08-10,13.4,13.47,13.29,13.36
CIO,2016-08-11,13.34,13.34,13.18,13.23
CIO,2016-08-12,13.17,13.4,13.17,13.37
CIO,2016-08-15,13.34,13.46,13.31,13.44
CIO,2016-08-16,13.36,13.48,13.06,13.16
CIO,2016-08-17,13.07,13.32,13.04,13.3
CIO,2016-08-18,13.33,13.4,13.1,13.33
CIO,2016-08-19,13.28,13.44,13.24,13.43
CIO,2016-08-22,13.46,13.46,13.26,13.34
CIO,2016-08-23,13.33,13.46,13.18,13.28
CIO,2016-08-24,13.26,13.26,13.09,13.17
CIO,2016-08-25,13.17,13.27,13.05,13.19
CIO,2016-08-26,13.18,13.28,13.06,13.16
CIO,2016-08-29,13.16,13.25,13.06,13.09
CIO,2016-08-30,13.06,13.1,12.95,12.98
CIO,2016-08-31,12.99,13.05,12.9,12.96
CIO,2016-09-01,12.96,13.05,12.8,12.85
CIO,2016-09-02,12.87,13.23,12.83,13.0
CIO,2016-09-06,13.02,13.11,12.92,13.01
CIO,2016-09-07,13.06,13.25,13.0,13.19
CIO,2016-09-08,13.1,13.23,13.03,13.12
CIO,2016-09-09,13.02,13.05,12.73,12.75
CIO,2016-09-12,12.69,12.75,12.45,12.7
CIO,2016-09-13,12.6,12.66,12.3,12.37
CIO,2016-09-14,12.39,12.47,12.34,12.36
CIO,2016-09-15,12.38,12.55,12.36,12.49
CIO,2016-09-16,12.54,12.69,12.38,12.5
CIO,2016-09-19,12.53,12.61,12.44,12.61
CIO,2016-09-20,12.68,12.71,12.57,12.6
CIO,2016-09-21,12.66,12.83,12.37,12.78
CIO,2016-09-22,12.84,13.04,12.75,12.94
CIO,2016-09-23,12.93,13.17,12.86,13.14
CIO,2016-09-26,13.19,13.23,13.13,13.17
CIO,2016-09-27,13.18,13.21,13.0,13.04
CIO,2016-09-28,13.1,13.16,12.86,13.0
CIO,2016-09-29,13.04,13.04,12.69,12.76
CIO,2016-09-30,12.8,12.87,12.63,12.73
CIO,2016-10-03,12.85,12.85,12.69,12.82
CIO,2016-10-04,12.83,12.84,12.52,12.62
CIO,2016-10-05,12.61,12.62,12.17,12.24
CIO,2016-10-06,12.06,12.1,11.87,12.02
CIO,2016-10-07,12.13,12.23,11.95,12.02
CIO,2016-10-10,12.1,12.19,12.03,12.14
CIO,2016-10-11,12.14,12.18,12.02,12.16
CIO,2016-10-12,12.11,12.35,12.11,12.28
CIO,2016-10-13,12.28,12.44,12.28,12.34
CIO,2016-10-14,12.41,12.48,12.15,12.18
CIO,2016-10-17,12.22,12.52,12.17,12.38
CIO,2016-10-18,12.55,12.55,12.37,12.39
CIO,2016-10-19,12.44,12.5,12.31,12.46
CIO,2016-10-20,12.47,12.58,12.41,12.53
CIO,2016-10-21,12.5,13.0,12.5,12.98
CIO,2016-10-24,13.0,13.1,12.88,13.0
CIO,2016-10-25,13.0,13.05,12.91,12.99
CIO,2016-10-26,12.9,12.9,12.65,12.67
CIO,2016-10-27,12.69,12.7,12.48,12.52
CIO,2016-10-28,12.53,12.69,12.49,12.55
CIO,2016-10-31,12.52,12.68,12.46,12.56
CIO,2016-11-01,12.58,12.59,12.23,12.28
CIO,2016-11-02,12.35,12.39,12.14,12.16
CIO,2016-11-03,12.22,12.24,12.12,12.13
CIO,2016-11-04,12.13,12.29,12.09,12.12
CIO,2016-11-07,12.47,12.62,12.32,12.55
CIO,2016-11-08,12.6,12.7,12.59,12.63
CIO,2016-11-09,12.55,12.65,12.08,12.32
CIO,2016-11-10,12.28,12.28,12.06,12.11
CIO,2016-11-11,12.19,12.5,12.05,12.14
CIO,2016-11-14,12.18,12.24,12.01,12.16
CIO,2016-11-15,12.14,12.4,12.08,12.31
CIO,2016-11-16,12.34,12.44,12.18,12.24
CIO,2016-11-17,12.31,12.33,12.04,12.21
CIO,2016-11-18,12.24,12.39,12.2,12.34
CIO,2016-11-21,12.44,12.48,12.22,12.25
CIO,2016-11-22,12.32,12.67,12.24,12.51
CIO,2016-11-23,12.44,12.5,12.31,12.5
CIO,2016-11-25,12.48,12.78,12.35,12.65
CIO,2016-11-28,12.67,12.78,12.5,12.66
CIO,2016-11-29,12.72,12.77,12.46,12.61
CIO,2016-11-30,12.59,12.61,12.41,12.52
CIO,2016-12-01,12.43,12.52,12.13,12.31
CIO,2016-12-02,12.3,12.6,12.3,12.4
CIO,2016-12-05,12.35,12.53,12.34,12.51
CIO,2016-12-06,12.54,12.55,12.45,12.5
CIO,2016-12-07,12.5,12.93,12.48,12.85
CIO,2016-12-08,12.9,12.92,12.77,12.9
CIO,2016-12-09,12.94,13.01,12.6,12.77
CIO,2016-12-12,12.9,13.0,12.79,12.8
CIO,2016-12-13,12.9,12.92,12.77,12.9
CIO,2016-12-14,12.9,12.9,12.69,12.75
CIO,2016-12-15,12.7,12.87,12.53,12.69
CIO,2016-12-16,12.76,12.88,12.51,12.63
CIO,2016-12-19,12.7,13.0,12.69,12.92
CIO,2016-12-20,12.9,12.99,12.82,12.91
CIO,2016-12-21,12.94,13.0,12.7,12.71
CIO,2016-12-22,12.74,12.79,12.5,12.76
CIO,2016-12-23,12.8,12.93,12.72,12.9
CIO,2016-12-27,12.93,12.97,12.7,12.9
CIO,2016-12-28,12.9,12.9,12.64,12.79
CIO,2016-12-29,12.79,13.13,12.73,13.1
CIO,2016-12-30,13.04,13.25,13.01,13.17
CIO,2017-01-03,13.25,13.37,13.18,13.35
CIO,2017-01-04,13.45,13.55,13.22,13.34
CIO,2017-01-05,13.33,13.34,13.03,13.12
CIO,2017-01-06,13.17,13.19,13.02,13.03
CIO,2017-01-09,13.05,13.05,12.9,12.92
CIO,2017-01-10,12.43,12.65,12.4,12.43
CIO,2017-01-11,12.25,12.44,12.24,12.29
CIO,2017-01-12,12.3,12.35,12.2,12.31
CIO,2017-01-13,12.31,12.46,12.3,12.42
CIO,2017-01-17,12.53,12.83,12.44,12.71
CIO,2017-01-18,12.76,12.93,12.61,12.7
CIO,2017-01-19,12.72,12.79,12.6,12.7
CIO,2017-01-20,12.68,12.85,12.62,12.64
CIO,2017-01-23,12.7,12.97,12.67,12.89
CIO,2017-01-24,12.8,12.94,12.75,12.85
CIO,2017-01-25,12.85,13.07,12.66,12.75
CIO,2017-01-26,12.74,13.14,12.74,12.82
CIO,2017-01-27,12.93,13.11,12.66,12.71
CIO,2017-01-30,12.65,12.71,12.4,12.44
CIO,2017-01-31,12.5,12.76,12.38,12.59
CIO,2017-02-01,12.55,12.82,12.45,12.54
CIO,2017-02-02,12.7,13.08,12.68,12.95
CIO,2017-02-03,13.0,13.16,12.99,13.12
CIO,2017-02-06,13.2,13.25,13.0,13.15
CIO,2017-02-07,13.22,13.22,12.9,12.95
CIO,2017-02-08,13.03,13.03,12.86,12.95
CIO,2017-02-09,12.99,13.11,12.92,13.07
CIO,2017-02-10,13.03,13.15,12.97,13.14
CIO,2017-02-13,13.14,13.29,13.0,13.25
CIO,2017-02-14,13.25,13.25,12.95,12.99
CIO,2017-02-15,12.96,12.97,12.77,12.95
CIO,2017-02-16,12.9,13.07,12.85,13.0
CIO,2017-02-17,13.07,13.13,12.92,13.0
CIO,2017-02-21,12.93,13.07,12.9,13.04
CIO,2017-02-22,13.02,13.14,12.94,13.12
CIO,2017-02-23,13.17,13.17,13.0,13.11
CIO,2017-02-24,13.09,13.17,12.99,13.15
CIO,2017-02-27,13.1,13.25,13.09,13.17
CIO,2017-02-28,13.2,13.21,12.99,13.03
CIO,2017-03-01,13.0,13.03,12.89,12.96
CIO,2017-03-02,12.78,12.9,12.52,12.72
CIO,2017-03-03,12.67,12.75,12.51,12.59
CIO,2017-03-06,12.6,12.6,12.5,12.53
CIO,2017-03-07,12.53,12.53,12.45,12.47
CIO,2017-03-08,12.47,12.48,12.2,12.2
CIO,2017-03-09,12.2,12.25,11.97,12.0
CIO,2017-03-10,12.08,12.11,11.8,11.9
CIO,2017-03-13,11.83,11.9,11.53,11.65
CIO,2017-03-14,11.72,11.72,11.43,11.51
CIO,2017-03-15,11.51,12.01,11.47,11.89
CIO,2017-03-16,11.89,12.05,11.82,12.01
CIO,2017-03-17,11.99,12.07,11.93,11.99
CIO,2017-03-20,12.06,12.1,11.9,11.97
CIO,2017-03-21,11.96,12.01,11.83,11.83
CIO,2017-03-22,11.9,11.99,11.58,11.82
CIO,2017-03-23,11.88,12.09,11.71,11.92
CIO,2017-03-24,11.92,12.05,11.92,11.94
CIO,2017-03-27,11.88,11.95,11.79,11.91
CIO,2017-03-28,11.9,11.92,11.78,11.92
CIO,2017-03-29,11.95,12.02,11.93,11.99
CIO,2017-03-30,12.0,12.07,11.98,12.05
CIO,2017-03-31,12.05,12.19,12.02,12.15
CIO,2017-04-03,12.16,12.2,12.1,12.14
CIO,2017-04-04,12.14,12.24,12.12,12.19
CIO,2017-04-05,12.14,12.27,12.12,12.18
CIO,2017-04-06,12.27,12.47,12.18,12.38
CIO,2017-04-07,12.14,12.46,12.07,12.37
CIO,2017-04-10,12.34,12.4,12.24,12.28
CIO,2017-04-11,12.29,12.47,12.29,12.43
CIO,2017-04-12,12.41,12.46,12.31,12.42
CIO,2017-04-13,12.4,12.45,12.27,12.33
CIO,2017-04-17,12.42,12.43,12.28,12.34
CIO,2017-04-18,12.31,12.63,12.31,12.51
CIO,2017-04-19,12.5,12.59,12.31,12.45
CIO,2017-04-20,12.44,12.56,12.37,12.49
CIO,2017-04-21,12.46,12.52,12.4,12.46
CIO,2017-04-24,12.51,12.6,12.28,12.46
CIO,2017-04-25,12.48,12.6,12.48,12.53
CIO,2017-04-26,12.6,12.77,12.58,12.64
CIO,2017-04-27,12.65,12.77,12.64,12.65
CIO,2017-04-28,12.66,12.67,12.52,12.55
CIO,2017-05-01,12.55,12.65,12.5,12.61
CIO,2017-05-02,12.62,12.7,12.52,12.57
CIO,2017-05-03,12.5,12.54,12.16,12.18
CIO,2017-05-04,12.17,12.27,11.98,12.2
CIO,2017-05-05,12.21,12.45,12.21,12.36
CIO,2017-05-08,12.33,12.48,12.26,12.42
CIO,2017-05-09,12.42,12.42,12.03,12.09
CIO,2017-05-10,12.09,12.44,12.08,12.27
CIO,2017-05-11,12.25,12.26,12.03,12.12
CIO,2017-05-12,12.14,12.21,12.06,12.15
CIO,2017-05-15,12.18,12.3,12.12,12.23
CIO,2017-05-16,12.21,12.24,12.1,12.18
CIO,2017-05-17,12.15,12.24,12.09,12.09
CIO,2017-05-18,12.11,12.16,12.01,12.1
CIO,2017-05-19,12.1,12.17,12.02,12.1
CIO,2017-05-22,12.14,12.21,12.06,12.18
CIO,2017-05-23,12.19,12.23,12.14,12.18
CIO,2017-05-24,12.16,12.25,12.16,12.19
CIO,2017-05-25,12.21,12.51,12.2,12.45
CIO,2017-05-26,12.47,12.48,12.33,12.45
CIO,2017-05-30,12.42,12.5,12.25,12.26
CIO,2017-05-31,12.31,12.4,12.19,12.29
CIO,2017-06-01,12.32,12.59,12.22,12.56
CIO,2017-06-02,12.57,12.76,12.5,12.72
CIO,2017-06-05,12.72,12.79,12.66,12.73
CIO,2017-06-06,12.72,12.72,12.46,12.54
CIO,2017-06-07,12.5,12.57,12.4,12.55
CIO,2017-06-08,12.55,12.66,12.45,12.54
CIO,2017-06-09,12.49,12.7,12.49,12.57
CIO,2017-06-12,12.55,12.78,12.51,12.76
CIO,2017-06-13,12.72,12.81,12.55,12.78
CIO,2017-06-14,12.8,12.81,12.71,12.77
CIO,2017-06-15,12.7,12.79,12.7,12.72
CIO,2017-06-16,12.63,12.77,12.6,12.77
CIO,2017-06-19,12.77,12.78,12.6,12.63
CIO,2017-06-20,12.6,12.69,12.49,12.61
CIO,2017-06-21,12.58,12.69,12.58,12.65
CIO,2017-06-22,12.67,12.77,12.63,12.65
CIO,2017-06-23,12.63,12.76,12.63,12.72
CIO,2017-06-26,12.7,12.8,12.61,12.74
CIO,2017-06-27,12.7,12.77,12.68,12.71
CIO,2017-06-28,12.7,12.77,12.57,12.76
CIO,2017-06-29,12.75,12.75,12.61,12.72
CIO,2017-06-30,12.74,12.76,12.62,12.7
CIO,2017-07-03,12.73,12.92,12.67,12.9
CIO,2017-07-05,12.91,12.91,12.75,12.83
CIO,2017-07-06,12.8,12.83,12.58,12.64
CIO,2017-07-07,12.42,12.48,12.27,12.45
CIO,2017-07-10,12.44,12.47,12.35,12.4
CIO,2017-07-11,12.45,12.45,12.17,12.34
CIO,2017-07-12,12.4,12.64,12.31,12.36
CIO,2017-07-13,12.41,12.42,12.24,12.32
CIO,2017-07-14,12.35,12.51,12.31,12.41
CIO,2017-07-17,12.44,12.62,12.4,12.59
CIO,2017-07-18,12.58,12.69,12.53,12.61
CIO,2017-07-19,12.6,12.69,12.58,12.61
CIO,2017-07-20,12.6,12.68,12.58,12.6
CIO,2017-07-21,12.68,12.7,12.56,12.63
CIO,2017-07-24,12.62,12.63,12.5,12.58
CIO,2017-07-25,12.64,12.68,12.52,12.52
CIO,2017-07-26,12.52,12.68,12.52,12.66
CIO,2017-07-27,12.65,12.79,12.53,12.7
CIO,2017-07-28,12.65,12.79,12.65,12.76
CIO,2017-07-31,12.77,12.77,12.65,12.71
CIO,2017-08-01,12.74,12.78,12.58,12.66
CIO,2017-08-02,12.66,12.66,12.53,12.56
CIO,2017-08-03,12.43,12.65,12.3,12.53
CIO,2017-08-04,12.59,12.75,12.54,12.54
CIO,2017-08-07,12.49,12.6,12.4,12.6
CIO,2017-08-08,12.56,12.75,12.5,12.6
CIO,2017-08-09,12.6,12.61,12.47,12.48
CIO,2017-08-10,12.46,12.54,12.41,12.44
CIO,2017-08-11,12.47,12.59,12.31,12.45
CIO,2017-08-14,12.44,12.78,12.44,12.65
CIO,2017-08-15,12.6,12.65,12.5,12.56
CIO,2017-08-16,12.59,12.63,12.49,12.55
CIO,2017-08-17,12.54,12.62,12.42,12.44
CIO,2017-08-18,12.38,12.5,12.28,12.48
CIO,2017-08-21,12.47,12.55,12.38,12.54
CIO,2017-08-22,12.57,12.57,12.42,12.44
CIO,2017-08-23,12.4,12.5,12.3,12.46
CIO,2017-08-24,12.52,12.58,12.44,12.46
CIO,2017-08-25,12.55,12.55,12.43,12.49
CIO,2017-08-28,12.49,12.6,12.49,12.51
CIO,2017-08-29,12.54,12.69,12.49,12.56
CIO,2017-08-30,12.59,12.75,12.56,12.7
CIO,2017-08-31,12.79,12.85,12.75,12.79
CIO,2017-09-01,12.84,12.9,12.8,12.85
CIO,2017-09-05,12.85,12.93,12.77,12.77
CIO,2017-09-06,12.82,12.92,12.77,12.82
CIO,2017-09-07,12.84,12.96,12.76,12.8
CIO,2017-09-08,12.81,12.93,12.81,12.84
CIO,2017-09-11,12.84,12.99,12.84,12.93
CIO,2017-09-12,12.96,12.98,12.82,12.86
CIO,2017-09-13,12.87,12.98,12.84,12.89
CIO,2017-09-14,12.88,12.95,12.77,12.95
CIO,2017-09-15,12.96,12.99,12.87,12.96
CIO,2017-09-18,12.99,13.06,12.95,12.99
CIO,2017-09-19,13.02,13.02,12.91,13.0
CIO,2017-09-20,13.02,13.08,12.84,12.93
CIO,2017-09-21,12.84,12.99,12.84,12.94
CIO,2017-09-22,12.97,13.05,12.94,12.99
CIO,2017-09-25,13.03,13.2,12.99,13.17
CIO,2017-09-26,13.2,13.48,13.16,13.44
CIO,2017-09-27,13.46,13.59,13.31,13.56
CIO,2017-09-28,13.55,13.77,13.44,13.75
CIO,2017-09-29,13.75,13.81,13.69,13.77
CIO,2017-10-02,13.76,13.83,13.66,13.76
CIO,2017-10-03,13.76,13.82,13.72,13.77
CIO,2017-10-04,13.8,13.9,13.76,13.78
CIO,2017-10-05,13.78,13.93,13.77,13.8
CIO,2017-10-06,13.77,13.85,13.66,13.7
CIO,2017-10-09,13.71,13.77,13.57,13.61
CIO,2017-10-10,13.48,13.5,13.29,13.35
CIO,2017-10-11,13.41,13.52,13.33,13.34
CIO,2017-10-12,13.41,13.44,13.33,13.34
CIO,2017-10-13,13.41,13.47,13.29,13.34
CIO,2017-10-16,13.36,13.38,13.23,13.29
CIO,2017-10-17,13.31,13.35,13.22,13.27
CIO,2017-10-18,13.29,13.42,13.22,13.4
CIO,2017-10-19,13.38,13.45,13.33,13.4
CIO,2017-10-20,13.37,13.47,13.34,13.39
CIO,2017-10-23,13.43,13.43,13.26,13.35
CIO,2017-10-24,13.34,13.4,13.27,13.29
CIO,2017-10-25,13.32,13.32,12.97,13.03
CIO,2017-10-26,13.11,13.11,12.95,12.99
CIO,2017-10-27,13.01,13.22,12.97,13.1
CIO,2017-10-30,13.11,13.11,12.82,12.92
CIO,2017-10-31,12.88,13.06,12.82,13.04
CIO,2017-11-01,13.08,13.2,12.96,13.03
CIO,2017-11-02,13.05,13.18,13.02,13.1
CIO,2017-11-03,13.12,13.24,12.58,13.06
CIO,2017-11-06,12.95,12.95,12.41,12.78
CIO,2017-11-07,12.68,12.84,12.64,12.8
CIO,2017-11-08,12.88,12.97,12.7,12.86
CIO,2017-11-09,12.75,12.9,12.69,12.89
CIO,2017-11-10,12.88,13.02,12.86,12.87
CIO,2017-11-13,12.87,12.9,12.83,12.88
CIO,2017-11-14,12.91,13.04,12.85,12.97
CIO,2017-11-15,12.98,12.98,12.8,12.8
CIO,2017-11-16,12.8,12.96,12.74,12.81
CIO,2017-11-17,12.75,12.86,12.75,12.79
CIO,2017-11-20,12.85,13.02,12.83,12.91
CIO,2017-11-21,13.0,13.09,12.94,13.01
CIO,2017-11-22,13.03,13.12,12.98,12.99
CIO,2017-11-24,13.0,13.14,12.99,13.08
CIO,2017-11-27,13.15,13.39,13.15,13.24
CIO,2017-11-28,13.31,13.33,13.27,13.32
CIO,2017-11-29,13.34,13.43,13.29,13.34
CIO,2017-11-30,13.38,13.41,13.23,13.24
CIO,2017-12-01,13.29,13.29,12.86,13.05
CIO,2017-12-04,13.13,13.18,12.95,12.95
CIO,2017-12-05,12.98,13.01,12.88,12.99
CIO,2017-12-06,13.02,13.04,12.88,12.93
CIO,2017-12-07,12.97,13.06,12.82,12.9
CIO,2017-12-08,12.95,13.01,12.84,12.98
CIO,2017-12-11,12.98,13.02,12.86,12.89
CIO,2017-12-12,12.91,12.93,12.76,12.86
CIO,2017-12-13,12.84,13.0,12.84,12.92
CIO,2017-12-14,12.91,12.98,12.72,12.87
CIO,2017-12-15,12.88,13.11,12.88,13.11
CIO,2017-12-18,13.17,13.37,13.1,13.15
CIO,2017-12-19,12.68,12.86,12.63,12.82
CIO,2017-12-20,12.85,12.96,12.8,12.82
CIO,2017-12-21,12.87,12.91,12.77,12.89
CIO,2017-12-22,12.83,12.92,12.8,12.87
CIO,2017-12-26,12.88,13.07,12.85,13.03
CIO,2017-12-27,13.02,13.07,12.87,12.98
CIO,2017-12-28,12.96,13.15,12.91,13.05
CIO,2017-12-29,13.12,13.12,13.01,13.01
CIO,2018-01-02,13.0,13.05,12.91,12.96
CIO,2018-01-03,13.0,13.06,12.85,12.89
CIO,2018-01-04,12.95,12.98,12.78,12.79
CIO,2018-01-05,12.87,12.9,12.71,12.89
CIO,2018-01-08,12.85,12.94,12.73,12.89
CIO,2018-01-09,12.87,12.91,12.78,12.86
CIO,2018-01-10,12.45,12.45,12.15,12.4
CIO,2018-01-11,12.34,12.41,12.27,12.27
CIO,2018-01-12,12.26,12.26,11.97,11.99
CIO,2018-01-16,12.05,12.2,12.02,12.07
CIO,2018-01-17,12.1,12.1,11.93,12.06
CIO,2018-01-18,12.05,12.09,11.83,11.95
CIO,2018-01-19,11.94,12.03,11.83,11.85
CIO,2018-01-22,11.87,11.97,11.85,11.97
CIO,2018-01-23,11.98,12.11,11.88,12.07
CIO,2018-01-24,12.08,12.08,11.94,11.97
CIO,2018-01-25,12.01,12.04,11.94,12.0
CIO,2018-01-26,12.03,12.03,11.8,11.86
CIO,2018-01-29,11.84,11.88,11.59,11.72
CIO,2018-01-30,11.7,11.72,11.61,11.66
CIO,2018-01-31,11.67,11.76,11.65,11.68
CIO,2018-02-01,11.66,11.73,11.5,11.51
CIO,2018-02-02,11.5,11.51,11.29,11.32
CIO,2018-02-05,11.29,11.42,10.94,10.96
CIO,2018-02-06,10.79,10.95,10.64,10.79
CIO,2018-02-07,10.78,10.97,10.75,10.8
CIO,2018-02-08,10.78,10.88,10.47,10.47
CIO,2018-02-09,10.53,10.65,10.3,10.45
CIO,2018-02-12,10.47,10.47,10.15,10.38
CIO,2018-02-13,10.39,10.61,10.33,10.55
CIO,2018-02-14,10.47,10.53,10.33,10.44
CIO,2018-02-15,10.52,10.64,10.42,10.59
CIO,2018-02-16,10.57,10.76,10.51,10.67
CIO,2018-02-20,10.65,10.82,10.56,10.59
CIO,2018-02-21,10.6,10.7,10.42,10.42
CIO,2018-02-22,10.45,10.56,10.4,10.46
CIO,2018-02-23,10.47,10.58,10.47,10.57
CIO,2018-02-26,10.6,10.6,10.33,10.4
CIO,2018-02-27,10.41,10.5,10.12,10.17
CIO,2018-02-28,10.23,10.35,10.03,10.04
CIO,2018-03-01,10.06,10.71,10.03,10.52
CIO,2018-03-02,10.5,10.98,10.48,10.72
CIO,2018-03-05,10.69,10.87,10.64,10.75
CIO,2018-03-06,10.75,10.97,10.62,10.92
CIO,2018-03-07,10.86,11.12,10.86,11.05
CIO,2018-03-08,11.05,11.1,10.94,11.02
CIO,2018-03-09,11.4,11.49,10.96,11.23
CIO,2018-03-12,11.21,11.44,11.21,11.4
CIO,2018-03-13,11.45,11.69,11.44,11.59
CIO,2018-03-14,11.58,11.68,11.53,11.59
CIO,2018-03-15,11.58,11.64,11.47,11.52
CIO,2018-03-16,11.53,11.72,11.47,11.68
CIO,2018-03-19,11.62,11.62,11.42,11.52
CIO,2018-03-20,11.55,11.64,11.45,11.53
CIO,2018-03-21,11.49,11.59,11.37,11.4
CIO,2018-03-22,11.39,11.62,11.39,11.41
CIO,2018-03-23,11.45,11.51,11.2,11.2
CIO,2018-03-26,11.32,11.38,11.11,11.33
CIO,2018-03-27,11.35,11.53,11.23,11.38
CIO,2018-03-28,11.41,11.72,11.4,11.7
CIO,2018-03-29,11.76,11.77,11.56,11.56
CIO,2018-04-02,11.57,11.7,11.5,11.59
CIO,2018-04-03,11.59,11.85,11.45,11.76
CIO,2018-04-04,11.71,12.02,11.7,11.96
CIO,2018-04-05,11.95,11.95,11.85,11.91
CIO,2018-04-06,11.91,12.04,11.81,11.87
CIO,2018-04-09,11.91,11.98,11.81,11.9
CIO,2018-04-10,11.69,11.69,11.44,11.49
CIO,2018-04-11,11.45,11.64,11.41,11.57
CIO,2018-04-12,11.57,11.57,11.33,11.36
CIO,2018-04-13,11.37,11.45,11.31,11.42
CIO,2018-04-16,11.46,11.59,11.41,11.56
CIO,2018-04-17,11.6,11.7,11.46,11.69
CIO,2018-04-18,11.69,11.72,11.49,11.54
CIO,2018-04-19,11.54,11.54,11.27,11.34
CIO,2018-04-20,11.34,11.39,11.2,11.22
CIO,2018-04-23,11.26,11.36,11.17,11.22
CIO,2018-04-24,11.23,11.27,11.16,11.23
CIO,2018-04-25,11.21,11.31,11.14,11.22
CIO,2018-04-26,11.23,11.36,11.15,11.27
CIO,2018-04-27,11.28,11.54,11.28,11.43
CIO,2018-04-30,11.36,11.51,11.34,11.38
CIO,2018-05-01,11.37,11.42,11.24,11.33
CIO,2018-05-02,11.32,11.57,11.24,11.53
CIO,2018-05-03,11.49,11.55,11.42,11.46
CIO,2018-05-04,11.39,11.66,11.27,11.43
CIO,2018-05-07,11.44,11.61,11.44,11.59
CIO,2018-05-08,11.6,11.85,11.58,11.81
CIO,2018-05-09,11.8,11.86,11.73,11.81
CIO,2018-05-10,11.84,11.91,11.8,11.84
CIO,2018-05-11,11.86,11.88,11.77,11.79
CIO,2018-05-14,11.81,11.81,11.61,11.65
CIO,2018-05-15,11.6,11.66,11.53,11.65
CIO,2018-05-16,11.64,11.75,11.64,11.66
CIO,2018-05-17,11.68,11.7,11.49,11.5
CIO,2018-05-18,11.54,11.56,11.37,11.44
CIO,2018-05-21,11.47,11.67,11.41,11.59
CIO,2018-05-22,11.59,11.66,11.5,11.66
CIO,2018-05-23,11.68,11.91,11.66,11.86
CIO,2018-05-24,11.88,11.89,11.79,11.86
CIO,2018-05-25,11.86,11.92,11.82,11.86
CIO,2018-05-29,11.83,12.11,11.79,11.91
CIO,2018-05-30,11.93,12.38,11.9,12.33
CIO,2018-05-31,12.33,12.49,12.31,12.4
CIO,2018-06-01,12.4,12.43,12.2,12.21
CIO,2018-06-04,12.23,12.31,12.19,12.27
CIO,2018-06-05,12.29,12.36,12.25,12.33
CIO,2018-06-06,12.33,12.46,12.26,12.44
CIO,2018-06-07,12.44,12.5,12.35,12.43
CIO,2018-06-08,12.44,12.52,12.34,12.4
CIO,2018-06-11,12.37,12.45,12.26,12.37
CIO,2018-06-12,12.38,12.49,12.28,12.49
CIO,2018-06-13,12.42,12.48,12.09,12.15
CIO,2018-06-14,12.21,12.3,12.14,12.26
CIO,2018-06-15,12.25,12.39,12.21,12.22
CIO,2018-06-18,12.22,12.38,12.19,12.36
CIO,2018-06-19,12.35,12.44,12.27,12.4
CIO,2018-06-20,12.39,12.53,12.36,12.48
CIO,2018-06-21,12.5,12.6,12.41,12.59
CIO,2018-06-22,12.6,12.77,12.52,12.74
CIO,2018-06-25,12.7,12.88,12.62,12.82
CIO,2018-06-26,12.77,12.85,12.72,12.8
CIO,2018-06-27,12.95,12.95,12.79,12.84
CIO,2018-06-28,12.85,12.97,12.77,12.86
CIO,2018-06-29,12.84,12.94,12.62,12.83
CIO,2018-07-02,12.81,12.95,12.61,12.81
CIO,2018-07-03,12.8,12.99,12.74,12.87
CIO,2018-07-05,12.92,13.13,12.88,13.1
CIO,2018-07-06,13.17,13.2,13.02,13.08
CIO,2018-07-09,13.08,13.15,12.99,13.13
CIO,2018-07-10,13.04,13.04,12.84,12.92
CIO,2018-07-11,12.89,12.97,12.8,12.9
CIO,2018-07-12,12.96,12.96,12.82,12.92
CIO,2018-07-13,12.93,12.98,12.88,12.91
CIO,2018-07-16,12.91,12.94,12.82,12.9
CIO,2018-07-17,12.92,12.96,12.7,12.76
CIO,2018-07-18,12.72,12.75,12.57,12.71
CIO,2018-07-19,12.74,12.93,12.66,12.88
CIO,2018-07-20,12.88,12.88,12.71,12.75
CIO,2018-07-23,12.72,12.79,12.6,12.77
CIO,2018-07-24,12.81,12.81,12.66,12.78
CIO,2018-07-25,12.79,12.88,12.72,12.76
CIO,2018-07-26,12.8,12.89,12.77,12.86
CIO,2018-07-27,12.88,12.88,12.53,12.54
CIO,2018-07-30,12.53,12.71,12.51,12.61
CIO,2018-07-31,12.64,12.86,12.61,12.75
CIO,2018-08-01,12.69,12.87,12.61,12.79
CIO,2018-08-02,12.9,13.08,12.52,12.65
CIO,2018-08-03,12.9,12.9,12.59,12.75
CIO,2018-08-06,12.8,12.92,12.71,12.79
CIO,2018-08-07,12.83,12.83,12.72,12.79
CIO,2018-08-08,12.82,12.88,12.73,12.82
CIO,2018-08-09,12.81,12.85,12.77,12.82
CIO,2018-08-10,12.8,12.84,12.75,12.77
CIO,2018-08-13,12.8,12.83,12.76,12.8
CIO,2018-08-14,12.85,12.92,12.79,12.8
CIO,2018-08-15,12.79,12.87,12.78,12.84
CIO,2018-08-16,12.84,13.02,12.79,12.97
CIO,2018-08-17,12.95,13.02,12.7,12.92
CIO,2018-08-20,12.99,12.99,12.85,12.92
CIO,2018-08-21,12.93,13.0,12.88,12.96
CIO,2018-08-22,13.0,13.0,12.95,12.97
CIO,2018-08-23,12.9,12.99,12.9,12.97
CIO,2018-08-24,12.96,13.0,12.91,12.97
CIO,2018-08-27,13.0,13.0,12.84,12.92
CIO,2018-08-28,12.94,13.0,12.88,12.99
CIO,2018-08-29,13.0,13.06,12.97,12.99
CIO,2018-08-30,13.01,13.06,12.9,12.94
CIO,2018-08-31,12.95,13.01,12.87,12.91
CIO,2018-09-04,12.91,12.93,12.71,12.74
CIO,2018-09-05,12.74,12.84,12.65,12.8
CIO,2018-09-06,12.82,12.86,12.73,12.73
CIO,2018-09-07,12.7,12.71,12.56,12.58
CIO,2018-09-10,12.61,12.7,12.53,12.58
CIO,2018-09-11,12.57,12.66,12.5,12.59
CIO,2018-09-12,12.6,12.67,12.57,12.58
CIO,2018-09-13,12.57,12.74,12.55,12.64
CIO,2018-09-14,12.63,12.65,12.46,12.5
CIO,2018-09-17,12.5,12.54,12.36,12.47
CIO,2018-09-18,12.45,12.48,12.27,12.27
CIO,2018-09-19,12.28,12.3,12.06,12.09
CIO,2018-09-20,12.11,12.28,12.0,12.27
CIO,2018-09-21,12.24,12.46,12.18,12.43
CIO,2018-09-24,12.42,12.42,12.19,12.32
CIO,2018-09-25,12.32,12.45,12.3,12.39
CIO,2018-09-26,12.39,12.48,12.3,12.3
CIO,2018-09-27,12.32,12.45,12.32,12.41
CIO,2018-09-28,12.42,12.62,12.41,12.62
CIO,2018-10-01,12.65,12.67,12.38,12.41
CIO,2018-10-02,12.42,12.49,12.32,12.36
CIO,2018-10-03,12.36,12.43,12.3,12.34
CIO,2018-10-04,12.31,12.38,12.22,12.25
CIO,2018-10-05,12.23,12.35,12.23,12.33
CIO,2018-10-08,12.35,12.58,12.34,12.55
CIO,2018-10-09,12.7,12.7,12.45,12.63
CIO,2018-10-10,12.33,12.47,12.09,12.12
CIO,2018-10-11,12.11,12.15,11.57,11.59
CIO,2018-10-12,11.6,11.74,11.38,11.41
CIO,2018-10-15,11.42,11.62,11.41,11.58
CIO,2018-10-16,11.64,11.88,11.54,11.85
CIO,2018-10-17,11.84,11.85,11.65,11.76
CIO,2018-10-18,11.75,11.87,11.64,11.67
CIO,2018-10-19,11.67,11.82,11.64,11.68
CIO,2018-10-22,11.73,11.85,11.52,11.53
CIO,2018-10-23,11.47,11.59,11.39,11.51
CIO,2018-10-24,11.53,11.62,11.38,11.39
CIO,2018-10-25,11.43,11.62,11.33,11.53
CIO,2018-10-26,11.49,11.52,11.18,11.29
CIO,2018-10-29,11.36,11.54,11.3,11.39
CIO,2018-10-30,11.4,11.48,11.34,11.36
CIO,2018-10-31,11.41,11.41,11.01,11.02
CIO,2018-11-01,10.89,11.04,10.64,10.91
CIO,2018-11-02,10.91,11.0,10.61,10.66
CIO,2018-11-05,10.64,10.92,10.64,10.74
CIO,2018-11-06,10.75,10.99,10.73,10.97
CIO,2018-11-07,11.0,11.39,10.96,11.34
CIO,2018-11-08,11.35,11.46,11.3,11.46
CIO,2018-11-09,11.45,11.45,11.16,11.18
CIO,2018-11-12,11.17,11.31,11.1,11.16
CIO,2018-11-13,11.2,11.29,11.06,11.23
CIO,2018-11-14,11.29,11.3,11.08,11.1
CIO,2018-11-15,11.08,11.16,10.88,10.99
CIO,2018-11-16,10.97,11.07,10.9,11.06
CIO,2018-11-19,11.04,11.12,10.92,10.97
CIO,2018-11-20,10.94,10.99,10.83,10.84
CIO,2018-11-21,10.85,11.05,10.81,10.96
CIO,2018-11-23,10.97,11.02,10.89,10.89
CIO,2018-11-26,10.89,11.07,10.76,10.78
CIO,2018-11-27,10.75,10.83,10.64,10.68
CIO,2018-11-28,10.66,10.82,10.59,10.7
CIO,2018-11-29,10.7,10.89,10.65,10.82
CIO,2018-11-30,10.89,11.01,10.8,10.94
CIO,2018-12-03,10.97,11.03,10.75,10.99
CIO,2018-12-04,10.97,11.14,10.9,10.96
CIO,2018-12-06,10.9,11.33,10.81,11.31
CIO,2018-12-07,11.24,11.3,10.96,10.97
CIO,2018-12-10,11.01,11.06,10.77,10.93
CIO,2018-12-11,10.99,10.99,10.73,10.75
CIO,2018-12-12,10.77,10.97,10.66,10.69
CIO,2018-12-13,10.73,10.89,10.71,10.76
CIO,2018-12-14,10.8,10.89,10.73,10.87
CIO,2018-12-17,10.92,11.34,10.81,10.86
CIO,2018-12-18,10.95,11.21,10.86,11.08
CIO,2018-12-19,11.09,11.17,10.85,10.98
CIO,2018-12-20,11.0,11.03,10.7,10.85
CIO,2018-12-21,10.85,11.14,10.51,10.56
CIO,2018-12-24,10.45,10.47,9.96,10.0
CIO,2018-12-26,10.1,10.2,9.92,10.14
CIO,2018-12-27,10.07,10.09,9.73,10.04
CIO,2018-12-28,10.06,10.32,10.06,10.31
CIO,2018-12-31,10.35,10.39,9.96,10.25
CIO,2019-01-02,10.18,10.37,10.02,10.3
CIO,2019-01-03,10.27,10.61,10.27,10.56
CIO,2019-01-04,10.61,11.0,10.61,10.95
CIO,2019-01-07,10.99,11.37,10.92,11.25
CIO,2019-01-08,11.37,11.59,11.3,11.59
CIO,2019-01-09,11.68,11.77,11.41,11.75
CIO,2019-01-10,11.5,11.5,11.22,11.44
CIO,2019-01-11,11.41,11.41,11.08,11.19
CIO,2019-01-14,11.18,11.21,10.94,10.96
CIO,2019-01-15,10.96,11.18,10.96,11.14
CIO,2019-01-16,11.18,11.32,11.17,11.3
CIO,2019-01-17,11.3,11.4,11.25,11.26
CIO,2019-01-18,11.29,11.29,11.16,11.22
CIO,2019-01-22,11.2,11.23,10.93,11.09
CIO,2019-01-23,11.11,11.25,11.07,11.23
CIO,2019-01-24,11.25,11.26,11.18,11.22
CIO,2019-01-25,11.25,11.29,11.18,11.23
CIO,2019-01-28,11.22,11.27,11.09,11.21
CIO,2019-01-29,11.23,11.27,11.2,11.25
CIO,2019-01-30,11.26,11.54,11.15,11.45
CIO,2019-01-31,11.49,11.63,11.41,11.56
CIO,2019-02-01,11.56,11.71,11.47,11.65
CIO,2019-02-04,11.64,11.74,11.58,11.73
CIO,2019-02-05,11.74,11.83,11.64,11.77
CIO,2019-02-06,11.8,11.8,11.65,11.66
CIO,2019-02-07,11.67,11.72,11.55,11.67
CIO,2019-02-08,11.66,11.85,11.63,11.82
CIO,2019-02-11,11.8,12.0,11.76,11.93
CIO,2019-02-12,11.98,11.98,11.82,11.94
CIO,2019-02-13,11.97,12.05,11.9,12.03
CIO,2019-02-14,12.02,12.11,11.94,12.06
CIO,2019-02-15,12.11,12.19,12.07,12.12
CIO,2019-02-19,12.12,12.14,12.01,12.04
CIO,2019-02-20,12.03,12.12,12.03,12.08
CIO,2019-02-21,12.09,12.11,12.01,12.05
CIO,2019-02-22,12.09,12.17,12.06,12.13
CIO,2019-02-25,12.17,12.17,12.0,12.04
CIO,2019-02-26,12.08,12.19,12.01,12.14
CIO,2019-02-27,12.38,12.38,10.92,10.96
CIO,2019-02-28,10.96,11.1,10.87,11.0
CIO,2019-03-01,11.05,11.5,10.98,11.47
CIO,2019-03-04,11.59,11.59,11.24,11.41
CIO,2019-03-05,11.45,11.81,11.41,11.72
CIO,2019-03-06,11.72,11.79,11.16,11.22
CIO,2019-03-07,11.27,11.43,11.13,11.17
CIO,2019-03-08,11.18,11.29,11.1,11.15
CIO,2019-03-11,11.15,11.28,11.15,11.28
CIO,2019-03-12,11.29,11.57,11.27,11.28
CIO,2019-03-13,11.28,11.5,11.28,11.4
CIO,2019-03-14,11.36,11.36,10.93,11.08
CIO,2019-03-15,11.12,11.18,11.01,11.15
CIO,2019-03-18,11.1,11.19,11.02,11.08
CIO,2019-03-19,11.06,11.1,10.98,11.0
CIO,2019-03-20,11.0,11.2,10.9,11.06
CIO,2019-03-21,11.06,11.32,11.06,11.15
CIO,2019-03-22,11.12,11.22,10.91,10.93
CIO,2019-03-25,10.9,10.92,10.72,10.81
CIO,2019-03-26,10.82,11.07,10.82,11.05
CIO,2019-03-27,11.07,11.2,10.95,11.14
CIO,2019-03-28,11.16,11.33,11.15,11.3
CIO,2019-03-29,11.3,11.43,11.15,11.31
CIO,2019-04-01,11.35,11.48,11.25,11.45
CIO,2019-04-02,11.49,11.49,11.27,11.44
CIO,2019-04-03,11.48,11.64,11.41,11.57
CIO,2019-04-04,11.59,11.76,11.5,11.58
CIO,2019-04-05,11.59,11.72,11.57,11.64
CIO,2019-04-08,11.7,11.8,11.6,11.74
CIO,2019-04-09,11.75,11.88,11.65,11.8
CIO,2019-04-10,11.66,11.74,11.25,11.28
CIO,2019-04-11,11.3,11.42,11.25,11.32
CIO,2019-04-12,11.29,11.38,11.24,11.34
CIO,2019-04-15,11.38,11.44,11.18,11.3
CIO,2019-04-16,11.27,11.33,10.99,11.04
CIO,2019-04-17,11.1,11.16,10.81,10.85
CIO,2019-04-18,10.84,11.04,10.84,10.96
CIO,2019-04-22,10.96,11.02,10.81,10.89
CIO,2019-04-23,10.94,11.15,10.89,11.1
CIO,2019-04-24,11.16,11.46,11.15,11.39
CIO,2019-04-25,11.36,11.41,11.17,11.36
CIO,2019-04-26,11.42,11.54,11.37,11.5
CIO,2019-04-29,11.54,11.69,11.5,11.64
CIO,2019-04-30,11.67,11.67,11.57,11.6
CIO,2019-05-01,11.57,11.67,11.42,11.49
CIO,2019-05-02,11.44,11.69,11.36,11.42
CIO,2019-05-03,11.68,12.0,11.52,11.88
CIO,2019-05-06,11.76,11.95,11.73,11.88
CIO,2019-05-07,11.84,11.92,11.66,11.75
CIO,2019-05-08,11.77,11.93,11.75,11.8
CIO,2019-05-09,11.8,11.94,11.62,11.83
CIO,2019-05-10,11.83,11.99,11.8,11.97
CIO,2019-05-13,11.86,11.99,11.86,11.95
CIO,2019-05-14,11.95,11.97,11.89,11.96
CIO,2019-05-15,11.92,12.03,11.92,11.99
CIO,2019-05-16,11.99,12.18,11.97,12.1
CIO,2019-05-17,12.05,12.15,12.02,12.08
CIO,2019-05-20,12.05,12.09,11.93,11.93
CIO,2019-05-21,11.94,11.97,11.86,11.88
CIO,2019-05-22,11.88,11.97,11.87,11.89
CIO,2019-05-23,11.83,11.92,11.74,11.92
CIO,2019-05-24,11.93,11.99,11.79,11.85
CIO,2019-05-28,11.85,12.03,11.85,12.0
CIO,2019-05-29,11.92,11.95,11.81,11.84
CIO,2019-05-30,11.86,11.94,11.79,11.83
CIO,2019-05-31,11.79,11.83,11.56,11.79
CIO,2019-06-03,11.8,11.83,11.56,11.73
CIO,2019-06-04,11.75,11.84,11.59,11.78
CIO,2019-06-05,11.8,11.92,11.72,11.92
CIO,2019-06-06,11.88,11.96,11.72,11.88
CIO,2019-06-07,11.92,11.99,11.89,11.97
CIO,2019-06-10,12.0,12.0,11.87,11.96
CIO,2019-06-11,11.97,12.1,11.9,12.08
CIO,2019-06-12,12.03,12.17,12.03,12.15
CIO,2019-06-13,12.17,12.3,12.17,12.27
CIO,2019-06-14,12.34,12.34,12.24,12.28
CIO,2019-06-17,12.27,12.37,12.21,12.37
CIO,2019-06-18,12.41,12.48,12.33,12.44
CIO,2019-06-19,12.46,12.55,12.31,12.5
CIO,2019-06-20,12.5,12.6,12.47,12.56
CIO,2019-06-21,12.49,12.49,12.36,12.38
CIO,2019-06-24,12.45,12.45,12.05,12.12
CIO,2019-06-25,12.1,12.2,12.0,12.02
CIO,2019-06-26,12.0,12.04,11.75,11.76
CIO,2019-06-27,11.76,11.94,11.73,11.94
CIO,2019-06-28,11.92,12.11,11.91,11.99
CIO,2019-07-01,12.15,12.25,11.95,12.23
CIO,2019-07-02,12.25,12.42,12.2,12.38
CIO,2019-07-03,12.42,12.42,12.33,12.38
CIO,2019-07-05,12.38,12.44,12.22,12.42
CIO,2019-07-08,12.43,12.46,12.35,12.38
CIO,2019-07-09,12.39,12.47,12.29,12.45
CIO,2019-07-10,12.22,12.3,12.09,12.15
CIO,2019-07-11,12.15,12.18,11.96,12.01
CIO,2019-07-12,12.01,12.11,11.97,12.03
CIO,2019-07-15,12.06,12.08,11.97,12.07
CIO,2019-07-16,12.04,12.19,12.04,12.11
CIO,2019-07-17,12.1,12.2,12.03,12.19
CIO,2019-07-18,12.17,12.22,11.98,12.15
CIO,2019-07-19,12.12,12.17,12.0,12.0
CIO,2019-07-22,12.01,12.09,11.97,11.99
CIO,2019-07-23,12.01,12.17,11.96,12.14
CIO,2019-07-24,12.11,12.3,12.08,12.28
CIO,2019-07-25,12.3,12.33,12.16,12.16
CIO,2019-07-26,12.16,12.33,12.11,12.28
CIO,2019-07-29,12.28,12.39,12.23,12.3
CIO,2019-07-30,12.32,12.42,12.31,12.42
CIO,2019-07-31,12.4,12.57,12.35,12.38
CIO,2019-08-01,12.61,12.9,12.43,12.67
CIO,2019-08-02,12.71,12.78,12.57,12.65
CIO,2019-08-05,12.66,12.71,12.35,12.55
CIO,2019-08-06,12.54,12.69,12.51,12.63
CIO,2019-08-07,12.57,12.75,12.51,12.7
CIO,2019-08-08,12.71,12.91,12.66,12.86
CIO,2019-08-09,12.87,12.99,12.81,12.92
CIO,2019-08-12,12.87,13.15,12.85,13.02
CIO,2019-08-13,13.02,13.16,12.94,13.08
CIO,2019-08-14,13.0,13.04,12.92,12.97
CIO,2019-08-15,13.0,13.14,12.92,13.06
CIO,2019-08-16,13.01,13.23,13.01,13.1
CIO,2019-08-19,13.1,13.53,13.07,13.51
CIO,2019-08-20,13.59,13.63,13.35,13.41
CIO,2019-08-21,13.4,13.49,13.34,13.46
CIO,2019-08-22,13.49,13.65,13.45,13.54
CIO,2019-08-23,13.52,13.64,13.28,13.3
CIO,2019-08-26,13.35,13.46,13.31,13.4
CIO,2019-08-27,13.43,13.49,13.33,13.35
CIO,2019-08-28,13.33,13.42,13.22,13.26
CIO,2019-08-29,13.31,13.43,13.28,13.36
CIO,2019-08-30,13.42,13.59,13.4,13.54
CIO,2019-09-03,13.54,13.6,13.46,13.51
CIO,2019-09-04,13.5,13.64,13.49,13.55
CIO,2019-09-05,13.57,13.58,13.42,13.5
CIO,2019-09-06,13.51,13.52,13.41,13.43
CIO,2019-09-09,13.44,13.52,13.31,13.48
CIO,2019-09-10,13.48,13.72,13.43,13.59
CIO,2019-09-11,13.59,13.87,13.52,13.85
CIO,2019-09-12,13.93,14.0,13.8,13.89
CIO,2019-09-13,13.88,13.97,13.69,13.77
CIO,2019-09-16,13.78,13.97,13.68,13.9
CIO,2019-09-17,13.9,14.12,13.83,14.08
CIO,2019-09-18,14.13,14.17,13.98,14.1
CIO,2019-09-19,14.12,14.18,14.05,14.1
CIO,2019-09-20,14.13,14.25,14.1,14.17
CIO,2019-09-23,14.16,14.29,14.11,14.23
CIO,2019-09-24,14.26,14.29,14.07,14.15
CIO,2019-09-25,14.18,14.26,14.09,14.22
CIO,2019-09-26,14.21,14.48,14.2,14.43
CIO,2019-09-27,14.45,14.5,14.31,14.37
CIO,2019-09-30,14.4,14.49,14.31,14.39
CIO,2019-10-01,14.39,14.43,14.21,14.26
CIO,2019-10-02,14.24,14.38,14.12,14.38
CIO,2019-10-03,14.01,14.25,13.95,14.04
CIO,2019-10-04,14.1,14.22,14.01,14.09
CIO,2019-10-07,14.1,14.14,13.99,14.02
CIO,2019-10-08,14.01,14.02,13.69,13.7
CIO,2019-10-09,13.7,13.76,13.47,13.62
CIO,2019-10-10,13.44,13.49,13.27,13.27
CIO,2019-10-11,13.34,13.41,13.23,13.24
CIO,2019-10-14,13.24,13.24,13.01,13.2
CIO,2019-10-15,13.23,13.52,13.23,13.28
CIO,2019-10-16,13.28,13.35,13.19,13.26
CIO,2019-10-17,13.27,13.49,13.27,13.48
CIO,2019-10-18,13.45,13.56,13.43,13.51
CIO,2019-10-21,13.53,13.67,13.48,13.66
CIO,2019-10-22,13.66,13.69,13.6,13.68
CIO,2019-10-23,13.68,13.77,13.57,13.64
CIO,2019-10-24,13.67,13.69,13.46,13.47
CIO,2019-10-25,13.47,13.48,13.31,13.4
CIO,2019-10-28,13.33,13.46,13.3,13.41
CIO,2019-10-29,13.39,13.55,13.35,13.45
CIO,2019-10-30,13.43,13.54,13.42,13.51
CIO,2019-10-31,13.51,13.56,13.35,13.54
CIO,2019-11-01,13.56,13.6,13.17,13.49
CIO,2019-11-04,13.5,13.59,13.4,13.44
CIO,2019-11-05,13.38,13.4,13.22,13.35
CIO,2019-11-06,13.33,13.45,13.33,13.4
CIO,2019-11-07,13.41,13.6,13.38,13.58
CIO,2019-11-08,13.54,13.59,13.27,13.3
CIO,2019-11-11,13.23,13.36,13.21,13.31
CIO,2019-11-12,13.32,13.41,13.26,13.27
CIO,2019-11-13,13.21,13.27,13.13,13.15
CIO,2019-11-14,13.11,13.29,13.11,13.26
CIO,2019-11-15,13.29,13.47,13.24,13.45
CIO,2019-11-18,13.39,13.5,13.3,13.31
CIO,2019-11-19,13.38,13.5,13.25,13.41
CIO,2019-11-20,13.39,13.54,13.36,13.39
CIO,2019-11-21,13.38,13.38,13.12,13.12
CIO,2019-11-22,13.1,13.15,12.8,12.9
CIO,2019-11-25,12.91,13.1,12.88,12.95
CIO,2019-11-26,12.94,13.27,12.94,13.2
CIO,2019-11-27,13.21,13.46,13.19,13.43
CIO,2019-11-29,13.4,13.57,13.38,13.43
CIO,2019-12-02,13.42,13.46,13.14,13.33
CIO,2019-12-03,13.28,13.34,13.17,13.26
CIO,2019-12-04,13.27,13.35,13.23,13.26
CIO,2019-12-05,13.26,13.36,13.16,13.22
CIO,2019-12-06,13.26,13.38,13.24,13.25
CIO,2019-12-09,13.25,13.3,13.18,13.21
CIO,2019-12-10,13.2,13.32,13.17,13.23
CIO,2019-12-11,13.21,13.23,12.87,12.99
CIO,2019-12-12,12.96,13.01,12.7,12.73
CIO,2019-12-13,12.7,12.78,12.41,12.51
CIO,2019-12-16,12.51,12.62,12.51,12.58
CIO,2019-12-17,12.63,12.67,12.54,12.62
CIO,2019-12-18,12.63,12.95,12.63,12.88
CIO,2019-12-19,12.92,12.96,12.8,12.9
CIO,2019-12-20,12.93,13.24,12.9,13.17
CIO,2019-12-23,13.25,13.31,13.09,13.23
CIO,2019-12-24,13.22,13.28,13.19,13.2
CIO,2019-12-26,13.22,13.25,13.16,13.22
CIO,2019-12-27,13.25,13.34,13.17,13.31
CIO,2019-12-30,13.32,13.32,13.19,13.32
CIO,2019-12-31,13.31,13.52,13.31,13.52
CIO,2020-01-02,13.46,13.53,13.14,13.26
CIO,2020-01-03,13.15,13.48,13.15,13.4
CIO,2020-01-06,13.38,13.53,13.36,13.37
CIO,2020-01-07,13.7,13.7,13.43,13.49
CIO,2020-01-08,13.5,13.76,13.43,13.7
CIO,2020-01-09,13.49,13.55,13.23,13.24
CIO,2020-01-10,13.25,13.29,13.15,13.27
CIO,2020-01-13,13.25,13.5,13.25,13.5
CIO,2020-01-14,13.49,13.53,13.39,13.41
CIO,2020-01-15,13.5,13.74,13.49,13.63
CIO,2020-01-16,13.7,13.82,13.65,13.76
CIO,2020-01-17,13.83,13.93,13.71,13.91
CIO,2020-01-21,13.91,14.11,13.91,14.03
CIO,2020-01-22,14.12,14.16,13.74,13.75
CIO,2020-01-23,13.76,13.95,13.71,13.84
CIO,2020-01-24,13.94,13.94,13.67,13.68
CIO,2020-01-27,13.57,13.79,13.56,13.72
CIO,2020-01-28,13.8,13.84,13.7,13.76
CIO,2020-01-29,13.76,13.78,13.63,13.65
CIO,2020-01-30,13.56,13.72,13.53,13.66
CIO,2020-01-31,13.62,13.65,13.43,13.52
CIO,2020-02-03,13.52,13.69,13.51,13.62
CIO,2020-02-04,13.74,13.79,13.62,13.62
CIO,2020-02-05,13.62,13.75,13.56,13.71
CIO,2020-02-06,13.77,13.89,13.77,13.85
CIO,2020-02-07,13.84,13.84,13.66,13.66
CIO,2020-02-10,13.64,13.86,13.57,13.81
CIO,2020-02-11,13.86,14.01,13.86,13.97
CIO,2020-02-12,13.99,14.01,13.87,13.95
CIO,2020-02-13,13.93,14.01,13.87,13.95
CIO,2020-02-14,13.98,14.07,13.93,14.01
CIO,2020-02-18,13.95,14.16,13.85,14.13
CIO,2020-02-19,14.15,14.15,13.88,13.94
CIO,2020-02-20,13.89,13.94,13.81,13.94
CIO,2020-02-21,13.94,14.0,13.84,13.94
CIO,2020-02-24,13.82,13.86,13.61,13.72
CIO,2020-02-25,13.74,13.78,13.15,13.2
CIO,2020-02-26,13.62,13.62,12.77,12.9
CIO,2020-02-27,12.73,12.83,12.08,12.08
CIO,2020-02-28,11.82,11.82,11.18,11.6
CIO,2020-03-02,11.6,11.86,11.27,11.84
CIO,2020-03-03,11.81,12.35,11.63,11.72
CIO,2020-03-04,11.85,12.11,11.8,11.94
CIO,2020-03-05,11.74,11.83,11.2,11.34
CIO,2020-03-06,11.0,11.38,10.9,11.23
CIO,2020-03-09,10.65,10.65,9.39,9.46
CIO,2020-03-10,9.84,10.28,9.7,10.24
CIO,2020-03-11,10.0,10.29,9.58,9.64
CIO,2020-03-12,8.75,9.34,8.12,8.15
CIO,2020-03-13,8.83,8.99,8.3,8.71
CIO,2020-03-16,7.82,7.96,7.42,7.61
CIO,2020-03-17,7.64,8.47,7.59,8.47
CIO,2020-03-18,7.99,8.16,7.05,7.44
CIO,2020-03-19,7.34,8.86,7.31,7.6
CIO,2020-03-20,7.64,8.29,7.27,7.41
CIO,2020-03-23,7.22,7.64,6.8,7.16
CIO,2020-03-24,7.4,7.8,7.09,7.21
CIO,2020-03-25,7.26,7.43,6.88,7.24
CIO,2020-03-26,6.85,7.5,6.82,7.21
CIO,2020-03-27,7.05,7.54,7.02,7.02
CIO,2020-03-30,6.94,7.41,6.5,7.34
CIO,2020-03-31,7.3,7.44,7.0,7.23
CIO,2020-04-01,6.94,7.11,6.61,6.95
CIO,2020-04-02,6.82,7.22,6.79,7.14
CIO,2020-04-03,6.89,7.34,6.84,7.07
CIO,2020-04-06,7.29,7.54,7.15,7.33
CIO,2020-04-07,7.48,7.75,7.28,7.36
CIO,2020-04-08,7.36,7.46,7.23,7.31
CIO,2020-04-09,7.49,8.38,7.45,8.25
CIO,2020-04-13,8.15,8.28,7.8,8.16
CIO,2020-04-14,8.39,8.64,8.19,8.41
CIO,2020-04-15,8.08,8.31,7.76,8.24
CIO,2020-04-16,8.25,8.34,8.08,8.12
CIO,2020-04-17,8.29,8.61,8.22,8.41
CIO,2020-04-20,8.25,8.51,8.19,8.35
CIO,2020-04-21,8.15,8.57,8.11,8.46
CIO,2020-04-22,8.68,8.68,8.39,8.43
CIO,2020-04-23,8.41,8.79,8.3,8.45
CIO,2020-04-24,8.54,8.71,8.47,8.53
CIO,2020-04-27,8.6,9.15,8.6,9.0
CIO,2020-04-28,9.23,9.67,9.15,9.36
CIO,2020-04-29,9.6,10.24,9.44,10.08
CIO,2020-04-30,9.93,10.18,9.78,10.1
CIO,2020-05-01,9.87,9.93,9.61,9.79
CIO,2020-05-04,9.55,9.78,9.51,9.66
CIO,2020-05-05,9.85,10.06,9.41,9.41
CIO,2020-05-06,9.35,9.64,9.24,9.35
CIO,2020-05-07,9.39,10.2,9.39,9.98
CIO,2020-05-08,10.25,10.56,10.01,10.47
CIO,2020-05-11,10.24,10.34,10.02,10.11
CIO,2020-05-12,10.19,10.23,9.5,9.52
CIO,2020-05-13,9.4,9.44,8.51,8.54
CIO,2020-05-14,8.32,8.35,7.96,8.32
CIO,2020-05-15,8.29,8.34,8.09,8.26
CIO,2020-05-18,8.48,9.24,8.47,9.15
CIO,2020-05-19,9.08,9.19,8.76,8.79
CIO,2020-05-20,8.82,9.02,8.78,8.89
CIO,2020-05-21,8.91,9.34,8.87,9.18
CIO,2020-05-22,9.22,9.22,8.75,8.9
CIO,2020-05-26,9.2,9.46,9.01,9.33
CIO,2020-05-27,9.6,9.64,9.37,9.61
CIO,2020-05-28,9.7,9.83,9.47,9.53
CIO,2020-05-29,9.42,9.56,9.24,9.28
CIO,2020-06-01,9.28,9.69,9.21,9.43
CIO,2020-06-02,9.52,9.9,9.43,9.72
CIO,2020-06-03,9.89,10.3,9.84,10.15
CIO,2020-06-04,10.15,10.3,9.88,10.27
CIO,2020-06-05,10.6,10.9,10.45,10.48
CIO,2020-06-08,10.67,11.15,10.56,11.12
CIO,2020-06-09,10.81,10.89,10.44,10.57
CIO,2020-06-10,10.75,10.75,10.21,10.35
CIO,2020-06-11,9.88,10.04,9.52,9.65
CIO,2020-06-12,10.11,10.15,9.69,10.01
CIO,2020-06-15,9.62,10.33,9.6,10.29
CIO,2020-06-16,10.76,10.86,10.44,10.67
CIO,2020-06-17,10.66,10.7,10.26,10.32
CIO,2020-06-18,10.17,10.53,10.08,10.44
CIO,2020-06-19,10.46,10.56,9.87,9.96
CIO,2020-06-22,9.88,10.12,9.73,10.05
CIO,2020-06-23,10.1,10.17,9.67,9.9
CIO,2020-06-24,9.7,9.78,9.23,9.58
CIO,2020-06-25,9.51,9.88,9.5,9.86
CIO,2020-06-26,9.78,10.14,9.54,10.13
CIO,2020-06-29,10.26,10.3,9.95,10.09
CIO,2020-06-30,10.03,10.2,9.94,10.06
CIO,2020-07-01,10.06,10.24,9.85,10.02
CIO,2020-07-02,10.29,10.3,9.99,10.01
CIO,2020-07-06,10.22,10.32,9.94,10.0
CIO,2020-07-07,9.93,9.95,9.64,9.77
CIO,2020-07-08,9.75,9.87,9.51,9.64
CIO,2020-07-09,9.52,9.56,9.08,9.21
CIO,2020-07-10,9.08,9.54,9.08,9.49
CIO,2020-07-13,9.52,9.63,9.39,9.43
CIO,2020-07-14,9.38,9.69,9.38,9.49
CIO,2020-07-15,9.64,9.81,9.54,9.61
CIO,2020-07-16,9.52,9.62,9.45,9.53
CIO,2020-07-17,9.51,9.75,9.49,9.59
CIO,2020-07-20,9.53,9.61,9.41,9.47
CIO,2020-07-21,9.47,9.74,9.47,9.55
CIO,2020-07-22,9.53,9.85,9.53,9.75
CIO,2020-07-23,9.73,9.85,9.63,9.68
CIO,2020-07-24,9.72,9.82,9.48,9.52
CIO,2020-07-27,9.47,9.55,8.98,9.19
CIO,2020-07-28,9.1,9.59,9.1,9.56
CIO,2020-07-29,9.53,9.63,9.29,9.51
CIO,2020-07-30,9.32,9.33,9.06,9.12
CIO,2020-07-31,9.0,9.01,8.55,8.65
CIO,2020-08-03,8.65,8.76,8.23,8.31
CIO,2020-08-04,8.31,8.77,8.31,8.7
CIO,2020-08-05,8.8,8.8,8.48,8.64
CIO,2020-08-06,8.68,9.13,8.68,8.95
CIO,2020-08-07,8.85,9.21,8.82,9.2
CIO,2020-08-10,9.2,9.6,9.11,9.45
CIO,2020-08-11,9.61,9.79,9.37,9.41
CIO,2020-08-12,9.44,9.5,9.15,9.32
CIO,2020-08-13,9.23,9.37,9.01,9.02
CIO,2020-08-14,8.97,9.19,8.88,8.98
CIO,2020-08-17,9.04,9.11,8.89,8.98
CIO,2020-08-18,8.93,8.93,8.53,8.59
CIO,2020-08-19,8.6,8.64,8.29,8.39
CIO,2020-08-20,8.27,8.47,8.23,8.24
CIO,2020-08-21,8.25,8.26,8.06,8.25
CIO,2020-08-24,8.25,8.27,8.1,8.27
CIO,2020-08-25,8.27,8.47,8.23,8.39
CIO,2020-08-26,8.33,8.42,8.19,8.21
CIO,2020-08-27,8.19,8.42,8.19,8.21
CIO,2020-08-28,8.27,8.27,8.1,8.19
CIO,2020-08-31,8.17,8.19,8.01,8.04
CIO,2020-09-01,8.03,8.14,7.92,8.07
CIO,2020-09-02,8.05,8.08,7.88,8.03
CIO,2020-09-03,8.03,8.34,8.02,8.08
CIO,2020-09-04,8.11,8.28,7.92,8.07
CIO,2020-09-08,8.1,8.13,7.9,8.05
CIO,2020-09-09,8.03,8.1,7.77,7.87
CIO,2020-09-10,7.81,7.91,7.65,7.77
CIO,2020-09-11,7.83,7.83,7.51,7.58
CIO,2020-09-14,7.56,7.97,7.48,7.92
CIO,2020-09-15,7.89,8.04,7.83,7.84
CIO,2020-09-16,7.84,8.02,7.79,7.87
CIO,2020-09-17,7.78,7.89,7.78,7.79
CIO,2020-09-18,7.85,7.85,7.46,7.71
CIO,2020-09-21,7.49,7.55,7.24,7.28
CIO,2020-09-22,7.42,7.84,7.38,7.43
CIO,2020-09-23,7.36,7.5,7.06,7.07
CIO,2020-09-24,7.18,7.4,7.05,7.37
CIO,2020-09-25,7.31,7.46,7.31,7.41
CIO,2020-09-28,7.51,7.83,7.5,7.7
CIO,2020-09-29,7.7,7.7,7.39,7.54
CIO,2020-09-30,7.52,7.7,7.4,7.52
CIO,2020-10-01,7.5,7.66,7.42,7.66
CIO,2020-10-02,7.51,7.83,7.45,7.77
CIO,2020-10-05,7.86,7.9,7.66,7.69
CIO,2020-10-06,7.79,7.88,7.64,7.68
CIO,2020-10-07,7.57,7.61,7.37,7.54
CIO,2020-10-08,7.57,7.76,7.47,7.63
CIO,2020-10-09,7.61,7.65,7.4,7.44
CIO,2020-10-12,7.41,7.55,7.27,7.5
CIO,2020-10-13,7.49,7.5,7.28,7.4
CIO,2020-10-14,7.41,7.45,7.18,7.2
CIO,2020-10-15,7.13,7.37,7.11,7.34
CIO,2020-10-16,7.31,7.32,7.04,7.06
CIO,2020-10-19,7.1,7.21,6.86,6.89
CIO,2020-10-20,6.96,7.04,6.83,6.95
CIO,2020-10-21,6.9,7.01,6.8,6.89
CIO,2020-10-22,6.97,7.03,6.9,6.92
CIO,2020-10-23,6.95,7.05,6.88,7.01
CIO,2020-10-26,6.95,6.96,6.6,6.81
CIO,2020-10-27,6.84,6.84,6.55,6.57
CIO,2020-10-28,6.46,6.5,6.23,6.32
CIO,2020-10-29,6.28,6.62,6.12,6.5
CIO,2020-10-30,6.48,6.5,6.27,6.32
CIO,2020-11-02,6.36,6.48,6.27,6.47
CIO,2020-11-03,6.59,6.76,6.5,6.74
CIO,2020-11-04,6.67,6.75,6.34,6.37
CIO,2020-11-05,6.5,6.92,6.48,6.51
CIO,2020-11-06,6.54,6.54,6.25,6.34
CIO,2020-11-09,6.81,7.45,6.79,7.3
CIO,2020-11-10,7.39,7.82,7.32,7.63
CIO,2020-11-11,7.63,7.63,7.3,7.51
CIO,2020-11-12,7.4,7.55,7.21,7.52
CIO,2020-11-13,7.65,7.9,7.55,7.85
CIO,2020-11-16,8.06,8.84,8.06,8.82
CIO,2020-11-17,8.76,8.91,8.63,8.75
CIO,2020-11-18,8.76,8.93,8.52,8.52
CIO,2020-11-19,8.51,8.57,8.27,8.47
CIO,2020-11-20,8.35,8.65,8.3,8.61
CIO,2020-11-23,8.73,9.1,8.67,9.02
CIO,2020-11-24,9.2,9.53,9.19,9.35
CIO,2020-11-25,9.35,9.5,9.12,9.14
CIO,2020-11-27,9.13,9.16,8.94,9.08
CIO,2020-11-30,9.05,9.09,8.65,8.77
CIO,2020-12-01,8.96,9.28,8.87,9.23
CIO,2020-12-02,9.23,9.53,9.23,9.42
CIO,2020-12-03,9.5,9.66,9.34,9.51
CIO,2020-12-04,9.57,9.98,9.51,9.87
CIO,2020-12-07,9.85,9.9,9.49,9.5
CIO,2020-12-08,9.41,9.61,9.39,9.51
CIO,2020-12-09,9.56,9.6,9.39,9.56
CIO,2020-12-10,9.5,9.68,9.49,9.65
CIO,2020-12-11,9.62,9.75,9.54,9.72
CIO,2020-12-14,9.74,10.02,9.63,9.65
CIO,2020-12-15,9.65,9.87,9.63,9.85
CIO,2020-12-16,9.89,9.97,9.71,9.74
CIO,2020-12-17,9.77,9.83,9.59,9.67
CIO,2020-12-18,9.65,9.72,9.23,9.33
CIO,2020-12-21,9.18,9.48,9.08,9.44
CIO,2020-12-22,9.53,9.53,9.3,9.39
CIO,2020-12-23,9.46,9.56,9.25,9.27
CIO,2020-12-24,9.32,9.57,9.25,9.55
CIO,2020-12-28,9.75,9.84,9.6,9.74
CIO,2020-12-29,9.76,10.2,9.53,9.62
CIO,2020-12-30,9.65,9.8,9.5,9.65
CIO,2020-12-31,9.65,9.8,9.59,9.77
CIO,2021-01-04,9.78,9.79,9.51,9.52
CIO,2021-01-05,9.56,9.69,9.5,9.53
CIO,2021-01-06,9.6,9.86,9.6,9.73
CIO,2021-01-07,9.72,9.84,9.54,9.71
CIO,2021-01-08,9.55,9.65,9.3,9.51
CIO,2021-01-11,9.3,9.57,9.26,9.31
CIO,2021-01-12,9.32,9.63,9.29,9.61
CIO,2021-01-13,9.69,9.7,9.57,9.63
CIO,2021-01-14,9.69,9.74,9.59,9.7
CIO,2021-01-15,9.67,9.98,9.63,9.95
CIO,2021-01-19,10.09,10.09,9.67,9.76
CIO,2021-01-20,9.73,9.83,9.55,9.67
CIO,2021-01-21,9.66,9.73,9.52,9.66
CIO,2021-01-22,9.61,9.77,9.52,9.75
CIO,2021-01-25,9.74,9.98,9.52,9.7
CIO,2021-01-26,9.79,9.83,9.59,9.8
CIO,2021-01-27,9.6,9.81,9.4,9.45
CIO,2021-01-28,9.52,9.8,9.45,9.59
CIO,2021-01-29,9.5,9.71,9.4,9.42
CIO,2021-02-01,9.49,9.68,9.31,9.6
CIO,2021-02-02,9.6,9.73,9.56,9.66
CIO,2021-02-03,9.66,9.73,9.56,9.69
CIO,2021-02-04,9.7,10.03,9.7,9.94
CIO,2021-02-05,10.0,10.0,9.86,9.99
CIO,2021-02-08,10.02,10.28,10.01,10.27
CIO,2021-02-09,10.28,10.47,10.14,10.43
CIO,2021-02-10,10.44,10.69,10.37,10.42
CIO,2021-02-11,10.41,10.65,10.28,10.36
CIO,2021-02-12,10.27,10.36,9.59,10.07
CIO,2021-02-16,10.15,10.26,10.04,10.09
CIO,2021-02-17,10.03,10.28,10.02,10.15
CIO,2021-02-18,10.07,10.21,10.0,10.08
CIO,2021-02-19,10.11,10.16,9.93,10.15
CIO,2021-02-22,10.13,10.46,10.05,10.38
CIO,2021-02-23,10.39,10.85,10.37,10.78
CIO,2021-02-24,10.88,11.1,10.84,11.07
CIO,2021-02-25,11.14,11.46,10.58,10.72
CIO,2021-02-26,10.69,10.99,10.16,10.16
CIO,2021-03-01,10.34,10.5,10.14,10.22
CIO,2021-03-02,10.2,10.5,10.02,10.41
CIO,2021-03-03,10.48,10.98,10.48,10.92
CIO,2021-03-04,10.93,11.07,10.57,10.69
CIO,2021-03-05,10.89,10.89,10.56,10.88
CIO,2021-03-08,10.9,11.34,10.88,11.25
CIO,2021-03-09,11.31,11.31,10.73,10.76
CIO,2021-03-10,10.74,10.97,10.61,10.91
CIO,2021-03-11,10.9,11.12,10.72,11.12
CIO,2021-03-12,11.13,11.42,11.13,11.4
CIO,2021-03-15,11.33,11.49,11.1,11.3
CIO,2021-03-16,11.27,11.3,10.94,10.98
CIO,2021-03-17,10.93,11.13,10.83,11.07
CIO,2021-03-18,11.02,11.14,10.74,10.78
CIO,2021-03-19,10.57,10.87,10.18,10.18
CIO,2021-03-22,10.22,10.37,9.95,10.29
CIO,2021-03-23,10.24,10.45,10.17,10.25
CIO,2021-03-24,10.37,10.85,10.3,10.38
CIO,2021-03-25,10.26,11.28,10.11,10.32
CIO,2021-03-26,10.46,10.66,10.31,10.5
CIO,2021-03-29,10.5,10.69,10.19,10.35
CIO,2021-03-30,10.43,10.72,10.34,10.51
CIO,2021-03-31,10.53,10.78,10.47,10.62
CIO,2021-04-01,10.72,11.33,10.68,11.3
CIO,2021-04-05,11.32,11.53,10.89,11.12
CIO,2021-04-06,11.18,11.39,11.12,11.16
CIO,2021-04-07,11.05,11.22,11.0,11.15
CIO,2021-04-08,10.95,11.13,10.74,10.8
CIO,2021-04-09,10.8,10.93,10.71,10.87
CIO,2021-04-12,10.84,10.99,10.75,10.95
CIO,2021-04-13,10.95,11.09,10.84,11.02
CIO,2021-04-14,11.05,11.2,10.92,10.93
CIO,2021-04-15,10.99,11.1,10.89,11.09
CIO,2021-04-16,11.17,11.25,10.97,11.07
CIO,2021-04-19,11.07,11.1,10.9,11.07
CIO,2021-04-20,11.07,11.19,10.98,11.08
CIO,2021-04-21,11.05,11.28,11.0,11.05
CIO,2021-04-22,11.1,11.17,10.97,10.99
CIO,2021-04-23,11.06,11.18,10.96,11.05
CIO,2021-04-26,11.15,11.23,11.01,11.05
CIO,2021-04-27,11.01,11.11,10.93,10.98
CIO,2021-04-28,11.02,11.06,10.94,10.96
CIO,2021-04-29,11.09,11.17,10.94,10.95
CIO,2021-04-30,10.91,11.0,10.87,10.93
CIO,2021-05-03,11.14,11.48,11.03,11.41
CIO,2021-05-04,11.41,11.54,11.14,11.18
CIO,2021-05-05,11.29,11.29,10.88,11.03
CIO,2021-05-06,11.03,11.21,10.97,11.19
CIO,2021-05-07,11.58,11.6,11.33,11.33
CIO,2021-05-10,11.48,11.5,10.88,10.88
CIO,2021-05-11,10.8,10.82,10.58,10.73
CIO,2021-05-12,10.73,10.79,10.48,10.56
CIO,2021-05-13,10.57,10.95,10.56,10.87
CIO,2021-05-14,10.98,11.1,10.89,11.03
CIO,2021-05-17,10.97,11.12,10.88,11.07
CIO,2021-05-18,10.95,11.23,10.94,11.09
CIO,2021-05-19,11.17,11.17,10.75,11.09
CIO,2021-05-20,11.01,11.17,10.89,11.15
CIO,2021-05-21,11.22,11.38,11.14,11.38
CIO,2021-05-24,11.39,11.69,11.32,11.63
CIO,2021-05-25,11.63,11.64,11.29,11.3
CIO,2021-05-26,11.35,11.63,11.29,11.58
CIO,2021-05-27,11.6,11.76,11.56,11.56
CIO,2021-05-28,11.65,11.75,11.51,11.56
CIO,2021-06-01,11.72,11.94,11.68,11.88
CIO,2021-06-02,11.98,12.0,11.8,11.91
CIO,2021-06-03,11.97,12.51,11.95,12.19
CIO,2021-06-04,12.33,12.33,11.91,11.99
CIO,2021-06-07,12.11,12.44,12.1,12.34
CIO,2021-06-08,12.42,12.59,12.36,12.54
CIO,2021-06-09,12.61,12.88,12.54,12.85
CIO,2021-06-10,12.86,12.94,12.75,12.81
CIO,2021-06-11,12.82,12.82,12.64,12.74
CIO,2021-06-14,12.75,12.75,12.6,12.74
CIO,2021-06-15,12.84,12.91,12.63,12.71
CIO,2021-06-16,12.74,12.81,12.6,12.68
CIO,2021-06-17,12.7,12.78,12.56,12.76
CIO,2021-06-18,12.68,12.73,12.31,12.35
CIO,2021-06-21,12.36,12.65,12.28,12.63
CIO,2021-06-22,12.61,12.63,12.39,12.54
CIO,2021-06-23,12.55,12.58,12.42,12.47
CIO,2021-06-24,12.55,12.55,12.23,12.45
CIO,2021-06-25,12.45,12.67,12.31,12.62
CIO,2021-06-28,12.63,12.63,12.27,12.48
CIO,2021-06-29,12.51,12.55,12.34,12.36
CIO,2021-06-30,12.37,12.5,12.31,12.43
CIO,2021-07-01,12.52,12.7,12.44,12.58
CIO,2021-07-02,12.62,12.71,12.55,12.59
CIO,2021-07-06,12.57,12.62,12.33,12.59
CIO,2021-07-07,12.51,12.56,12.32,12.38
CIO,2021-07-08,12.15,12.21,11.85,11.98
CIO,2021-07-09,12.02,12.26,12.02,12.24
CIO,2021-07-12,12.27,12.53,12.22,12.45
CIO,2021-07-13,12.38,12.43,12.23,12.28
CIO,2021-07-14,12.35,12.42,12.23,12.29
CIO,2021-07-15,12.3,12.45,12.18,12.42
CIO,2021-07-16,12.48,12.64,12.43,12.47
CIO,2021-07-19,12.23,12.29,11.91,12.08
CIO,2021-07-20,12.2,12.65,12.19,12.5
CIO,2021-07-21,12.63,12.87,12.63,12.68
CIO,2021-07-22,12.58,12.66,12.35,12.56
CIO,2021-07-23,12.64,12.78,12.54,12.76
CIO,2021-07-26,12.81,13.03,12.78,13.02
CIO,2021-07-27,13.03,13.14,12.87,12.97
CIO,2021-07-28,13.07,13.07,12.75,12.81
CIO,2021-07-29,12.9,12.95,12.75,12.8
CIO,2021-07-30,12.83,13.01,12.75,12.87
CIO,2021-08-02,12.84,13.09,12.56,12.64
CIO,2021-08-03,12.52,12.77,12.42,12.71
CIO,2021-08-04,12.58,12.74,12.51,12.68
CIO,2021-08-05,12.81,13.25,12.71,13.04
CIO,2021-08-06,13.16,13.47,13.16,13.27
CIO,2021-08-09,13.39,13.39,13.07,13.18
CIO,2021-08-10,13.22,13.29,13.04,13.19
CIO,2021-08-11,13.29,13.36,13.09,13.35
CIO,2021-08-12,13.36,13.4,13.19,13.22
CIO,2021-08-13,13.22,13.39,13.11,13.22
CIO,2021-08-16,13.19,13.2,12.95,12.97
CIO,2021-08-17,12.95,13.02,12.77,12.99
CIO,2021-08-18,12.99,13.01,12.77,12.8
CIO,2021-08-19,12.79,12.92,12.6,12.87
CIO,2021-08-20,12.75,13.05,12.68,12.9
CIO,2021-08-23,15.83,16.44,15.08,16.1
CIO,2021-08-24,16.17,16.35,15.93,16.06
CIO,2021-08-25,16.14,16.25,15.82,16.14
CIO,2021-08-26,16.17,16.62,16.02,16.03
CIO,2021-08-27,15.99,16.34,15.91,16.11
CIO,2021-08-30,16.15,16.15,15.88,15.98
CIO,2021-08-31,15.88,16.05,15.64,15.97
CIO,2021-09-01,15.95,16.06,15.66,15.95
CIO,2021-09-02,15.9,16.14,15.88,16.03
CIO,2021-09-03,16.07,16.31,15.64,16.31
CIO,2021-09-07,16.32,17.47,16.3,17.41
CIO,2021-09-08,17.44,17.44,17.09,17.3
CIO,2021-09-09,17.28,17.39,17.1,17.26
CIO,2021-09-10,17.33,17.33,16.92,16.97
CIO,2021-09-13,16.87,17.05,16.56,16.67
CIO,2021-09-14,16.65,16.8,16.39,16.54
CIO,2021-09-15,16.49,16.86,16.34,16.75
CIO,2021-09-16,16.78,17.13,16.69,16.87
CIO,2021-09-17,16.91,17.1,16.73,16.75
CIO,2021-09-20,16.62,17.04,16.46,17.0
CIO,2021-09-21,17.07,17.45,16.88,17.2
CIO,2021-09-22,17.43,18.24,17.38,18.15
CIO,2021-09-23,18.05,18.42,17.94,17.99
CIO,2021-09-24,17.94,18.08,17.82,17.91
CIO,2021-09-27,17.94,18.31,17.75,17.76
CIO,2021-09-28,17.65,18.04,17.52,17.8
CIO,2021-09-29,18.0,18.27,17.82,18.1
CIO,2021-09-30,18.11,18.35,17.85,17.86
CIO,2021-10-01,17.92,18.5,17.82,18.28
CIO,2021-10-04,18.4,18.56,18.21,18.5
CIO,2021-10-05,18.48,18.49,18.14,18.28
CIO,2021-10-06,18.24,18.54,18.0,18.52
CIO,2021-10-07,18.46,18.53,18.09,18.16
CIO,2021-10-08,18.16,18.39,18.06,18.21
CIO,2021-10-11,18.17,18.36,18.06,18.3
CIO,2021-10-12,18.35,18.65,18.31,18.53
CIO,2021-10-13,18.45,18.6,18.17,18.53
CIO,2021-10-14,18.64,18.72,18.34,18.47
CIO,2021-10-15,18.68,19.03,18.52,18.74
CIO,2021-10-18,18.75,19.06,18.67,19.04
CIO,2021-10-19,19.06,19.06,18.78,18.78
CIO,2021-10-20,18.79,19.01,18.64,18.95
CIO,2021-10-21,18.95,19.1,18.8,18.96
CIO,2021-10-22,18.95,19.21,18.92,19.06
CIO,2021-10-25,19.09,19.19,18.95,18.98
CIO,2021-10-26,18.96,19.33,18.85,19.16
CIO,2021-10-27,19.19,19.28,18.74,18.75
CIO,2021-10-28,18.77,19.0,18.72,18.88
CIO,2021-10-29,18.88,19.1,18.66,18.97
CIO,2021-11-01,19.0,19.17,18.77,18.94
CIO,2021-11-02,18.99,19.0,18.54,18.54
CIO,2021-11-03,18.24,18.59,17.59,18.06
CIO,2021-11-04,18.11,18.39,17.69,17.75
CIO,2021-11-05,17.94,18.53,17.81,18.11
CIO,2021-11-08,18.23,18.87,18.17,18.55
CIO,2021-11-09,18.72,19.02,18.52,18.84
CIO,2021-11-10,18.78,19.06,18.62,18.67
CIO,2021-11-11,18.67,19.06,18.5,18.96
CIO,2021-11-12,18.99,18.99,18.74,18.76
CIO,2021-11-15,18.89,18.93,18.74,18.82
CIO,2021-11-16,18.77,18.81,18.47,18.61
CIO,2021-11-17,18.6,18.6,18.15,18.43
CIO,2021-11-18,18.37,18.82,18.35,18.74
CIO,2021-11-19,17.99,18.21,17.48,18.02
CIO,2021-11-22,18.0,18.11,17.67,17.72
CIO,2021-11-23,17.85,17.95,17.73,17.74
CIO,2021-11-24,17.67,17.88,17.6,17.75
CIO,2021-11-26,17.4,17.55,16.0,16.68
CIO,2021-11-29,16.85,17.19,16.7,16.89
CIO,2021-11-30,16.65,16.89,16.44,16.68
CIO,2021-12-01,16.94,17.34,16.23,16.24
CIO,2021-12-02,16.35,16.97,16.26,16.91
CIO,2021-12-03,17.09,17.12,16.66,16.89
CIO,2021-12-06,17.08,17.47,17.02,17.31
CIO,2021-12-07,17.47,17.81,17.39,17.71
CIO,2021-12-08,17.69,18.34,17.64,18.17
CIO,2021-12-09,18.02,18.44,17.84,18.29
CIO,2021-12-10,18.44,18.47,17.85,17.91
CIO,2021-12-13,17.77,17.9,17.26,17.5
CIO,2021-12-14,17.48,17.81,17.35,17.53
CIO,2021-12-15,17.53,17.82,17.39,17.8
CIO,2021-12-16,17.84,18.15,17.74,17.82
CIO,2021-12-17,17.8,18.69,17.8,18.4
CIO,2021-12-20,18.16,18.55,17.75,18.54
CIO,2021-12-21,18.73,19.08,18.6,19.08
CIO,2021-12-22,19.1,19.28,18.98,19.26
CIO,2021-12-23,19.3,19.43,19.12,19.29
CIO,2021-12-27,19.38,19.51,19.15,19.5
CIO,2021-12-28,19.46,19.67,19.29,19.56
CIO,2021-12-29,19.62,19.71,19.49,19.66
CIO,2021-12-30,19.68,19.87,19.56,19.65
CIO,2021-12-31,19.62,19.85,19.54,19.72
CIO,2022-01-03,19.96,20.52,19.76,19.99
CIO,2022-01-04,20.15,20.76,20.05,20.6
CIO,2022-01-05,20.64,20.87,20.4,20.55
CIO,2022-01-06,20.66,21.31,20.58,21.27
CIO,2022-01-07,21.3,21.7,21.22,21.24
CIO,2022-01-10,21.02,21.04,20.11,20.26
CIO,2022-01-11,20.31,20.41,19.75,20.21
CIO,2022-01-12,20.12,20.28,19.84,19.84
CIO,2022-01-13,19.94,20.23,19.82,20.05
CIO,2022-01-14,19.97,20.1,19.79,20.0
CIO,2022-01-18,19.6,19.74,19.3,19.38
CIO,2022-01-19,19.33,19.38,18.59,18.6
CIO,2022-01-20,18.61,18.62,17.97,18.04
CIO,2022-01-21,17.79,18.31,17.72,17.96
CIO,2022-01-24,17.71,17.86,17.17,17.81
CIO,2022-01-25,17.67,17.7,17.03,17.54
CIO,2022-01-26,17.71,17.96,17.02,17.11
CIO,2022-01-27,17.02,17.44,16.49,16.6
CIO,2022-01-28,16.72,17.35,16.54,17.34
CIO,2022-01-31,17.23,17.84,17.01,17.83
CIO,2022-02-01,17.82,17.85,17.45,17.71
CIO,2022-02-02,17.6,17.8,17.51,17.56
CIO,2022-02-03,17.4,17.96,17.39,17.63
CIO,2022-02-04,17.48,17.7,17.11,17.53
CIO,2022-02-07,17.53,17.72,17.42,17.56
CIO,2022-02-08,17.5,17.79,17.45,17.6
CIO,2022-02-09,17.75,17.84,17.34,17.64
CIO,2022-02-10,17.4,17.98,17.35,17.62
CIO,2022-02-11,17.68,18.02,17.5,17.65
CIO,2022-02-14,17.69,17.84,17.55,17.63
CIO,2022-02-15,17.75,18.12,17.75,18.01
CIO,2022-02-16,18.01,18.25,17.97,18.16
CIO,2022-02-17,18.05,18.35,17.9,18.13
CIO,2022-02-18,18.05,18.26,17.77,17.81
CIO,2022-02-22,17.68,17.93,17.48,17.58
CIO,2022-02-23,17.54,17.78,17.15,17.2
CIO,2022-02-24,16.89,17.43,16.6,17.33
CIO,2022-02-25,17.28,17.8,16.81,17.55
CIO,2022-02-28,17.29,17.53,16.8,17.22
CIO,2022-03-01,17.06,17.3,16.41,16.6
CIO,2022-03-02,16.8,17.14,16.79,16.9
CIO,2022-03-03,16.96,17.0,16.58,16.82
CIO,2022-03-04,16.66,17.01,16.6,16.97
CIO,2022-03-07,17.0,17.02,16.28,16.3
CIO,2022-03-08,16.33,16.84,16.33,16.64
CIO,2022-03-09,16.98,17.11,16.86,16.94
CIO,2022-03-10,16.7,17.19,16.7,17.19
CIO,2022-03-11,17.22,17.41,17.03,17.15
CIO,2022-03-14,17.29,17.29,16.87,16.94
CIO,2022-03-15,17.08,17.08,16.64,16.82
CIO,2022-03-16,17.0,17.33,16.76,17.31
CIO,2022-03-17,17.23,17.73,17.15,17.69
CIO,2022-03-18,17.69,17.69,17.39,17.59
CIO,2022-03-21,17.61,17.81,17.52,17.6
CIO,2022-03-22,17.65,17.81,17.51,17.63
CIO,2022-03-23,17.59,17.59,17.17,17.25
CIO,2022-03-24,17.32,17.48,17.18,17.41
CIO,2022-03-25,17.56,17.87,17.44,17.85
CIO,2022-03-28,17.81,17.95,17.63,17.72
CIO,2022-03-29,17.98,18.33,17.95,18.31
CIO,2022-03-30,18.26,18.35,17.78,17.85
CIO,2022-03-31,17.88,18.13,17.59,17.66
CIO,2022-04-01,17.86,18.11,17.49,17.83
CIO,2022-04-04,17.84,17.84,17.33,17.6
CIO,2022-04-05,17.54,17.69,17.12,17.14
CIO,2022-04-06,17.19,17.19,16.7,16.83
CIO,2022-04-07,16.6,16.61,16.23,16.44
CIO,2022-04-08,16.49,16.78,16.38,16.46
CIO,2022-04-11,16.37,16.64,16.21,16.28
CIO,2022-04-12,16.37,16.6,15.97,16.06
CIO,2022-04-13,16.2,16.4,16.07,16.32
CIO,2022-04-14,16.3,16.47,16.07,16.16
CIO,2022-04-18,16.1,16.37,15.94,16.02
CIO,2022-04-19,16.09,16.4,16.09,16.26
CIO,2022-04-20,16.38,16.62,16.27,16.47
CIO,2022-04-21,16.54,16.7,16.03,16.09
CIO,2022-04-22,15.98,16.1,15.65,15.69
CIO,2022-04-25,15.9,16.14,15.51,15.8
CIO,2022-04-26,15.73,15.81,15.24,15.37
CIO,2022-04-27,15.33,15.45,15.07,15.16
CIO,2022-04-28,15.33,15.62,15.07,15.53
CIO,2022-04-29,15.62,15.62,14.79,14.84
CIO,2022-05-02,14.87,14.99,14.23,14.52
CIO,2022-05-03,14.5,14.94,14.37,14.88
CIO,2022-05-04,14.98,15.21,14.62,15.09
CIO,2022-05-05,14.85,15.02,13.9,14.41
CIO,2022-05-06,14.2,14.26,13.72,14.04
CIO,2022-05-09,13.86,14.02,13.4,13.48
CIO,2022-05-10,13.61,14.04,13.16,13.37
CIO,2022-05-11,13.45,13.65,13.15,13.18
CIO,2022-05-12,13.19,13.19,12.78,13.01
CIO,2022-05-13,13.2,13.27,12.86,13.11
CIO,2022-05-16,13.17,13.67,13.06,13.65
CIO,2022-05-17,13.88,14.26,13.81,14.23
CIO,2022-05-18,14.12,14.27,13.56,13.58
CIO,2022-05-19,13.45,13.72,13.21,13.31
CIO,2022-05-20,13.53,13.62,13.21,13.61
CIO,2022-05-23,13.77,13.86,13.19,13.21
CIO,2022-05-24,13.21,13.32,12.92,13.32
CIO,2022-05-25,13.2,13.54,13.16,13.39
CIO,2022-05-26,13.56,13.69,13.41,13.49
CIO,2022-05-27,13.63,13.89,13.57,13.83
CIO,2022-05-31,13.67,14.01,13.56,13.94
CIO,2022-06-01,13.89,13.95,13.49,13.76
CIO,2022-06-02,13.78,13.78,13.56,13.75
CIO,2022-06-03,13.72,13.73,13.45,13.51
CIO,2022-06-06,13.64,13.68,13.31,13.38
CIO,2022-06-07,13.29,13.64,13.17,13.63
CIO,2022-06-08,13.53,13.53,12.97,13.08
CIO,2022-06-09,13.08,13.08,12.62,12.67
CIO,2022-06-10,12.51,12.57,12.26,12.43
CIO,2022-06-13,12.09,12.19,11.26,11.29
CIO,2022-06-14,11.34,11.56,11.05,11.46
CIO,2022-06-15,11.58,11.96,11.58,11.7
CIO,2022-06-16,11.54,11.54,11.24,11.33
CIO,2022-06-17,11.49,11.96,11.48,11.66
CIO,2022-06-21,11.78,12.15,11.59,11.83
CIO,2022-06-22,11.67,12.56,11.58,12.27
CIO,2022-06-23,12.27,12.55,12.14,12.44
CIO,2022-06-24,12.46,12.9,12.46,12.66
CIO,2022-06-27,12.76,12.97,12.44,12.72
CIO,2022-06-28,12.87,13.12,12.68,12.78
CIO,2022-06-29,12.78,12.91,12.61,12.86
CIO,2022-06-30,12.66,13.25,12.63,12.95
CIO,2022-07-01,12.88,13.14,12.71,12.99
CIO,2022-07-05,12.77,13.14,12.59,13.12
CIO,2022-07-06,13.11,13.24,12.76,12.83
CIO,2022-07-07,12.64,12.91,12.63,12.72
CIO,2022-07-08,12.79,12.92,12.48,12.76
CIO,2022-07-11,12.75,12.87,12.63,12.74
CIO,2022-07-12,12.6,12.95,12.6,12.78
CIO,2022-07-13,12.57,12.78,12.52,12.59
CIO,2022-07-14,12.5,12.78,12.35,12.63
CIO,2022-07-15,12.85,13.2,12.85,13.1
CIO,2022-07-18,13.09,13.25,12.96,13.03
CIO,2022-07-19,13.14,13.42,13.09,13.4
CIO,2022-07-20,13.28,13.52,13.22,13.42
CIO,2022-07-21,13.33,13.36,13.0,13.33
CIO,2022-07-22,13.41,13.51,13.28,13.38
CIO,2022-07-25,13.45,13.83,13.4,13.66
CIO,2022-07-26,13.61,13.86,13.57,13.69
CIO,2022-07-27,13.65,13.76,13.36,13.51
CIO,2022-07-28,13.51,13.98,13.51,13.81
CIO,2022-07-29,13.87,14.16,13.82,14.1
CIO,2022-08-01,14.07,14.24,13.84,14.05
CIO,2022-08-02,13.96,14.18,13.85,13.92
CIO,2022-08-03,14.07,14.14,13.7,13.7
CIO,2022-08-04,13.85,13.99,12.53,12.86
CIO,2022-08-05,12.84,12.93,12.67,12.85
CIO,2022-08-08,12.82,13.24,12.82,13.03
CIO,2022-08-09,12.92,12.97,12.64,12.83
CIO,2022-08-10,13.09,13.26,12.98,13.06
CIO,2022-08-11,13.11,13.31,13.11,13.2
CIO,2022-08-12,13.28,13.5,13.26,13.49
CIO,2022-08-15,13.38,13.41,13.12,13.18
CIO,2022-08-16,13.13,13.19,13.06,13.14
CIO,2022-08-17,12.95,13.01,12.68,12.81
CIO,2022-08-18,12.87,12.94,12.63,12.73
CIO,2022-08-19,12.69,12.71,12.43,12.52
CIO,2022-08-22,12.3,12.57,12.05,12.47
CIO,2022-08-23,12.58,12.68,12.32,12.39
CIO,2022-08-24,12.29,12.59,12.29,12.41
CIO,2022-08-25,12.57,12.74,12.48,12.66
CIO,2022-08-26,12.67,12.72,12.1,12.12
CIO,2022-08-29,12.07,12.2,11.96,12.07
CIO,2022-08-30,12.15,12.15,11.78,11.83
CIO,2022-08-31,11.81,11.99,11.42,11.55
CIO,2022-09-01,11.52,11.52,11.17,11.29
CIO,2022-09-02,11.42,11.6,11.3,11.36
CIO,2022-09-06,11.34,11.39,11.22,11.29
CIO,2022-09-07,11.2,11.52,11.2,11.49
CIO,2022-09-08,11.3,11.54,11.22,11.5
CIO,2022-09-09,11.62,11.66,11.52,11.59
CIO,2022-09-12,11.73,11.81,11.66,11.72
CIO,2022-09-13,11.46,11.52,11.22,11.25
CIO,2022-09-14,11.34,11.34,11.16,11.28
CIO,2022-09-15,11.28,11.44,11.22,11.23
CIO,2022-09-16,11.17,11.59,11.15,11.59
CIO,2022-09-19,11.48,11.67,11.44,11.63
CIO,2022-09-20,11.37,11.4,11.02,11.11
CIO,2022-09-21,11.23,11.25,10.87,10.91
CIO,2022-09-22,10.9,10.95,10.7,10.74
CIO,2022-09-23,10.71,10.77,10.44,10.64
CIO,2022-09-26,10.51,10.56,10.05,10.12
CIO,2022-09-27,10.26,10.32,9.95,10.03
CIO,2022-09-28,10.12,10.48,10.01,10.29
CIO,2022-09-29,10.25,10.25,9.74,9.88
CIO,2022-09-30,9.93,10.04,9.85,9.97
CIO,2022-10-03,10.13,10.18,9.92,10.02
CIO,2022-10-04,10.12,10.39,10.1,10.2
CIO,2022-10-05,10.08,10.08,9.68,9.81
CIO,2022-10-06,9.58,9.69,9.27,9.3
CIO,2022-10-07,9.25,9.29,9.08,9.19
CIO,2022-10-10,9.18,9.34,9.16,9.22
CIO,2022-10-11,9.19,9.53,9.05,9.46
CIO,2022-10-12,9.46,9.59,9.31,9.52
CIO,2022-10-13,9.38,9.93,9.19,9.87
CIO,2022-10-14,10.04,10.07,9.71,9.74
CIO,2022-10-17,9.94,10.09,9.91,10.0
CIO,2022-10-18,10.24,10.26,9.87,9.97
CIO,2022-10-19,9.9,9.95,9.63,9.74
CIO,2022-10-20,9.79,9.98,9.73,9.92
CIO,2022-10-21,9.93,10.03,9.76,9.94
CIO,2022-10-24,10.03,10.14,9.97,10.03
CIO,2022-10-25,10.06,10.51,10.06,10.38
CIO,2022-10-26,10.47,10.59,10.27,10.46
CIO,2022-10-27,10.51,10.66,10.47,10.51
CIO,2022-10-28,10.54,10.77,10.46,10.75
CIO,2022-10-31,10.65,10.74,10.55,10.62
CIO,2022-11-01,10.76,10.76,10.56,10.59
CIO,2022-11-02,10.62,10.8,10.37,10.39
CIO,2022-11-03,10.27,10.29,9.98,10.16
CIO,2022-11-04,10.31,10.53,10.21,10.44
CIO,2022-11-07,10.45,10.69,9.9,10.05
CIO,2022-11-08,9.93,10.02,9.36,9.49
CIO,2022-11-09,9.5,9.56,9.17,9.24
CIO,2022-11-10,9.61,9.86,9.59,9.83
CIO,2022-11-11,9.8,10.02,9.65,9.98
CIO,2022-11-14,10.0,10.06,9.82,9.83
CIO,2022-11-15,9.99,10.05,9.72,9.8
CIO,2022-11-16,9.81,9.81,9.47,9.49
CIO,2022-11-17,9.42,9.57,9.31,9.55
CIO,2022-11-18,9.84,9.84,9.58,9.65
CIO,2022-11-21,9.75,9.88,9.69,9.88
CIO,2022-11-22,9.77,10.01,9.72,9.97
CIO,2022-11-23,9.97,9.97,9.76,9.91
CIO,2022-11-25,9.91,10.12,9.87,10.03
CIO,2022-11-28,9.99,10.05,9.75,9.78
CIO,2022-11-29,9.78,9.89,9.66,9.78
CIO,2022-11-30,9.73,9.93,9.54,9.89
CIO,2022-12-01,9.94,10.03,9.77,9.93
CIO,2022-12-02,9.85,10.06,9.84,9.99
CIO,2022-12-05,9.86,9.88,9.44,9.5
CIO,2022-12-06,9.53,9.67,9.16,9.23
CIO,2022-12-07,9.23,9.48,9.18,9.28
CIO,2022-12-08,9.25,9.46,9.24,9.29
CIO,2022-12-09,9.27,9.57,9.2,9.38
CIO,2022-12-12,9.29,9.35,8.98,9.24
CIO,2022-12-13,9.56,9.79,9.3,9.34
CIO,2022-12-14,9.32,9.47,9.17,9.25
CIO,2022-12-15,9.14,9.23,9.04,9.14
CIO,2022-12-16,8.95,9.07,8.86,9.05
CIO,2022-12-19,9.07,9.07,8.72,8.81
CIO,2022-12-20,8.75,8.81,8.65,8.68
CIO,2022-12-21,8.69,8.85,8.65,8.74
CIO,2022-12-22,8.73,8.73,8.4,8.59
CIO,2022-12-23,8.61,8.69,8.46,8.52
CIO,2022-12-27,8.51,8.55,8.38,8.42
CIO,2022-12-28,8.49,8.55,8.2,8.22
CIO,2022-12-29,8.21,8.64,8.15,8.61
CIO,2022-12-30,8.49,8.56,8.33,8.38
CIO,2023-01-03,8.44,8.64,8.33,8.47
CIO,2023-01-04,8.57,8.75,8.5,8.58
CIO,2023-01-05,8.48,8.52,8.22,8.25
CIO,2023-01-06,8.37,8.49,8.24,8.44
CIO,2023-01-09,8.25,8.33,8.03,8.05
CIO,2023-01-10,8.07,8.27,8.04,8.19
CIO,2023-01-11,8.18,8.77,8.18,8.73
CIO,2023-01-12,8.86,9.15,8.82,9.1
CIO,2023-01-13,9.04,9.45,8.9,9.38
CIO,2023-01-17,9.38,9.56,9.36,9.46
CIO,2023-01-18,9.53,9.64,9.19,9.24
CIO,2023-01-19,9.19,9.4,9.14,9.33
CIO,2023-01-20,9.33,9.4,9.21,9.38
CIO,2023-01-23,9.38,9.51,9.2,9.29
CIO,2023-01-24,9.31,9.55,8.96,9.03
CIO,2023-01-25,9.0,9.41,8.93,9.38
CIO,2023-01-26,9.43,9.47,9.23,9.37
CIO,2023-01-27,9.37,9.79,9.37,9.66
CIO,2023-01-30,9.61,9.72,9.51,9.51
CIO,2023-01-31,9.5,9.92,9.48,9.84
CIO,2023-02-01,9.78,9.97,9.59,9.87
CIO,2023-02-02,9.97,10.23,9.91,10.05
CIO,2023-02-03,9.94,10.06,9.8,9.97
CIO,2023-02-06,9.9,9.9,9.5,9.69
CIO,2023-02-07,9.63,9.82,9.51,9.7
CIO,2023-02-08,9.7,9.73,9.56,9.64
CIO,2023-02-09,9.71,9.78,9.36,9.39
CIO,2023-02-10,9.36,9.52,9.32,9.5
CIO,2023-02-13,9.52,9.59,9.45,9.57
CIO,2023-02-14,9.5,9.59,9.35,9.49
CIO,2023-02-15,9.38,9.53,9.34,9.53
CIO,2023-02-16,9.43,9.43,9.27,9.32
CIO,2023-02-17,9.36,9.43,9.16,9.18
CIO,2023-02-21,9.14,9.14,8.8,8.91
CIO,2023-02-22,8.89,9.02,8.75,8.79
CIO,2023-02-23,9.12,9.12,8.52,8.77
CIO,2023-02-24,8.56,8.63,8.3,8.59
CIO,2023-02-27,8.63,8.84,8.49,8.53
CIO,2023-02-28,8.5,8.61,8.39,8.46
CIO,2023-03-01,8.42,8.63,8.3,8.59
CIO,2023-03-02,8.51,8.63,8.47,8.6
CIO,2023-03-03,8.66,8.7,8.48,8.51
CIO,2023-03-06,8.55,8.57,8.4,8.44
CIO,2023-03-07,8.45,8.5,8.21,8.29
CIO,2023-03-08,8.29,8.38,8.21,8.37
CIO,2023-03-09,8.36,8.41,8.1,8.1
CIO,2023-03-10,8.05,8.11,7.54,7.66
CIO,2023-03-13,7.5,7.6,7.25,7.39
CIO,2023-03-14,7.66,7.68,7.21,7.24
CIO,2023-03-15,7.11,7.31,7.02,7.24
CIO,2023-03-16,7.15,7.15,6.81,7.01
CIO,2023-03-17,6.99,7.0,6.42,6.48
CIO,2023-03-20,6.55,6.77,6.39,6.48
CIO,2023-03-21,6.62,6.77,6.57,6.67
CIO,2023-03-22,6.62,6.74,6.41,6.41
CIO,2023-03-23,6.41,6.52,6.0,6.01
CIO,2023-03-24,5.96,6.16,5.8,6.14
CIO,2023-03-27,6.27,6.43,6.24,6.26
CIO,2023-03-28,6.2,6.41,6.14,6.33
CIO,2023-03-29,6.41,6.49,6.34,6.46
CIO,2023-03-30,6.56,6.62,6.46,6.61
CIO,2023-03-31,6.69,6.93,6.63,6.9
CIO,2023-04-03,6.88,7.1247,6.8109,6.92
CIO,2023-04-04,6.93,6.95,6.77,6.86
CIO,2023-04-05,6.84,7.025,6.79,6.88
CIO,2023-04-06,6.96,7.0199,6.8512,6.99
CIO,2023-04-10,6.76,6.77,6.28,6.44
CIO,2023-04-11,6.42,6.55,6.33,6.44
CIO,2023-04-12,6.44,6.48,6.26,6.29
CIO,2023-04-13,6.28,6.3,6.13,6.16
CIO,2023-04-14,6.26,6.32,6.025,6.09
CIO,2023-04-17,6.08,6.37,6.08,6.34
CIO,2023-04-18,6.31,6.33,6.118,6.15
CIO,2023-04-19,6.13,6.31,6.02,6.25
