ticker,date,open,high,low,close
ZTS,2013-02-01,31.5,31.74,30.47,31.01
ZTS,2013-02-04,31.09,31.99,30.76,31.02
ZTS,2013-02-05,31.25,31.98,30.85,31.04
ZTS,2013-02-06,30.98,31.43,30.75,31.03
ZTS,2013-02-07,31.0,32.73,31.0,32.0
ZTS,2013-02-08,32.31,33.48,32.3,33.05
ZTS,2013-02-11,33.06,33.5,32.88,33.26
ZTS,2013-02-12,33.4,34.0,33.15,33.74
ZTS,2013-02-13,33.8,33.8,33.0,33.55
ZTS,2013-02-14,33.39,33.45,32.77,33.27
ZTS,2013-02-15,33.31,34.09,33.0,33.98
ZTS,2013-02-19,34.02,34.07,33.57,33.84
ZTS,2013-02-20,33.84,33.88,32.6,32.72
ZTS,2013-02-21,32.5,32.8,31.86,32.56
ZTS,2013-02-22,32.78,32.93,32.5,32.59
ZTS,2013-02-25,32.68,32.69,32.0,32.07
ZTS,2013-02-26,32.05,32.4,31.99,32.04
ZTS,2013-02-27,32.0,33.05,32.0,32.32
ZTS,2013-02-28,32.56,33.55,32.56,33.45
ZTS,2013-03-01,33.36,34.7,33.15,34.6
ZTS,2013-03-04,34.8,34.89,34.24,34.35
ZTS,2013-03-05,34.41,34.48,33.75,34.29
ZTS,2013-03-06,34.34,34.38,33.85,33.85
ZTS,2013-03-07,33.95,34.68,33.56,34.56
ZTS,2013-03-08,34.03,34.69,33.8,34.09
ZTS,2013-03-11,33.97,34.26,33.25,34.18
ZTS,2013-03-12,34.12,34.24,33.6,33.82
ZTS,2013-03-13,33.9,34.06,33.08,34.0
ZTS,2013-03-14,34.33,35.42,34.3,34.64
ZTS,2013-03-15,34.7,34.84,33.31,33.44
ZTS,2013-03-18,32.75,32.94,32.64,32.84
ZTS,2013-03-19,32.8,33.42,32.33,32.8
ZTS,2013-03-20,32.9,33.54,32.5,33.51
ZTS,2013-03-21,33.9,34.0,33.29,33.47
ZTS,2013-03-22,33.55,33.75,32.74,33.12
ZTS,2013-03-25,33.48,33.48,32.25,32.46
ZTS,2013-03-26,32.73,32.79,32.0,32.51
ZTS,2013-03-27,32.38,32.89,32.06,32.74
ZTS,2013-03-28,32.85,33.5,32.63,33.4
ZTS,2013-04-01,33.42,33.59,32.43,32.59
ZTS,2013-04-02,32.66,33.13,32.46,32.55
ZTS,2013-04-03,32.67,32.98,32.36,32.53
ZTS,2013-04-04,32.41,32.5,31.71,31.84
ZTS,2013-04-05,31.73,32.07,30.57,31.96
ZTS,2013-04-08,31.95,32.98,31.77,32.92
ZTS,2013-04-09,33.05,33.59,32.56,33.44
ZTS,2013-04-10,33.76,33.76,32.98,33.15
ZTS,2013-04-11,33.22,33.24,32.87,33.16
ZTS,2013-04-12,32.97,33.35,32.6,33.23
ZTS,2013-04-15,33.07,33.23,32.17,32.24
ZTS,2013-04-16,32.36,33.37,32.29,33.21
ZTS,2013-04-17,32.98,33.23,32.17,32.89
ZTS,2013-04-18,33.1,33.1,32.38,32.47
ZTS,2013-04-19,32.71,32.79,31.81,32.71
ZTS,2013-04-22,32.9,32.9,32.22,32.66
ZTS,2013-04-23,32.78,32.96,31.5,31.7
ZTS,2013-04-24,31.63,31.69,30.42,30.62
ZTS,2013-04-25,30.93,31.99,30.75,31.55
ZTS,2013-04-26,31.61,32.68,31.61,32.64
ZTS,2013-04-29,32.95,32.95,32.17,32.66
ZTS,2013-04-30,33.68,34.74,32.93,33.02
ZTS,2013-05-01,32.97,33.51,32.66,33.39
ZTS,2013-05-02,33.38,33.87,33.11,33.28
ZTS,2013-05-03,33.62,33.64,33.0,33.21
ZTS,2013-05-06,33.35,33.49,32.75,32.94
ZTS,2013-05-07,33.08,33.08,32.29,32.88
ZTS,2013-05-08,33.0,33.44,32.72,33.26
ZTS,2013-05-09,33.31,33.67,33.28,33.55
ZTS,2013-05-10,33.54,33.61,32.97,33.18
ZTS,2013-05-13,33.06,33.49,32.75,33.04
ZTS,2013-05-14,33.13,33.75,32.85,33.08
ZTS,2013-05-15,32.94,33.06,32.56,32.79
ZTS,2013-05-16,33.48,33.8,33.16,33.39
ZTS,2013-05-17,33.35,33.9,33.19,33.9
ZTS,2013-05-20,33.9,34.0,33.6,33.71
ZTS,2013-05-21,33.57,33.74,32.99,33.04
ZTS,2013-05-22,32.55,33.99,31.75,33.55
ZTS,2013-05-23,33.25,33.8,32.71,32.84
ZTS,2013-05-24,33.2,33.62,32.53,33.46
ZTS,2013-05-28,33.8,34.28,33.59,34.26
ZTS,2013-05-29,34.25,34.25,32.88,32.95
ZTS,2013-05-30,32.77,33.1,32.1,32.24
ZTS,2013-05-31,32.3,32.34,31.8,32.0
ZTS,2013-06-03,32.01,32.84,31.31,32.75
ZTS,2013-06-04,32.83,32.99,31.84,32.4
ZTS,2013-06-05,32.42,32.42,31.75,32.17
ZTS,2013-06-06,32.17,32.31,31.54,32.08
ZTS,2013-06-07,32.26,32.34,31.21,31.5
ZTS,2013-06-10,31.83,32.11,31.47,32.01
ZTS,2013-06-11,31.7,32.02,31.4,31.7
ZTS,2013-06-12,31.95,32.03,31.4,31.53
ZTS,2013-06-13,31.47,31.55,30.87,31.17
ZTS,2013-06-14,31.0,31.26,30.61,30.8
ZTS,2013-06-17,31.4,31.76,30.71,30.96
ZTS,2013-06-18,31.33,31.39,30.95,31.18
ZTS,2013-06-19,31.06,31.24,30.82,31.0
ZTS,2013-06-20,30.89,31.04,30.05,30.19
ZTS,2013-06-21,30.55,31.09,30.34,30.6
ZTS,2013-06-24,30.15,30.5,29.4,30.38
ZTS,2013-06-25,30.8,31.62,30.5,31.49
ZTS,2013-06-26,31.8,31.9,30.92,30.97
ZTS,2013-06-27,31.46,31.51,30.79,30.87
ZTS,2013-06-28,30.9,31.39,30.54,30.89
ZTS,2013-07-01,31.02,31.06,30.13,30.61
ZTS,2013-07-02,30.22,30.83,29.62,29.7
ZTS,2013-07-03,29.67,29.74,28.97,29.28
ZTS,2013-07-05,29.81,30.18,29.78,30.17
ZTS,2013-07-08,30.45,30.97,30.22,30.94
ZTS,2013-07-09,31.12,31.4,30.94,30.98
ZTS,2013-07-10,31.08,31.24,30.47,31.04
ZTS,2013-07-11,31.43,31.45,30.84,30.92
ZTS,2013-07-12,31.02,31.38,31.01,31.35
ZTS,2013-07-15,31.31,31.65,31.1,31.58
ZTS,2013-07-16,31.56,31.65,31.1,31.16
ZTS,2013-07-17,31.23,31.23,30.85,30.99
ZTS,2013-07-18,31.11,31.2,30.77,30.82
ZTS,2013-07-19,30.79,30.8,30.12,30.24
ZTS,2013-07-22,30.36,30.59,30.16,30.27
ZTS,2013-07-23,30.41,30.44,29.76,30.06
ZTS,2013-07-24,30.13,30.55,29.66,29.9
ZTS,2013-07-25,29.88,30.55,29.71,30.52
ZTS,2013-07-26,30.4,30.53,30.0,30.43
ZTS,2013-07-29,30.27,30.54,29.98,30.09
ZTS,2013-07-30,30.15,30.32,29.89,30.04
ZTS,2013-07-31,30.0,30.19,29.8,29.81
ZTS,2013-08-01,29.97,30.21,29.46,30.16
ZTS,2013-08-02,30.12,30.96,29.91,30.94
ZTS,2013-08-05,30.47,31.39,30.47,31.25
ZTS,2013-08-06,31.68,32.5,31.09,31.13
ZTS,2013-08-07,31.1,31.4,30.65,31.24
ZTS,2013-08-08,31.4,31.83,31.18,31.24
ZTS,2013-08-09,31.14,31.24,30.78,30.91
ZTS,2013-08-12,30.68,30.99,30.04,30.33
ZTS,2013-08-13,30.5,30.75,30.2,30.45
ZTS,2013-08-14,30.5,30.63,30.08,30.14
ZTS,2013-08-15,29.94,30.16,29.79,30.02
ZTS,2013-08-16,29.94,30.2,29.75,30.0
ZTS,2013-08-19,29.91,30.3,29.84,29.87
ZTS,2013-08-20,29.86,30.41,29.71,30.23
ZTS,2013-08-21,30.07,30.19,29.6,29.85
ZTS,2013-08-22,29.83,30.01,29.57,29.87
ZTS,2013-08-23,29.88,30.23,29.64,30.2
ZTS,2013-08-26,30.16,30.16,29.65,29.8
ZTS,2013-08-27,29.53,29.67,29.0,29.2
ZTS,2013-08-28,29.07,29.83,28.81,29.57
ZTS,2013-08-29,29.43,29.61,29.22,29.47
ZTS,2013-08-30,29.45,29.5,29.04,29.15
ZTS,2013-09-03,29.46,29.77,29.19,29.43
ZTS,2013-09-04,29.45,29.71,29.35,29.69
ZTS,2013-09-05,29.72,30.49,29.66,30.33
ZTS,2013-09-06,30.45,30.95,29.97,30.61
ZTS,2013-09-09,30.64,31.0,30.36,30.59
ZTS,2013-09-10,31.33,31.82,30.86,30.95
ZTS,2013-09-11,31.36,31.46,30.89,31.33
ZTS,2013-09-12,31.36,31.39,30.82,31.08
ZTS,2013-09-13,31.07,31.3,30.91,31.05
ZTS,2013-09-16,31.44,32.18,31.39,31.85
ZTS,2013-09-17,32.01,32.52,31.98,32.38
ZTS,2013-09-18,32.28,32.73,31.96,32.72
ZTS,2013-09-19,32.8,32.9,32.16,32.51
ZTS,2013-09-20,32.68,32.75,31.87,32.19
ZTS,2013-09-23,32.19,32.19,31.35,31.58
ZTS,2013-09-24,31.62,31.66,31.21,31.48
ZTS,2013-09-25,31.48,31.59,31.03,31.06
ZTS,2013-09-26,31.22,31.64,31.2,31.58
ZTS,2013-09-27,31.56,31.6,31.05,31.15
ZTS,2013-09-30,31.1,31.32,30.93,31.12
ZTS,2013-10-01,31.12,32.04,31.01,31.78
ZTS,2013-10-02,31.67,32.13,31.43,32.0
ZTS,2013-10-03,31.79,31.82,31.34,31.48
ZTS,2013-10-04,32.29,32.56,31.64,32.05
ZTS,2013-10-07,31.7,32.38,31.59,31.93
ZTS,2013-10-08,31.86,32.09,31.46,31.53
ZTS,2013-10-09,31.73,31.73,31.08,31.43
ZTS,2013-10-10,31.78,32.36,31.47,32.36
ZTS,2013-10-11,32.44,32.77,32.03,32.4
ZTS,2013-10-14,32.03,32.46,31.86,32.29
ZTS,2013-10-15,32.22,32.42,32.0,32.07
ZTS,2013-10-16,32.26,32.97,32.26,32.89
ZTS,2013-10-17,32.83,33.19,32.77,33.03
ZTS,2013-10-18,33.16,33.3,32.85,33.22
ZTS,2013-10-21,33.16,33.34,32.62,32.77
ZTS,2013-10-22,32.92,33.0,32.26,32.51
ZTS,2013-10-23,32.48,32.9,32.48,32.6
ZTS,2013-10-24,32.75,32.89,32.5,32.74
ZTS,2013-10-25,32.8,32.8,32.35,32.47
ZTS,2013-10-28,32.53,32.53,31.94,31.98
ZTS,2013-10-29,31.99,32.3,31.92,32.03
ZTS,2013-10-30,32.17,32.61,31.95,32.06
ZTS,2013-10-31,32.0,32.28,31.66,31.66
ZTS,2013-11-01,31.77,31.93,31.38,31.84
ZTS,2013-11-04,31.84,31.99,31.52,31.93
ZTS,2013-11-05,31.9,31.97,31.26,31.69
ZTS,2013-11-06,32.08,32.18,30.89,31.27
ZTS,2013-11-07,31.38,31.53,30.86,31.04
ZTS,2013-11-08,31.17,31.63,30.96,31.59
ZTS,2013-11-11,31.7,32.0,31.62,31.77
ZTS,2013-11-12,31.75,31.98,31.45,31.84
ZTS,2013-11-13,31.65,31.81,31.28,31.72
ZTS,2013-11-14,31.93,32.18,31.48,31.68
ZTS,2013-11-15,31.69,31.87,31.41,31.81
ZTS,2013-11-18,31.84,31.96,31.46,31.62
ZTS,2013-11-19,31.66,31.95,31.2,31.42
ZTS,2013-11-20,31.42,31.82,31.21,31.37
ZTS,2013-11-21,31.49,31.72,31.32,31.58
ZTS,2013-11-22,31.64,31.73,31.25,31.36
ZTS,2013-11-25,31.41,31.42,31.06,31.29
ZTS,2013-11-26,31.46,31.92,31.39,31.42
ZTS,2013-11-27,31.45,31.55,31.1,31.28
ZTS,2013-11-29,31.29,31.45,31.08,31.15
ZTS,2013-12-02,31.31,31.6,31.09,31.15
ZTS,2013-12-03,31.13,31.24,30.89,31.09
ZTS,2013-12-04,31.07,31.34,30.96,31.21
ZTS,2013-12-05,31.2,31.71,31.0,31.44
ZTS,2013-12-06,31.62,31.69,31.3,31.54
ZTS,2013-12-09,31.56,31.94,31.39,31.75
ZTS,2013-12-10,31.62,31.62,31.2,31.36
ZTS,2013-12-11,31.43,31.54,30.76,31.09
ZTS,2013-12-12,30.98,31.41,30.98,31.17
ZTS,2013-12-13,31.31,31.89,31.23,31.58
ZTS,2013-12-16,31.67,32.0,31.55,32.0
ZTS,2013-12-17,31.91,31.97,31.32,31.64
ZTS,2013-12-18,31.61,32.2,31.3,32.17
ZTS,2013-12-19,32.14,32.37,31.66,32.31
ZTS,2013-12-20,32.33,32.69,32.26,32.38
ZTS,2013-12-23,32.61,32.64,32.16,32.37
ZTS,2013-12-24,32.3,32.48,32.07,32.37
ZTS,2013-12-26,32.5,32.78,32.4,32.59
ZTS,2013-12-27,32.69,32.77,32.47,32.67
ZTS,2013-12-30,32.74,32.84,32.54,32.67
ZTS,2013-12-31,32.8,32.81,32.46,32.69
ZTS,2014-01-02,32.53,32.66,32.11,32.36
ZTS,2014-01-03,32.34,32.5,32.02,32.05
ZTS,2014-01-06,32.3,32.73,31.85,31.98
ZTS,2014-01-07,32.19,32.45,31.95,32.1
ZTS,2014-01-08,31.71,32.09,31.51,31.74
ZTS,2014-01-09,31.83,31.97,31.53,31.96
ZTS,2014-01-10,31.9,32.56,31.86,32.54
ZTS,2014-01-13,32.39,32.42,31.69,31.78
ZTS,2014-01-14,31.94,31.99,31.65,31.85
ZTS,2014-01-15,31.89,31.96,31.68,31.81
ZTS,2014-01-16,31.85,32.08,31.71,32.0
ZTS,2014-01-17,31.91,32.09,31.63,31.73
ZTS,2014-01-21,31.98,32.09,31.26,31.27
ZTS,2014-01-22,31.42,31.67,31.26,31.46
ZTS,2014-01-23,31.46,31.83,31.4,31.74
ZTS,2014-01-24,31.51,31.67,31.3,31.46
ZTS,2014-01-27,31.53,31.62,31.26,31.36
ZTS,2014-01-28,31.32,31.62,31.19,31.44
ZTS,2014-01-29,31.27,31.45,30.72,30.78
ZTS,2014-01-30,31.07,31.33,30.59,30.67
ZTS,2014-01-31,30.39,30.54,30.07,30.36
ZTS,2014-02-03,30.4,30.55,30.14,30.37
ZTS,2014-02-04,30.56,30.75,30.14,30.23
ZTS,2014-02-05,30.1,30.43,29.95,30.13
ZTS,2014-02-06,30.09,30.24,30.0,30.05
ZTS,2014-02-07,30.11,30.8,30.11,30.7
ZTS,2014-02-10,30.78,31.53,30.78,31.14
ZTS,2014-02-11,29.63,29.75,28.77,29.13
ZTS,2014-02-12,29.2,30.13,29.13,30.0
ZTS,2014-02-13,29.93,30.17,29.56,29.67
ZTS,2014-02-14,29.62,30.0,29.55,29.88
ZTS,2014-02-18,29.91,30.59,29.88,30.27
ZTS,2014-02-19,30.04,30.16,29.63,29.75
ZTS,2014-02-20,29.74,30.17,29.64,29.97
ZTS,2014-02-21,29.99,30.03,29.53,29.61
ZTS,2014-02-24,29.78,30.07,29.62,29.7
ZTS,2014-02-25,29.56,30.38,29.55,30.13
ZTS,2014-02-26,30.04,30.45,30.0,30.4
ZTS,2014-02-27,30.4,30.74,30.35,30.72
ZTS,2014-02-28,30.75,31.02,30.63,31.02
ZTS,2014-03-03,30.88,31.18,30.79,30.99
ZTS,2014-03-04,31.23,31.3,30.8,30.89
ZTS,2014-03-05,31.0,31.14,30.59,30.72
ZTS,2014-03-06,30.82,31.05,30.67,30.78
ZTS,2014-03-07,30.88,30.99,30.47,30.58
ZTS,2014-03-10,30.62,30.64,30.2,30.35
ZTS,2014-03-11,30.47,30.63,30.08,30.28
ZTS,2014-03-12,30.07,30.24,29.65,29.7
ZTS,2014-03-13,29.72,29.78,29.06,29.25
ZTS,2014-03-14,29.25,29.82,29.23,29.42
ZTS,2014-03-17,29.48,29.61,29.32,29.38
ZTS,2014-03-18,29.42,29.48,29.25,29.28
ZTS,2014-03-19,29.31,30.11,29.27,29.91
ZTS,2014-03-20,29.81,30.11,29.67,30.09
ZTS,2014-03-21,30.37,30.43,29.19,29.26
ZTS,2014-03-24,29.32,29.38,28.97,29.14
ZTS,2014-03-25,29.27,29.38,29.11,29.26
ZTS,2014-03-26,29.41,29.45,29.16,29.21
ZTS,2014-03-27,29.21,29.4,29.08,29.3
ZTS,2014-03-28,29.46,29.51,28.91,29.01
ZTS,2014-03-31,29.07,29.14,28.66,28.94
ZTS,2014-04-01,28.97,29.39,28.97,29.35
ZTS,2014-04-02,29.28,29.7,29.14,29.62
ZTS,2014-04-03,29.71,29.71,29.39,29.62
ZTS,2014-04-04,29.64,30.01,29.21,29.32
ZTS,2014-04-07,29.25,29.32,28.85,29.0
ZTS,2014-04-08,28.9,29.22,28.68,29.15
ZTS,2014-04-09,29.22,29.22,28.77,29.06
ZTS,2014-04-10,28.99,29.22,28.8,28.86
ZTS,2014-04-11,28.76,28.87,28.28,28.4
ZTS,2014-04-14,28.48,28.78,28.26,28.48
ZTS,2014-04-15,28.57,28.57,28.14,28.55
ZTS,2014-04-16,28.55,28.7,28.4,28.53
ZTS,2014-04-17,28.51,28.71,28.46,28.6
ZTS,2014-04-21,28.7,29.06,28.53,29.03
ZTS,2014-04-22,29.52,30.02,29.19,29.89
ZTS,2014-04-23,29.75,29.89,29.3,29.39
ZTS,2014-04-24,29.3,30.02,29.25,29.89
ZTS,2014-04-25,29.81,30.29,29.62,30.16
ZTS,2014-04-28,30.52,30.67,30.04,30.4
ZTS,2014-04-29,30.43,30.53,30.2,30.53
ZTS,2014-04-30,30.36,30.46,29.96,30.26
ZTS,2014-05-01,30.31,30.53,30.18,30.31
ZTS,2014-05-02,30.32,30.75,30.3,30.64
ZTS,2014-05-05,30.42,30.63,30.11,30.53
ZTS,2014-05-06,29.85,31.39,29.56,30.89
ZTS,2014-05-07,30.1,30.74,30.0,30.65
ZTS,2014-05-08,30.55,30.81,30.41,30.48
ZTS,2014-05-09,30.47,30.57,30.05,30.54
ZTS,2014-05-12,30.58,30.86,30.55,30.81
ZTS,2014-05-13,30.8,30.86,30.6,30.73
ZTS,2014-05-14,30.64,30.81,30.48,30.64
ZTS,2014-05-15,30.53,30.64,30.35,30.46
ZTS,2014-05-16,30.43,30.61,30.32,30.6
ZTS,2014-05-19,30.6,30.63,30.28,30.46
ZTS,2014-05-20,30.51,30.59,30.27,30.28
ZTS,2014-05-21,30.38,30.5,30.24,30.42
ZTS,2014-05-22,30.35,30.55,30.26,30.33
ZTS,2014-05-23,30.34,30.58,30.3,30.53
ZTS,2014-05-27,30.74,30.77,30.54,30.7
ZTS,2014-05-28,30.73,30.73,30.43,30.48
ZTS,2014-05-29,30.6,30.77,30.5,30.72
ZTS,2014-05-30,30.79,30.93,30.67,30.7
ZTS,2014-06-02,30.8,30.96,30.65,30.92
ZTS,2014-06-03,30.89,31.26,30.79,31.25
ZTS,2014-06-04,31.18,31.45,31.13,31.37
ZTS,2014-06-05,31.41,31.65,31.22,31.61
ZTS,2014-06-06,31.62,31.8,31.61,31.74
ZTS,2014-06-09,31.78,32.01,31.65,32.01
ZTS,2014-06-10,31.94,32.51,31.91,32.5
ZTS,2014-06-11,32.5,32.53,32.1,32.13
ZTS,2014-06-12,32.08,32.13,31.82,31.99
ZTS,2014-06-13,31.96,32.14,31.83,32.12
ZTS,2014-06-16,32.08,32.21,31.99,32.13
ZTS,2014-06-17,32.06,32.85,32.06,32.81
ZTS,2014-06-18,32.72,32.89,32.46,32.89
ZTS,2014-06-19,32.97,33.05,32.53,32.55
ZTS,2014-06-20,32.4,32.58,32.05,32.46
ZTS,2014-06-23,32.54,32.73,32.43,32.64
ZTS,2014-06-24,32.67,32.7,32.35,32.37
ZTS,2014-06-25,32.41,32.57,32.29,32.37
ZTS,2014-06-26,32.35,32.43,32.08,32.24
ZTS,2014-06-27,32.21,32.41,32.16,32.38
ZTS,2014-06-30,32.45,32.73,32.12,32.27
ZTS,2014-07-01,32.46,32.61,32.31,32.51
ZTS,2014-07-02,32.5,32.76,32.5,32.74
ZTS,2014-07-03,32.76,32.92,32.65,32.91
ZTS,2014-07-07,32.88,32.89,32.56,32.56
ZTS,2014-07-08,32.4,32.51,32.17,32.48
ZTS,2014-07-09,32.47,32.64,32.29,32.46
ZTS,2014-07-10,32.22,32.69,32.02,32.52
ZTS,2014-07-11,32.44,32.56,32.3,32.37
ZTS,2014-07-14,32.56,32.85,32.4,32.73
ZTS,2014-07-15,32.63,32.71,32.26,32.39
ZTS,2014-07-16,32.43,32.7,32.35,32.63
ZTS,2014-07-17,32.43,32.51,32.15,32.21
ZTS,2014-07-18,32.15,32.74,32.07,32.69
ZTS,2014-07-21,32.61,32.88,32.6,32.85
ZTS,2014-07-22,32.96,33.23,32.83,32.87
ZTS,2014-07-23,32.85,32.94,32.78,32.84
ZTS,2014-07-24,32.9,32.97,32.76,32.89
ZTS,2014-07-25,32.77,32.9,32.68,32.82
ZTS,2014-07-28,32.77,32.97,32.67,32.86
ZTS,2014-07-29,32.8,33.22,32.7,33.03
ZTS,2014-07-30,33.15,33.25,32.92,33.14
ZTS,2014-07-31,32.91,33.13,32.87,32.91
ZTS,2014-08-01,32.77,33.04,32.59,32.74
ZTS,2014-08-04,32.72,33.35,32.58,33.24
ZTS,2014-08-05,32.57,32.88,31.98,32.21
ZTS,2014-08-06,32.03,32.37,32.01,32.3
ZTS,2014-08-07,32.37,32.48,31.67,31.79
ZTS,2014-08-08,31.8,32.34,31.8,32.32
ZTS,2014-08-11,32.46,32.65,32.38,32.6
ZTS,2014-08-12,32.48,32.69,32.35,32.45
ZTS,2014-08-13,32.71,33.04,32.69,32.87
ZTS,2014-08-14,32.93,33.1,32.87,33.07
ZTS,2014-08-15,33.13,33.7,33.13,33.69
ZTS,2014-08-18,33.75,34.01,33.7,33.93
ZTS,2014-08-19,33.95,34.57,33.89,34.52
ZTS,2014-08-20,34.52,34.85,34.45,34.79
ZTS,2014-08-21,34.77,34.98,34.69,34.89
ZTS,2014-08-22,34.82,34.94,34.73,34.89
ZTS,2014-08-25,35.0,35.03,34.81,34.9
ZTS,2014-08-26,34.98,35.21,34.84,35.13
ZTS,2014-08-27,35.18,35.48,35.07,35.34
ZTS,2014-08-28,35.17,35.38,35.07,35.33
ZTS,2014-08-29,35.33,35.44,35.01,35.44
ZTS,2014-09-02,35.44,35.59,35.32,35.48
ZTS,2014-09-03,36.63,36.65,35.53,35.76
ZTS,2014-09-04,35.77,35.89,35.39,35.51
ZTS,2014-09-05,35.61,36.05,35.45,36.04
ZTS,2014-09-08,36.0,36.31,35.95,36.28
ZTS,2014-09-09,36.25,36.3,36.01,36.18
ZTS,2014-09-10,36.31,36.34,35.88,36.24
ZTS,2014-09-11,36.15,36.29,36.09,36.27
ZTS,2014-09-12,36.21,36.24,36.09,36.18
ZTS,2014-09-15,36.25,36.32,36.13,36.27
ZTS,2014-09-16,36.28,36.55,36.2,36.49
ZTS,2014-09-17,36.54,36.68,36.34,36.65
ZTS,2014-09-18,36.74,37.08,36.63,36.7
ZTS,2014-09-19,36.84,37.31,36.84,37.2
ZTS,2014-09-22,37.22,37.3,36.5,36.62
ZTS,2014-09-23,36.31,36.49,35.85,35.88
ZTS,2014-09-24,35.99,36.63,35.95,36.58
ZTS,2014-09-25,36.57,36.59,36.12,36.3
ZTS,2014-09-26,36.36,36.75,36.19,36.63
ZTS,2014-09-29,36.3,36.81,36.17,36.79
ZTS,2014-09-30,37.05,37.11,36.77,36.95
ZTS,2014-10-01,36.87,37.01,36.23,36.45
ZTS,2014-10-02,36.58,36.97,36.46,36.91
ZTS,2014-10-03,36.87,37.73,36.87,37.67
ZTS,2014-10-06,37.81,37.97,37.6,37.66
ZTS,2014-10-07,37.4,37.56,36.62,36.71
ZTS,2014-10-08,36.8,37.57,36.63,37.55
ZTS,2014-10-09,37.49,37.63,36.9,37.02
ZTS,2014-10-10,37.02,37.3,36.64,36.68
ZTS,2014-10-13,36.67,36.67,35.53,35.57
ZTS,2014-10-14,35.83,36.16,35.46,35.87
ZTS,2014-10-15,35.36,35.39,34.16,35.26
ZTS,2014-10-16,34.74,35.52,34.18,35.07
ZTS,2014-10-17,35.4,35.6,34.95,35.37
ZTS,2014-10-20,35.37,35.69,35.31,35.41
ZTS,2014-10-21,35.57,36.18,35.54,36.09
ZTS,2014-10-22,36.06,36.34,35.88,35.89
ZTS,2014-10-23,35.8,36.45,35.47,36.11
ZTS,2014-10-24,36.2,36.6,36.1,36.58
ZTS,2014-10-27,36.6,36.78,36.49,36.57
ZTS,2014-10-28,36.66,37.02,36.51,37.01
ZTS,2014-10-29,36.88,36.94,36.31,36.62
ZTS,2014-10-30,36.63,37.4,36.55,37.32
ZTS,2014-10-31,37.74,37.91,37.05,37.16
ZTS,2014-11-03,37.08,37.82,37.02,37.72
ZTS,2014-11-04,38.01,39.12,38.01,39.12
ZTS,2014-11-05,39.29,39.41,38.76,39.27
ZTS,2014-11-06,39.35,39.72,39.27,39.71
ZTS,2014-11-07,39.65,40.3,39.62,40.23
ZTS,2014-11-10,40.3,40.34,40.03,40.16
ZTS,2014-11-11,40.16,44.13,39.92,43.72
ZTS,2014-11-12,43.9,43.96,42.57,42.64
ZTS,2014-11-13,42.66,43.29,42.61,43.24
ZTS,2014-11-14,43.19,43.45,42.86,43.14
ZTS,2014-11-17,43.86,44.43,42.98,44.23
ZTS,2014-11-18,44.88,44.94,43.03,44.19
ZTS,2014-11-19,44.33,44.38,43.21,43.4
ZTS,2014-11-20,42.91,43.25,42.71,43.15
ZTS,2014-11-21,43.48,43.87,42.85,43.87
ZTS,2014-11-24,44.09,44.93,43.83,44.58
ZTS,2014-11-25,44.58,44.72,43.87,43.91
ZTS,2014-11-26,44.27,44.7,43.87,44.67
ZTS,2014-11-28,44.75,45.09,44.75,44.93
ZTS,2014-12-01,45.2,45.24,44.26,44.37
ZTS,2014-12-02,44.37,44.95,44.28,44.74
ZTS,2014-12-03,44.74,45.01,44.39,44.88
ZTS,2014-12-04,44.79,44.9,43.85,44.0
ZTS,2014-12-05,43.97,44.46,43.83,43.98
ZTS,2014-12-08,44.2,44.39,43.87,44.1
ZTS,2014-12-09,43.18,44.49,42.74,43.82
ZTS,2014-12-10,43.85,44.2,42.7,42.77
ZTS,2014-12-11,42.97,43.5,42.76,42.88
ZTS,2014-12-12,42.72,43.09,41.74,41.77
ZTS,2014-12-15,42.25,42.49,41.34,41.74
ZTS,2014-12-16,41.65,42.01,40.83,40.85
ZTS,2014-12-17,41.08,41.43,40.83,41.13
ZTS,2014-12-18,41.84,43.15,41.79,43.15
ZTS,2014-12-19,43.03,43.73,42.63,43.51
ZTS,2014-12-22,43.57,43.78,42.95,43.41
ZTS,2014-12-23,43.6,43.73,42.76,42.97
ZTS,2014-12-24,43.06,43.99,43.0,43.84
ZTS,2014-12-26,43.8,44.29,43.8,44.2
ZTS,2014-12-29,44.02,44.23,43.85,44.01
ZTS,2014-12-30,43.98,44.1,43.09,43.35
ZTS,2014-12-31,43.46,43.88,43.0,43.03
ZTS,2015-01-02,43.46,43.7,43.07,43.31
ZTS,2015-01-05,43.25,43.63,42.97,43.05
ZTS,2015-01-06,43.15,43.36,42.3,42.63
ZTS,2015-01-07,43.0,43.56,42.98,43.51
ZTS,2015-01-08,44.75,44.87,44.0,44.18
ZTS,2015-01-09,44.06,44.44,43.68,44.25
ZTS,2015-01-12,44.34,44.34,43.29,43.42
ZTS,2015-01-13,43.89,44.22,42.57,42.81
ZTS,2015-01-14,42.5,43.23,42.29,43.03
ZTS,2015-01-15,43.27,43.77,42.9,42.94
ZTS,2015-01-16,42.8,44.29,42.77,44.22
ZTS,2015-01-20,44.2,44.2,43.22,43.56
ZTS,2015-01-21,43.57,44.63,43.44,44.25
ZTS,2015-01-22,44.35,44.82,43.65,44.51
ZTS,2015-01-23,44.52,44.8,43.97,44.12
ZTS,2015-01-26,44.04,44.31,43.85,44.09
ZTS,2015-01-27,43.6,43.9,43.21,43.3
ZTS,2015-01-28,43.73,44.29,43.07,43.11
ZTS,2015-01-29,43.05,43.68,42.56,43.32
ZTS,2015-01-30,43.18,43.56,42.64,42.73
ZTS,2015-02-02,43.03,43.38,42.37,43.38
ZTS,2015-02-03,43.51,43.81,43.2,43.5
ZTS,2015-02-04,43.86,44.04,43.22,43.46
ZTS,2015-02-05,43.55,44.08,43.12,43.4
ZTS,2015-02-06,43.44,44.24,43.28,43.66
ZTS,2015-02-09,43.5,43.66,42.66,42.87
ZTS,2015-02-10,43.13,44.01,42.81,43.91
ZTS,2015-02-11,44.88,46.12,44.88,45.77
ZTS,2015-02-12,47.24,47.4,45.26,45.79
ZTS,2015-02-13,44.74,45.5,44.36,45.46
ZTS,2015-02-17,45.55,46.24,45.45,46.2
ZTS,2015-02-18,46.11,46.43,45.82,45.85
ZTS,2015-02-19,45.83,46.0,45.49,45.65
ZTS,2015-02-20,45.7,45.89,45.11,45.6
ZTS,2015-02-23,45.71,45.93,45.21,45.58
ZTS,2015-02-24,45.65,45.79,45.28,45.4
ZTS,2015-02-25,45.55,45.97,45.39,45.72
ZTS,2015-02-26,45.83,46.7,45.8,46.62
ZTS,2015-02-27,46.54,46.88,46.04,46.09
ZTS,2015-03-02,46.09,47.61,46.09,47.31
ZTS,2015-03-03,47.28,47.34,46.34,46.54
ZTS,2015-03-04,46.4,46.49,45.86,46.23
ZTS,2015-03-05,46.69,46.83,45.99,46.46
ZTS,2015-03-06,46.3,46.53,45.67,45.78
ZTS,2015-03-09,45.87,46.96,45.48,46.29
ZTS,2015-03-10,46.13,46.28,45.68,45.7
ZTS,2015-03-11,45.88,46.58,45.73,46.01
ZTS,2015-03-12,46.31,46.87,46.14,46.84
ZTS,2015-03-13,46.86,46.86,46.02,46.45
ZTS,2015-03-16,46.71,47.03,46.55,46.98
ZTS,2015-03-17,46.62,47.34,46.41,47.15
ZTS,2015-03-18,46.98,47.76,46.67,47.51
ZTS,2015-03-19,47.46,47.74,47.1,47.41
ZTS,2015-03-20,47.49,47.92,47.1,47.34
ZTS,2015-03-23,47.55,47.7,47.04,47.15
ZTS,2015-03-24,47.24,47.61,46.76,47.02
ZTS,2015-03-25,47.17,47.38,46.22,46.27
ZTS,2015-03-26,46.02,46.39,45.69,46.11
ZTS,2015-03-27,46.14,46.53,46.0,46.22
ZTS,2015-03-30,46.47,46.96,46.42,46.92
ZTS,2015-03-31,46.76,46.93,46.29,46.29
ZTS,2015-04-01,46.3,46.56,45.96,46.27
ZTS,2015-04-02,46.45,46.66,46.2,46.5
ZTS,2015-04-06,46.15,46.67,46.01,46.33
ZTS,2015-04-07,46.4,46.86,46.33,46.36
ZTS,2015-04-08,46.37,46.61,46.12,46.21
ZTS,2015-04-09,46.3,46.74,46.16,46.55
ZTS,2015-04-10,46.6,47.29,46.3,47.17
ZTS,2015-04-13,47.25,47.44,46.64,46.66
ZTS,2015-04-14,46.66,46.99,46.02,46.9
ZTS,2015-04-15,47.05,47.22,46.91,47.0
ZTS,2015-04-16,46.8,47.17,46.64,47.14
ZTS,2015-04-17,46.9,47.03,46.46,46.77
ZTS,2015-04-20,46.89,47.13,46.71,47.04
ZTS,2015-04-21,47.28,47.58,47.1,47.54
ZTS,2015-04-22,47.45,47.52,46.93,47.03
ZTS,2015-04-23,46.94,47.1,46.57,47.05
ZTS,2015-04-24,46.89,47.99,46.73,47.91
ZTS,2015-04-27,47.98,47.99,46.74,46.83
ZTS,2015-04-28,46.72,46.82,45.64,45.73
ZTS,2015-04-29,45.5,45.94,45.1,45.22
ZTS,2015-04-30,45.08,45.45,44.31,44.42
ZTS,2015-05-01,44.73,44.91,44.39,44.61
ZTS,2015-05-04,44.75,45.56,44.71,45.4
ZTS,2015-05-05,47.13,47.44,45.13,45.68
ZTS,2015-05-06,45.93,45.94,45.19,45.29
ZTS,2015-05-07,45.33,45.75,45.03,45.56
ZTS,2015-05-08,45.99,46.09,45.57,45.9
ZTS,2015-05-11,45.91,46.35,45.67,46.09
ZTS,2015-05-12,45.72,45.86,45.34,45.58
ZTS,2015-05-13,45.62,46.0,45.42,45.62
ZTS,2015-05-14,45.87,46.32,45.48,46.28
ZTS,2015-05-15,46.52,46.91,46.43,46.49
ZTS,2015-05-18,46.45,46.77,46.32,46.73
ZTS,2015-05-19,46.88,47.69,46.74,47.45
ZTS,2015-05-20,47.47,47.81,46.99,47.28
ZTS,2015-05-21,47.33,47.89,47.05,47.8
ZTS,2015-05-22,47.71,47.84,47.5,47.63
ZTS,2015-05-26,47.52,48.05,47.51,47.95
ZTS,2015-05-27,47.98,49.48,47.67,49.45
ZTS,2015-05-28,49.29,49.55,48.4,49.11
ZTS,2015-05-29,49.44,49.96,49.13,49.77
ZTS,2015-06-01,49.92,50.37,49.37,49.78
ZTS,2015-06-02,49.72,49.97,48.9,49.58
ZTS,2015-06-03,49.88,49.9,49.34,49.55
ZTS,2015-06-04,49.05,49.59,48.85,48.9
ZTS,2015-06-05,48.7,49.17,48.41,49.01
ZTS,2015-06-08,48.75,49.22,48.74,48.8
ZTS,2015-06-09,48.67,49.37,48.52,49.24
ZTS,2015-06-10,49.41,49.9,49.0,49.69
ZTS,2015-06-11,49.8,50.04,49.6,49.87
ZTS,2015-06-12,49.63,49.86,49.01,49.08
ZTS,2015-06-15,48.84,49.35,48.71,49.27
ZTS,2015-06-16,49.3,49.73,48.9,49.71
ZTS,2015-06-17,49.75,50.37,49.71,50.17
ZTS,2015-06-18,50.29,50.6,50.16,50.5
ZTS,2015-06-19,50.36,50.62,50.2,50.24
ZTS,2015-06-22,50.6,50.7,50.07,50.22
ZTS,2015-06-23,50.41,50.85,50.24,50.47
ZTS,2015-06-24,50.25,50.3,49.71,49.71
ZTS,2015-06-25,49.84,55.38,49.57,55.38
ZTS,2015-06-26,53.93,54.0,48.26,48.62
ZTS,2015-06-29,48.51,48.69,47.04,47.07
ZTS,2015-06-30,47.67,48.61,47.21,48.22
ZTS,2015-07-01,48.75,49.04,47.83,48.43
ZTS,2015-07-02,48.6,48.66,47.89,48.31
ZTS,2015-07-06,48.04,48.4,47.77,48.4
ZTS,2015-07-07,48.54,48.78,47.1,47.88
ZTS,2015-07-08,47.35,47.43,46.46,46.48
ZTS,2015-07-09,47.11,47.37,46.56,46.57
ZTS,2015-07-10,47.0,47.19,46.82,46.96
ZTS,2015-07-13,47.1,47.44,46.84,47.04
ZTS,2015-07-14,47.04,47.56,46.28,47.46
ZTS,2015-07-15,47.5,47.63,47.01,47.11
ZTS,2015-07-16,47.39,48.22,47.39,48.0
ZTS,2015-07-17,48.0,48.3,47.72,47.8
ZTS,2015-07-20,48.1,49.03,48.02,48.98
ZTS,2015-07-21,49.7,49.75,48.93,49.12
ZTS,2015-07-22,49.05,50.06,49.02,50.02
ZTS,2015-07-23,49.96,50.39,49.51,49.85
ZTS,2015-07-24,49.9,50.3,49.33,49.49
ZTS,2015-07-27,49.39,49.57,48.77,49.48
ZTS,2015-07-28,49.52,49.57,48.17,48.85
ZTS,2015-07-29,49.1,49.16,47.87,48.4
ZTS,2015-07-30,47.96,48.72,47.96,48.55
ZTS,2015-07-31,48.82,49.45,48.74,48.98
ZTS,2015-08-03,49.16,49.49,47.99,48.48
ZTS,2015-08-04,49.11,50.0,48.28,48.85
ZTS,2015-08-05,48.95,49.12,48.52,48.61
ZTS,2015-08-06,49.56,50.25,47.97,48.28
ZTS,2015-08-07,48.12,48.47,47.44,48.31
ZTS,2015-08-10,48.5,49.09,48.28,48.39
ZTS,2015-08-11,48.07,48.54,47.84,48.21
ZTS,2015-08-12,47.9,48.08,46.88,47.86
ZTS,2015-08-13,47.82,48.38,47.6,47.66
ZTS,2015-08-14,47.65,47.65,46.94,47.47
ZTS,2015-08-17,47.3,48.71,47.26,48.69
ZTS,2015-08-18,48.59,48.78,47.69,47.73
ZTS,2015-08-19,47.45,48.18,47.22,47.91
ZTS,2015-08-20,47.36,47.68,46.28,46.38
ZTS,2015-08-21,45.85,46.32,45.01,45.02
ZTS,2015-08-24,42.51,44.97,37.73,43.53
ZTS,2015-08-25,44.59,44.84,42.56,42.56
ZTS,2015-08-26,43.55,44.33,41.99,44.25
ZTS,2015-08-27,44.71,46.15,44.11,45.86
ZTS,2015-08-28,46.01,46.13,45.06,45.78
ZTS,2015-08-31,45.74,45.91,44.77,44.87
ZTS,2015-09-01,43.95,44.89,43.78,43.98
ZTS,2015-09-02,44.52,45.16,43.9,45.12
ZTS,2015-09-03,45.32,45.62,44.32,44.53
ZTS,2015-09-04,43.97,44.73,43.53,44.01
ZTS,2015-09-08,44.72,44.94,43.82,44.89
ZTS,2015-09-09,45.18,45.26,43.85,43.95
ZTS,2015-09-10,43.93,44.93,43.8,44.34
ZTS,2015-09-11,44.6,45.13,44.12,45.0
ZTS,2015-09-14,44.87,45.0,44.19,44.47
ZTS,2015-09-15,44.7,45.13,44.48,45.06
ZTS,2015-09-16,44.79,44.85,43.7,44.51
ZTS,2015-09-17,44.75,46.63,44.75,46.01
ZTS,2015-09-18,45.31,45.7,44.9,45.12
ZTS,2015-09-21,45.28,45.57,44.11,44.5
ZTS,2015-09-22,44.01,44.52,43.74,44.23
ZTS,2015-09-23,44.2,44.66,43.99,44.32
ZTS,2015-09-24,44.13,44.2,43.01,43.59
ZTS,2015-09-25,44.11,44.14,41.88,42.51
ZTS,2015-09-28,42.27,42.3,39.38,39.96
ZTS,2015-09-29,40.3,40.77,38.98,39.65
ZTS,2015-09-30,40.63,41.22,40.35,41.18
ZTS,2015-10-01,41.07,41.34,40.37,41.29
ZTS,2015-10-02,40.63,43.04,40.49,43.02
ZTS,2015-10-05,43.15,43.39,42.35,42.85
ZTS,2015-10-06,42.78,43.1,41.19,41.39
ZTS,2015-10-07,41.59,42.71,41.23,42.67
ZTS,2015-10-08,42.56,43.4,41.98,43.22
ZTS,2015-10-09,43.11,43.31,42.77,42.8
ZTS,2015-10-12,42.88,43.07,42.43,42.71
ZTS,2015-10-13,42.54,43.12,42.19,42.32
ZTS,2015-10-14,42.34,42.96,42.13,42.38
ZTS,2015-10-15,41.69,43.12,41.58,43.0
ZTS,2015-10-16,43.21,44.14,43.19,43.93
ZTS,2015-10-19,43.81,44.01,43.23,43.78
ZTS,2015-10-20,43.66,43.78,42.83,43.09
ZTS,2015-10-21,43.38,43.56,39.53,41.66
ZTS,2015-10-22,41.69,41.9,39.98,40.8
ZTS,2015-10-23,41.16,43.18,41.05,42.54
ZTS,2015-10-26,42.44,42.96,41.99,42.35
ZTS,2015-10-27,42.51,43.36,42.29,42.74
ZTS,2015-10-28,42.69,43.79,42.31,43.34
ZTS,2015-10-29,43.31,43.91,43.24,43.55
ZTS,2015-10-30,43.38,43.69,42.89,43.01
ZTS,2015-11-02,43.54,44.52,43.17,44.24
ZTS,2015-11-03,46.47,46.9,45.4,46.63
ZTS,2015-11-04,46.65,47.14,46.23,46.55
ZTS,2015-11-05,46.56,46.78,44.92,45.46
ZTS,2015-11-06,45.4,46.28,44.83,45.97
ZTS,2015-11-09,45.78,46.04,44.96,45.8
ZTS,2015-11-10,45.85,46.04,45.26,45.88
ZTS,2015-11-11,45.92,45.92,45.06,45.08
ZTS,2015-11-12,45.01,45.19,44.46,44.53
ZTS,2015-11-13,44.37,45.08,44.2,44.85
ZTS,2015-11-16,45.0,45.42,44.73,45.3
ZTS,2015-11-17,45.03,46.11,44.73,45.77
ZTS,2015-11-18,45.81,47.2,45.36,47.18
ZTS,2015-11-19,47.05,47.21,46.57,46.9
ZTS,2015-11-20,47.0,47.57,46.86,47.32
ZTS,2015-11-23,47.23,47.43,46.61,46.96
ZTS,2015-11-24,46.56,46.99,46.3,46.93
ZTS,2015-11-25,46.8,47.23,46.66,46.97
ZTS,2015-11-27,47.14,47.23,46.91,47.08
ZTS,2015-11-30,47.08,47.25,46.46,46.7
ZTS,2015-12-01,46.81,47.13,46.21,47.01
ZTS,2015-12-02,47.07,47.18,46.07,46.37
ZTS,2015-12-03,46.48,46.54,44.94,45.2
ZTS,2015-12-04,45.36,46.5,45.17,46.46
ZTS,2015-12-07,46.47,46.83,45.35,45.91
ZTS,2015-12-08,45.45,46.2,45.4,45.94
ZTS,2015-12-09,45.61,46.18,44.97,45.21
ZTS,2015-12-10,45.16,46.49,45.15,46.1
ZTS,2015-12-11,45.39,46.0,45.33,45.83
ZTS,2015-12-14,45.85,46.64,45.55,46.59
ZTS,2015-12-15,47.05,47.65,46.87,46.97
ZTS,2015-12-16,47.42,47.55,46.16,47.09
ZTS,2015-12-17,47.27,47.57,46.49,46.73
ZTS,2015-12-18,46.6,47.62,46.49,46.6
ZTS,2015-12-21,46.83,47.37,46.56,47.34
ZTS,2015-12-22,47.5,48.46,47.39,47.72
ZTS,2015-12-23,47.84,48.1,47.61,47.98
ZTS,2015-12-24,47.86,48.45,47.63,48.13
ZTS,2015-12-28,47.96,48.2,47.59,47.9
ZTS,2015-12-29,48.37,48.62,47.96,48.33
ZTS,2015-12-30,48.33,48.65,48.01,48.26
ZTS,2015-12-31,47.93,48.4,47.81,47.92
ZTS,2016-01-04,46.94,47.72,46.75,47.27
ZTS,2016-01-05,47.51,48.1,47.28,48.01
ZTS,2016-01-06,47.27,48.35,47.26,48.02
ZTS,2016-01-07,46.99,48.0,46.29,46.56
ZTS,2016-01-08,46.94,47.57,45.65,45.88
ZTS,2016-01-11,46.1,46.34,43.83,44.58
ZTS,2016-01-12,43.87,45.05,43.25,44.97
ZTS,2016-01-13,45.25,45.33,43.03,43.25
ZTS,2016-01-14,43.34,44.4,42.66,44.13
ZTS,2016-01-15,43.0,43.85,42.77,43.38
ZTS,2016-01-19,44.11,44.72,42.73,43.19
ZTS,2016-01-20,42.57,44.28,42.41,43.79
ZTS,2016-01-21,43.79,43.92,42.98,43.08
ZTS,2016-01-22,43.59,43.82,43.1,43.4
ZTS,2016-01-25,43.25,43.77,43.06,43.2
ZTS,2016-01-26,43.3,44.06,43.15,43.87
ZTS,2016-01-27,43.67,44.36,42.8,43.15
ZTS,2016-01-28,43.4,43.58,42.71,42.84
ZTS,2016-01-29,43.2,43.36,42.61,43.05
ZTS,2016-02-01,43.0,43.39,42.51,42.96
ZTS,2016-02-02,42.43,42.53,41.37,41.72
ZTS,2016-02-03,41.84,42.0,40.45,41.31
ZTS,2016-02-04,41.15,41.95,40.93,41.54
ZTS,2016-02-05,41.32,41.51,40.61,40.91
ZTS,2016-02-08,40.4,40.71,39.59,40.19
ZTS,2016-02-09,39.58,40.96,39.39,39.86
ZTS,2016-02-10,40.17,40.48,39.25,39.33
ZTS,2016-02-11,38.98,39.53,38.26,39.36
ZTS,2016-02-12,39.81,40.48,39.21,40.43
ZTS,2016-02-16,41.66,41.87,39.73,40.43
ZTS,2016-02-17,40.78,42.0,40.47,41.8
ZTS,2016-02-18,41.56,42.37,41.53,42.02
ZTS,2016-02-19,42.07,42.23,41.4,41.83
ZTS,2016-02-22,42.12,42.83,41.79,42.77
ZTS,2016-02-23,42.58,43.2,42.29,42.37
ZTS,2016-02-24,41.94,42.42,41.25,42.37
ZTS,2016-02-25,42.37,42.92,41.79,42.9
ZTS,2016-02-26,42.99,43.34,42.22,42.36
ZTS,2016-02-29,42.1,42.17,41.05,41.06
ZTS,2016-03-01,41.49,42.14,40.88,42.1
ZTS,2016-03-02,41.91,42.18,41.51,41.72
ZTS,2016-03-03,41.72,41.85,40.7,41.08
ZTS,2016-03-04,41.08,41.32,40.62,40.8
ZTS,2016-03-07,40.6,41.43,40.46,41.2
ZTS,2016-03-08,40.84,41.14,40.16,40.23
ZTS,2016-03-09,40.55,40.6,39.84,40.46
ZTS,2016-03-10,39.92,40.61,39.35,39.91
ZTS,2016-03-11,40.2,41.91,40.02,41.87
ZTS,2016-03-14,41.63,41.71,41.07,41.31
ZTS,2016-03-15,41.06,41.09,39.97,40.72
ZTS,2016-03-16,40.86,40.86,40.1,40.46
ZTS,2016-03-17,40.49,40.67,39.52,39.72
ZTS,2016-03-18,39.92,41.04,39.8,40.86
ZTS,2016-03-21,40.91,42.03,40.88,41.62
ZTS,2016-03-22,41.59,42.89,41.59,42.75
ZTS,2016-03-23,42.8,42.84,42.15,42.64
ZTS,2016-03-24,42.27,43.06,42.13,42.48
ZTS,2016-03-28,42.49,42.64,41.97,42.18
ZTS,2016-03-29,42.0,43.14,41.86,43.12
ZTS,2016-03-30,43.24,44.38,43.23,44.02
ZTS,2016-03-31,43.4,44.55,43.25,44.33
ZTS,2016-04-01,44.02,45.06,43.97,44.99
ZTS,2016-04-04,45.1,46.04,45.03,45.76
ZTS,2016-04-05,45.26,45.98,45.01,45.85
ZTS,2016-04-06,45.8,47.6,45.7,47.27
ZTS,2016-04-07,46.96,47.24,46.83,47.19
ZTS,2016-04-08,47.36,47.46,46.54,46.94
ZTS,2016-04-11,47.0,47.04,46.48,46.67
ZTS,2016-04-12,46.84,47.12,46.6,47.01
ZTS,2016-04-13,47.15,47.5,46.95,47.5
ZTS,2016-04-14,47.27,47.96,47.12,47.67
ZTS,2016-04-15,47.75,48.14,47.57,48.11
ZTS,2016-04-18,47.98,48.78,47.77,48.57
ZTS,2016-04-19,48.69,49.1,48.36,48.56
ZTS,2016-04-20,48.56,48.72,47.89,48.47
ZTS,2016-04-21,48.42,48.83,48.04,48.44
ZTS,2016-04-22,48.54,48.95,48.18,48.64
ZTS,2016-04-25,48.34,48.36,47.21,47.32
ZTS,2016-04-26,47.4,47.76,46.95,47.61
ZTS,2016-04-27,47.61,47.81,47.34,47.46
ZTS,2016-04-28,47.23,47.64,46.97,47.19
ZTS,2016-04-29,47.16,47.31,46.62,47.03
ZTS,2016-05-02,47.2,48.1,46.87,48.03
ZTS,2016-05-03,47.89,48.37,47.62,48.15
ZTS,2016-05-04,47.91,48.04,46.05,47.05
ZTS,2016-05-05,47.32,48.28,47.03,48.24
ZTS,2016-05-06,47.31,47.73,46.86,47.34
ZTS,2016-05-09,47.38,48.03,47.12,47.5
ZTS,2016-05-10,46.29,46.64,46.14,46.56
ZTS,2016-05-11,46.5,46.85,45.99,46.0
ZTS,2016-05-12,45.85,46.42,45.56,46.25
ZTS,2016-05-13,46.35,46.6,46.03,46.39
ZTS,2016-05-16,46.14,46.94,46.08,46.77
ZTS,2016-05-17,46.71,46.92,46.23,46.5
ZTS,2016-05-18,46.35,47.22,46.31,46.96
ZTS,2016-05-19,46.79,46.93,45.92,46.43
ZTS,2016-05-20,46.7,47.1,46.52,47.06
ZTS,2016-05-23,47.0,47.04,46.4,46.4
ZTS,2016-05-24,46.81,47.36,46.74,47.29
ZTS,2016-05-25,47.39,47.56,46.88,47.0
ZTS,2016-05-26,46.89,47.47,46.77,47.33
ZTS,2016-05-27,47.54,47.68,47.1,47.18
ZTS,2016-05-31,47.42,47.71,47.11,47.42
ZTS,2016-06-01,47.49,48.0,47.23,47.85
ZTS,2016-06-02,47.89,48.18,47.66,48.13
ZTS,2016-06-03,48.09,48.11,47.43,47.93
ZTS,2016-06-06,47.93,48.42,47.83,48.41
ZTS,2016-06-07,48.08,48.53,47.89,48.35
ZTS,2016-06-08,48.37,48.58,48.21,48.45
ZTS,2016-06-09,48.36,48.68,47.92,48.14
ZTS,2016-06-10,47.34,47.6,46.95,47.39
ZTS,2016-06-13,47.17,47.32,46.15,46.19
ZTS,2016-06-14,46.03,47.23,45.97,47.19
ZTS,2016-06-15,47.19,47.71,47.13,47.22
ZTS,2016-06-16,47.0,47.36,46.56,47.26
ZTS,2016-06-17,47.21,47.26,46.44,46.44
ZTS,2016-06-20,47.01,47.31,46.83,46.91
ZTS,2016-06-21,47.13,47.37,46.68,47.29
ZTS,2016-06-22,47.16,47.79,46.84,47.33
ZTS,2016-06-23,47.6,47.9,47.44,47.9
ZTS,2016-06-24,46.23,47.36,46.18,46.51
ZTS,2016-06-27,46.3,46.59,45.28,45.42
ZTS,2016-06-28,45.9,46.42,45.68,46.42
ZTS,2016-06-29,46.88,47.38,46.68,47.24
ZTS,2016-06-30,47.19,47.53,46.97,47.46
ZTS,2016-07-01,47.5,47.98,47.35,47.45
ZTS,2016-07-05,47.18,47.63,46.84,47.5
ZTS,2016-07-06,47.21,48.14,47.01,48.09
ZTS,2016-07-07,48.1,48.17,47.46,47.69
ZTS,2016-07-08,47.84,48.61,47.79,48.5
ZTS,2016-07-11,48.58,48.68,48.28,48.29
ZTS,2016-07-12,48.53,48.92,48.22,48.87
ZTS,2016-07-13,49.07,49.28,48.94,49.19
ZTS,2016-07-14,49.62,50.06,49.37,49.98
ZTS,2016-07-15,50.08,50.27,49.52,49.68
ZTS,2016-07-18,49.69,50.21,49.58,49.72
ZTS,2016-07-19,49.5,49.74,49.0,49.37
ZTS,2016-07-20,49.52,50.34,49.46,50.25
ZTS,2016-07-21,50.21,50.39,50.01,50.14
ZTS,2016-07-22,50.17,50.36,49.87,50.26
ZTS,2016-07-25,50.19,50.24,49.73,49.99
ZTS,2016-07-26,50.0,50.05,49.69,49.92
ZTS,2016-07-27,49.92,50.06,49.63,49.85
ZTS,2016-07-28,49.85,50.17,49.57,50.06
ZTS,2016-07-29,49.99,50.58,49.97,50.47
ZTS,2016-08-01,50.47,50.74,50.37,50.4
ZTS,2016-08-02,50.22,50.25,49.29,49.72
ZTS,2016-08-03,52.15,52.18,50.72,51.21
ZTS,2016-08-04,51.53,51.99,51.19,51.41
ZTS,2016-08-05,51.74,51.74,51.02,51.09
ZTS,2016-08-08,51.02,51.06,50.48,50.8
ZTS,2016-08-09,50.83,50.98,50.64,50.93
ZTS,2016-08-10,50.77,52.0,50.61,51.81
ZTS,2016-08-11,51.89,52.16,51.64,52.07
ZTS,2016-08-12,51.93,52.1,51.7,51.98
ZTS,2016-08-15,52.16,52.48,52.08,52.38
ZTS,2016-08-16,52.16,52.46,51.94,52.09
ZTS,2016-08-17,52.3,52.37,51.69,52.3
ZTS,2016-08-18,52.4,52.64,52.09,52.29
ZTS,2016-08-19,52.06,52.61,52.06,52.54
ZTS,2016-08-22,52.0,52.27,51.11,51.23
ZTS,2016-08-23,51.39,51.64,51.23,51.25
ZTS,2016-08-24,51.26,51.42,50.56,50.63
ZTS,2016-08-25,50.62,51.03,50.36,50.47
ZTS,2016-08-26,50.66,51.16,50.47,50.76
ZTS,2016-08-29,50.76,50.96,50.42,50.76
ZTS,2016-08-30,50.68,50.9,50.37,50.75
ZTS,2016-08-31,50.74,51.18,50.48,51.1
ZTS,2016-09-01,51.15,51.15,50.62,51.11
ZTS,2016-09-02,51.34,51.4,51.08,51.26
ZTS,2016-09-06,51.41,51.71,51.16,51.29
ZTS,2016-09-07,51.44,52.05,51.39,52.04
ZTS,2016-09-08,52.03,52.1,51.3,51.41
ZTS,2016-09-09,51.23,51.23,50.38,50.39
ZTS,2016-09-12,50.19,51.34,50.07,51.15
ZTS,2016-09-13,50.73,50.92,50.19,50.32
ZTS,2016-09-14,50.42,50.83,50.35,50.55
ZTS,2016-09-15,50.71,50.93,50.2,50.72
ZTS,2016-09-16,50.87,50.87,50.3,50.51
ZTS,2016-09-19,50.65,50.84,50.27,50.32
ZTS,2016-09-20,50.65,50.75,50.51,50.6
ZTS,2016-09-21,50.6,51.12,50.42,51.06
ZTS,2016-09-22,51.2,51.82,51.15,51.63
ZTS,2016-09-23,51.63,51.77,51.33,51.51
ZTS,2016-09-26,51.4,51.4,51.06,51.21
ZTS,2016-09-27,51.2,51.88,50.89,51.87
ZTS,2016-09-28,51.98,52.17,51.22,51.75
ZTS,2016-09-29,51.74,51.91,50.93,51.02
ZTS,2016-09-30,51.14,52.12,50.95,52.01
ZTS,2016-10-03,51.76,52.43,51.63,52.36
ZTS,2016-10-04,52.43,52.61,51.78,52.31
ZTS,2016-10-05,52.31,52.42,51.95,52.18
ZTS,2016-10-06,51.94,52.02,51.4,51.65
ZTS,2016-10-07,52.08,52.21,51.55,51.85
ZTS,2016-10-10,52.0,53.14,52.0,52.69
ZTS,2016-10-11,52.31,52.35,50.23,50.96
ZTS,2016-10-12,51.03,51.57,50.79,51.42
ZTS,2016-10-13,51.13,51.2,50.65,51.02
ZTS,2016-10-14,51.16,51.17,50.18,50.18
ZTS,2016-10-17,50.15,50.29,49.87,50.03
ZTS,2016-10-18,50.57,51.13,50.51,51.06
ZTS,2016-10-19,51.39,51.39,50.82,51.11
ZTS,2016-10-20,51.08,51.41,50.97,51.3
ZTS,2016-10-21,50.98,51.17,50.7,50.94
ZTS,2016-10-24,51.06,51.19,50.81,51.03
ZTS,2016-10-25,50.46,50.46,49.64,49.99
ZTS,2016-10-26,49.56,49.64,48.73,48.77
ZTS,2016-10-27,49.12,49.25,48.66,48.77
ZTS,2016-10-28,48.49,48.72,47.9,48.56
ZTS,2016-10-31,48.69,48.78,47.76,47.8
ZTS,2016-11-01,47.61,47.9,46.86,47.25
ZTS,2016-11-02,50.91,50.98,48.83,50.11
ZTS,2016-11-03,50.17,50.22,48.71,48.95
ZTS,2016-11-04,49.06,50.22,48.97,49.94
ZTS,2016-11-07,50.62,50.84,49.82,49.98
ZTS,2016-11-08,49.72,50.96,49.35,50.33
ZTS,2016-11-09,51.89,52.19,50.32,51.0
ZTS,2016-11-10,51.65,51.84,50.48,51.09
ZTS,2016-11-11,50.84,50.96,50.13,50.61
ZTS,2016-11-14,50.85,51.0,48.9,48.96
ZTS,2016-11-15,48.71,49.19,48.24,49.15
ZTS,2016-11-16,49.26,49.64,48.77,48.84
ZTS,2016-11-17,49.08,49.56,48.8,49.21
ZTS,2016-11-18,49.25,50.11,49.23,49.89
ZTS,2016-11-21,49.95,50.15,49.75,50.0
ZTS,2016-11-22,49.85,50.0,49.07,49.63
ZTS,2016-11-23,49.38,50.18,48.87,50.18
ZTS,2016-11-25,50.35,50.49,50.06,50.18
ZTS,2016-11-28,50.0,50.39,49.79,50.15
ZTS,2016-11-29,50.03,50.58,50.03,50.45
ZTS,2016-11-30,50.61,50.82,50.27,50.38
ZTS,2016-12-01,50.41,50.55,48.62,49.16
ZTS,2016-12-02,49.32,49.36,48.55,49.1
ZTS,2016-12-05,48.95,49.84,48.95,49.82
ZTS,2016-12-06,49.68,50.23,49.55,50.22
ZTS,2016-12-07,51.2,51.38,49.79,51.26
ZTS,2016-12-08,50.9,51.7,50.66,51.68
ZTS,2016-12-09,51.86,52.48,51.6,51.89
ZTS,2016-12-12,51.82,51.93,50.77,50.92
ZTS,2016-12-13,51.26,51.43,50.81,51.05
ZTS,2016-12-14,51.03,51.47,50.57,50.84
ZTS,2016-12-15,52.17,52.77,51.66,52.32
ZTS,2016-12-16,52.46,52.75,52.23,52.46
ZTS,2016-12-19,52.46,53.06,52.26,52.39
ZTS,2016-12-20,53.22,53.48,52.83,53.1
ZTS,2016-12-21,53.33,53.41,52.73,53.12
ZTS,2016-12-22,52.67,53.37,52.67,53.26
ZTS,2016-12-23,53.2,53.78,53.18,53.78
ZTS,2016-12-27,53.78,54.15,53.65,53.72
ZTS,2016-12-28,53.76,53.85,53.35,53.44
ZTS,2016-12-29,53.47,53.78,53.4,53.62
ZTS,2016-12-30,53.64,53.74,53.27,53.53
ZTS,2017-01-03,53.88,54.38,53.34,53.59
ZTS,2017-01-04,53.72,54.18,53.1,54.11
ZTS,2017-01-05,54.14,54.17,53.6,53.93
ZTS,2017-01-06,53.85,54.72,53.73,54.1
ZTS,2017-01-09,54.09,54.35,53.39,53.95
ZTS,2017-01-10,54.03,54.29,53.69,53.93
ZTS,2017-01-11,53.84,54.11,52.71,53.31
ZTS,2017-01-12,53.09,53.58,53.03,53.39
ZTS,2017-01-13,53.55,53.88,53.35,53.74
ZTS,2017-01-17,53.5,53.68,52.93,53.22
ZTS,2017-01-18,53.39,54.01,53.04,53.3
ZTS,2017-01-19,53.3,53.62,53.12,53.5
ZTS,2017-01-20,53.63,54.39,53.6,53.97
ZTS,2017-01-23,53.65,54.0,53.59,53.75
ZTS,2017-01-24,53.75,53.99,53.46,53.78
ZTS,2017-01-25,54.1,54.29,53.73,54.0
ZTS,2017-01-26,53.63,54.44,53.59,53.84
ZTS,2017-01-27,54.09,54.72,53.97,54.65
ZTS,2017-01-30,54.39,54.51,53.87,54.27
ZTS,2017-01-31,54.01,54.97,53.8,54.94
ZTS,2017-02-01,54.93,55.35,54.62,55.32
ZTS,2017-02-02,55.01,55.72,54.72,55.7
ZTS,2017-02-03,55.85,56.07,55.53,55.92
ZTS,2017-02-06,55.66,55.85,55.42,55.77
ZTS,2017-02-07,56.11,56.32,55.69,55.98
ZTS,2017-02-08,55.97,56.32,55.73,55.96
ZTS,2017-02-09,55.96,56.5,55.91,55.96
ZTS,2017-02-10,56.0,56.09,55.55,55.73
ZTS,2017-02-13,54.5,55.49,54.45,55.14
ZTS,2017-02-14,55.14,55.26,54.79,55.02
ZTS,2017-02-15,54.79,55.31,54.2,55.15
ZTS,2017-02-16,54.69,54.88,52.0,52.78
ZTS,2017-02-17,53.01,53.52,52.32,52.51
ZTS,2017-02-21,52.49,53.66,52.34,53.47
ZTS,2017-02-22,52.86,53.54,52.73,53.38
ZTS,2017-02-23,53.5,53.79,53.26,53.58
ZTS,2017-02-24,53.53,53.91,53.2,53.88
ZTS,2017-02-27,53.85,54.18,53.55,53.83
ZTS,2017-02-28,53.46,53.97,53.24,53.31
ZTS,2017-03-01,53.73,54.08,53.55,53.89
ZTS,2017-03-02,54.0,54.08,53.31,53.37
ZTS,2017-03-03,53.34,53.72,53.25,53.42
ZTS,2017-03-06,53.01,53.33,52.88,53.08
ZTS,2017-03-07,52.86,53.38,52.64,53.07
ZTS,2017-03-08,53.02,53.41,52.79,53.0
ZTS,2017-03-09,53.05,53.72,52.91,53.69
ZTS,2017-03-10,53.7,53.76,53.2,53.34
ZTS,2017-03-13,53.33,53.63,53.24,53.56
ZTS,2017-03-14,53.33,53.55,53.06,53.42
ZTS,2017-03-15,53.39,54.39,53.39,54.28
ZTS,2017-03-16,54.48,54.48,54.1,54.43
ZTS,2017-03-17,54.62,54.82,53.85,54.0
ZTS,2017-03-20,54.04,54.45,53.83,54.28
ZTS,2017-03-21,54.47,54.79,53.24,53.39
ZTS,2017-03-22,53.4,53.95,53.24,53.87
ZTS,2017-03-23,53.89,54.19,53.6,53.8
ZTS,2017-03-24,53.85,54.21,53.59,53.85
ZTS,2017-03-27,53.49,54.17,53.4,53.97
ZTS,2017-03-28,53.81,54.31,53.69,54.16
ZTS,2017-03-29,54.04,54.27,53.72,53.82
ZTS,2017-03-30,53.82,53.82,53.25,53.47
ZTS,2017-03-31,52.98,53.65,52.98,53.37
ZTS,2017-04-03,53.35,53.45,52.82,53.17
ZTS,2017-04-04,53.07,53.17,52.37,52.65
ZTS,2017-04-05,52.74,53.33,52.62,52.67
ZTS,2017-04-06,52.68,52.76,52.25,52.67
ZTS,2017-04-07,52.58,52.76,52.37,52.54
ZTS,2017-04-10,52.6,53.06,52.47,52.74
ZTS,2017-04-11,52.57,52.86,52.36,52.85
ZTS,2017-04-12,52.57,53.23,52.53,53.22
ZTS,2017-04-13,53.11,53.36,52.96,53.1
ZTS,2017-04-17,53.09,53.57,53.0,53.5
ZTS,2017-04-18,53.2,53.64,53.05,53.55
ZTS,2017-04-19,53.72,54.19,53.64,53.85
ZTS,2017-04-20,53.99,54.46,53.65,54.29
ZTS,2017-04-21,54.23,54.38,54.0,54.19
ZTS,2017-04-24,54.68,55.15,54.59,54.99
ZTS,2017-04-25,55.12,55.16,54.7,55.12
ZTS,2017-04-26,55.15,55.68,55.08,55.57
ZTS,2017-04-27,55.66,56.65,55.52,56.46
ZTS,2017-04-28,56.46,56.62,56.08,56.11
ZTS,2017-05-01,56.14,56.56,56.03,56.28
ZTS,2017-05-02,56.29,56.53,55.89,56.47
ZTS,2017-05-03,56.09,56.4,55.5,55.59
ZTS,2017-05-04,55.48,59.6,55.48,58.87
ZTS,2017-05-05,58.76,59.61,58.48,59.47
ZTS,2017-05-08,59.39,59.74,58.3,58.81
ZTS,2017-05-09,58.8,59.69,58.55,59.43
ZTS,2017-05-10,58.99,60.13,58.99,59.9
ZTS,2017-05-11,59.68,59.89,59.25,59.72
ZTS,2017-05-12,60.03,60.19,59.57,59.88
ZTS,2017-05-15,59.77,60.07,59.56,60.0
ZTS,2017-05-16,60.24,60.38,59.9,60.33
ZTS,2017-05-17,60.33,60.33,59.69,59.73
ZTS,2017-05-18,59.73,60.29,59.61,59.91
ZTS,2017-05-19,59.98,60.61,59.94,60.31
ZTS,2017-05-22,60.39,60.88,60.28,60.31
ZTS,2017-05-23,60.5,61.46,60.5,61.43
ZTS,2017-05-24,61.43,62.49,61.39,62.3
ZTS,2017-05-25,62.56,62.64,62.17,62.58
ZTS,2017-05-26,62.78,63.11,62.39,62.61
ZTS,2017-05-30,62.45,62.7,61.86,62.26
ZTS,2017-05-31,62.58,62.7,62.1,62.28
ZTS,2017-06-01,62.45,62.64,61.99,62.64
ZTS,2017-06-02,62.78,63.3,62.39,62.5
ZTS,2017-06-05,62.42,62.78,62.15,62.67
ZTS,2017-06-06,62.5,63.08,62.49,62.98
ZTS,2017-06-07,62.93,63.42,62.85,63.26
ZTS,2017-06-08,63.26,63.49,62.46,62.58
ZTS,2017-06-09,62.49,63.1,62.37,62.59
ZTS,2017-06-12,62.61,62.71,61.26,61.85
ZTS,2017-06-13,61.72,62.3,60.92,61.96
ZTS,2017-06-14,62.01,62.6,61.71,62.23
ZTS,2017-06-15,61.83,62.54,61.73,62.39
ZTS,2017-06-16,62.73,63.0,62.27,62.55
ZTS,2017-06-19,62.88,63.29,62.79,63.03
ZTS,2017-06-20,63.38,63.85,62.85,63.0
ZTS,2017-06-21,63.13,63.48,62.84,63.0
ZTS,2017-06-22,63.0,63.84,62.81,63.51
ZTS,2017-06-23,63.5,63.52,62.48,62.78
ZTS,2017-06-26,62.87,62.92,62.24,62.72
ZTS,2017-06-27,62.72,63.2,62.62,62.76
ZTS,2017-06-28,63.0,63.46,62.61,62.95
ZTS,2017-06-29,63.07,63.28,62.05,62.5
ZTS,2017-06-30,62.46,62.93,62.37,62.38
ZTS,2017-07-03,62.4,62.84,62.27,62.67
ZTS,2017-07-05,62.71,62.88,62.34,62.55
ZTS,2017-07-06,62.35,62.5,61.66,61.79
ZTS,2017-07-07,62.3,62.81,62.12,62.59
ZTS,2017-07-10,62.5,62.71,62.28,62.47
ZTS,2017-07-11,62.41,62.5,61.96,62.21
ZTS,2017-07-12,62.45,62.94,62.41,62.56
ZTS,2017-07-13,62.56,63.09,62.49,63.05
ZTS,2017-07-14,63.15,63.53,62.9,63.35
ZTS,2017-07-17,63.45,63.51,63.03,63.07
ZTS,2017-07-18,63.0,63.0,62.26,62.46
ZTS,2017-07-19,62.71,62.79,62.29,62.42
ZTS,2017-07-20,62.56,62.94,62.52,62.75
ZTS,2017-07-21,62.75,63.42,62.39,63.16
ZTS,2017-07-24,63.2,63.46,63.05,63.29
ZTS,2017-07-25,62.98,63.03,61.12,61.28
ZTS,2017-07-26,60.88,62.2,60.8,62.06
ZTS,2017-07-27,62.06,62.2,61.7,62.01
ZTS,2017-07-28,62.15,62.65,62.06,62.21
ZTS,2017-07-31,62.45,62.83,62.32,62.52
ZTS,2017-08-01,62.6,62.69,61.92,62.27
ZTS,2017-08-02,62.04,62.21,61.38,61.54
ZTS,2017-08-03,61.23,62.47,61.2,62.28
ZTS,2017-08-04,62.37,62.85,61.86,62.12
ZTS,2017-08-07,62.12,62.34,61.25,61.83
ZTS,2017-08-08,60.49,61.0,59.5,60.0
ZTS,2017-08-09,59.95,60.87,59.76,60.81
ZTS,2017-08-10,60.87,61.37,59.71,59.74
ZTS,2017-08-11,60.05,60.22,59.64,59.73
ZTS,2017-08-14,60.19,60.83,60.04,60.74
ZTS,2017-08-15,60.86,61.68,60.56,61.03
ZTS,2017-08-16,61.27,61.54,61.08,61.5
ZTS,2017-08-17,61.42,61.97,60.88,60.9
ZTS,2017-08-18,60.71,61.08,60.44,60.75
ZTS,2017-08-21,60.82,61.47,60.65,61.35
ZTS,2017-08-22,61.26,61.81,61.1,61.6
ZTS,2017-08-23,61.44,61.6,61.23,61.36
ZTS,2017-08-24,61.61,61.61,61.15,61.39
ZTS,2017-08-25,61.73,61.97,61.24,61.33
ZTS,2017-08-28,61.53,61.84,61.38,61.54
ZTS,2017-08-29,61.36,61.67,61.08,61.5
ZTS,2017-08-30,61.52,62.19,61.5,61.94
ZTS,2017-08-31,62.16,62.82,61.88,62.7
ZTS,2017-09-01,62.75,62.97,62.43,62.87
ZTS,2017-09-05,62.7,63.25,62.64,63.17
ZTS,2017-09-06,63.55,63.6,63.06,63.39
ZTS,2017-09-07,63.58,65.12,63.23,64.85
ZTS,2017-09-08,64.85,65.08,64.62,64.7
ZTS,2017-09-11,65.33,65.39,64.52,65.28
ZTS,2017-09-12,65.25,65.5,65.18,65.4
ZTS,2017-09-13,65.32,65.83,65.22,65.28
ZTS,2017-09-14,65.1,65.27,64.77,65.25
ZTS,2017-09-15,65.41,65.64,64.87,65.2
ZTS,2017-09-18,65.31,65.42,64.64,65.2
ZTS,2017-09-19,65.38,65.41,64.53,64.78
ZTS,2017-09-20,64.72,65.08,64.01,64.48
ZTS,2017-09-21,64.5,64.86,64.2,64.24
ZTS,2017-09-22,64.3,64.55,63.94,64.16
ZTS,2017-09-25,64.18,64.28,63.51,63.67
ZTS,2017-09-26,63.71,64.14,63.29,63.33
ZTS,2017-09-27,63.39,63.68,63.02,63.21
ZTS,2017-09-28,63.37,63.73,62.79,63.32
ZTS,2017-09-29,63.36,63.78,62.89,63.76
ZTS,2017-10-02,63.84,64.39,63.69,63.75
ZTS,2017-10-03,63.75,64.1,63.4,63.59
ZTS,2017-10-04,63.68,64.01,63.48,63.57
ZTS,2017-10-05,63.42,63.99,63.28,63.75
ZTS,2017-10-06,63.75,63.96,63.58,63.75
ZTS,2017-10-09,63.81,63.87,63.51,63.73
ZTS,2017-10-10,63.75,64.03,63.44,63.99
ZTS,2017-10-11,63.9,64.28,63.79,64.28
ZTS,2017-10-12,64.24,64.94,64.19,64.91
ZTS,2017-10-13,64.93,65.53,64.72,65.44
ZTS,2017-10-16,65.59,65.8,65.36,65.71
ZTS,2017-10-17,65.65,66.11,65.43,65.81
ZTS,2017-10-18,65.91,65.91,65.25,65.56
ZTS,2017-10-19,65.5,65.69,65.16,65.58
ZTS,2017-10-20,65.63,65.99,65.24,65.94
ZTS,2017-10-23,66.2,66.35,65.27,65.28
ZTS,2017-10-24,65.33,65.73,64.84,64.98
ZTS,2017-10-25,64.81,64.99,64.28,64.38
ZTS,2017-10-26,64.59,64.59,63.59,63.74
ZTS,2017-10-27,63.76,64.37,63.52,64.05
ZTS,2017-10-30,64.05,64.05,63.03,63.24
ZTS,2017-10-31,63.41,64.14,63.25,63.82
ZTS,2017-11-01,64.2,65.08,64.02,64.51
ZTS,2017-11-02,64.3,67.85,64.3,67.31
ZTS,2017-11-03,67.77,68.8,67.44,68.69
ZTS,2017-11-06,68.92,70.48,68.85,69.71
ZTS,2017-11-07,69.73,70.26,68.15,68.45
ZTS,2017-11-08,68.0,69.62,67.76,69.51
ZTS,2017-11-09,69.16,69.5,68.96,69.3
ZTS,2017-11-10,68.95,69.24,68.58,69.13
ZTS,2017-11-13,69.01,69.3,68.56,68.88
ZTS,2017-11-14,68.78,69.95,68.57,69.9
ZTS,2017-11-15,69.69,70.33,69.35,69.62
ZTS,2017-11-16,69.97,70.49,69.71,70.41
ZTS,2017-11-17,70.24,71.12,70.24,70.79
ZTS,2017-11-20,70.8,71.14,70.49,70.95
ZTS,2017-11-21,71.03,72.14,70.97,71.36
ZTS,2017-11-22,71.33,71.83,70.95,71.07
ZTS,2017-11-24,71.17,71.42,70.93,71.29
ZTS,2017-11-27,71.49,71.8,71.22,71.54
ZTS,2017-11-28,71.59,71.63,71.26,71.39
ZTS,2017-11-29,71.99,72.1,71.28,71.61
ZTS,2017-11-30,71.84,72.71,71.84,72.29
ZTS,2017-12-01,72.22,72.35,71.28,72.3
ZTS,2017-12-04,72.44,72.79,71.0,71.02
ZTS,2017-12-05,70.82,71.77,70.6,70.85
ZTS,2017-12-06,70.6,71.11,70.48,70.97
ZTS,2017-12-07,70.97,71.84,70.76,71.64
ZTS,2017-12-08,71.89,71.98,71.3,71.88
ZTS,2017-12-11,71.84,71.97,71.52,71.77
ZTS,2017-12-12,71.77,72.66,71.64,72.23
ZTS,2017-12-13,72.14,72.99,72.06,72.38
ZTS,2017-12-14,72.25,72.46,71.57,71.76
ZTS,2017-12-15,72.21,72.27,71.52,71.96
ZTS,2017-12-18,71.96,72.92,71.91,72.63
ZTS,2017-12-19,72.82,73.58,72.73,72.8
ZTS,2017-12-20,72.68,73.16,72.17,72.71
ZTS,2017-12-21,73.0,73.31,72.27,72.28
ZTS,2017-12-22,72.27,72.37,71.79,71.99
ZTS,2017-12-26,72.4,72.55,71.9,72.34
ZTS,2017-12-27,72.59,72.69,72.25,72.45
ZTS,2017-12-28,72.49,72.6,72.14,72.39
ZTS,2017-12-29,72.55,72.76,72.04,72.04
ZTS,2018-01-02,72.54,72.59,71.47,71.77
ZTS,2018-01-03,71.77,72.18,71.34,72.1
ZTS,2018-01-04,72.75,72.91,72.26,72.53
ZTS,2018-01-05,72.83,73.92,72.57,73.36
ZTS,2018-01-08,73.43,74.42,73.16,74.24
ZTS,2018-01-09,74.7,75.47,74.47,75.11
ZTS,2018-01-10,74.58,74.8,73.28,73.91
ZTS,2018-01-11,74.05,74.68,73.72,74.59
ZTS,2018-01-12,74.91,75.69,74.77,75.39
ZTS,2018-01-16,76.06,76.4,75.21,75.54
ZTS,2018-01-17,75.81,77.03,75.39,76.77
ZTS,2018-01-18,76.65,76.65,75.85,76.33
ZTS,2018-01-19,76.69,76.91,76.22,76.62
ZTS,2018-01-22,76.67,77.58,76.62,77.48
ZTS,2018-01-23,77.3,78.32,76.97,77.59
ZTS,2018-01-24,78.16,78.51,77.6,78.33
ZTS,2018-01-25,78.47,79.38,78.35,79.25
ZTS,2018-01-26,79.49,80.13,79.38,80.09
ZTS,2018-01-29,79.81,79.95,79.11,79.18
ZTS,2018-01-30,78.44,78.69,77.91,78.35
ZTS,2018-01-31,78.49,78.77,76.54,76.73
ZTS,2018-02-01,76.84,78.27,76.69,77.82
ZTS,2018-02-02,77.53,78.12,76.73,76.78
ZTS,2018-02-05,76.64,76.92,73.18,73.83
ZTS,2018-02-06,72.74,74.56,72.13,73.27
ZTS,2018-02-07,72.7,75.0,72.69,73.86
ZTS,2018-02-08,73.96,74.56,71.5,71.51
ZTS,2018-02-09,72.23,72.88,70.2,72.35
ZTS,2018-02-12,72.94,74.04,72.6,73.19
ZTS,2018-02-13,73.11,73.79,72.96,73.24
ZTS,2018-02-14,72.79,74.57,72.78,74.46
ZTS,2018-02-15,79.26,81.4,75.75,78.5
ZTS,2018-02-16,78.15,80.08,78.15,79.73
ZTS,2018-02-20,79.21,81.47,79.07,80.35
ZTS,2018-02-21,80.37,81.78,80.31,80.5
ZTS,2018-02-22,81.03,81.68,80.51,80.76
ZTS,2018-02-23,81.17,82.93,81.0,82.79
ZTS,2018-02-26,83.46,83.46,82.79,83.3
ZTS,2018-02-27,83.01,83.37,81.61,81.67
ZTS,2018-02-28,81.88,82.48,80.84,80.86
ZTS,2018-03-01,80.86,81.57,79.83,80.44
ZTS,2018-03-02,79.93,81.5,79.86,81.28
ZTS,2018-03-05,81.01,82.57,80.7,81.89
ZTS,2018-03-06,82.0,82.14,80.93,81.51
ZTS,2018-03-07,80.98,81.96,80.97,81.76
ZTS,2018-03-08,82.0,82.85,81.93,82.54
ZTS,2018-03-09,83.06,85.05,82.98,84.52
ZTS,2018-03-12,84.89,84.95,84.09,84.41
ZTS,2018-03-13,84.9,85.54,84.33,84.59
ZTS,2018-03-14,85.13,85.48,84.09,84.35
ZTS,2018-03-15,84.32,85.35,83.96,84.69
ZTS,2018-03-16,85.02,85.42,84.58,84.6
ZTS,2018-03-19,83.82,84.32,82.36,83.15
ZTS,2018-03-20,83.32,84.79,83.28,84.66
ZTS,2018-03-21,84.87,85.73,84.07,84.1
ZTS,2018-03-22,83.35,84.13,81.8,82.06
ZTS,2018-03-23,82.16,82.8,80.32,80.6
ZTS,2018-03-26,81.88,83.87,81.53,83.73
ZTS,2018-03-27,84.08,84.45,81.21,81.86
ZTS,2018-03-28,82.09,82.55,80.28,81.0
ZTS,2018-03-29,81.49,83.51,81.09,83.51
ZTS,2018-04-02,83.17,83.29,80.68,81.21
ZTS,2018-04-03,81.78,83.18,81.39,82.87
ZTS,2018-04-04,81.58,83.06,80.73,82.85
ZTS,2018-04-05,83.29,84.33,82.85,83.52
ZTS,2018-04-06,82.75,83.12,80.06,80.97
ZTS,2018-04-09,81.81,82.99,81.56,81.87
ZTS,2018-04-10,82.95,83.47,82.28,83.09
ZTS,2018-04-11,82.57,83.51,82.56,83.07
ZTS,2018-04-12,83.57,84.38,83.4,83.96
ZTS,2018-04-13,84.25,84.43,83.22,83.57
ZTS,2018-04-16,84.49,84.85,83.86,84.4
ZTS,2018-04-17,84.98,85.94,84.82,85.67
ZTS,2018-04-18,85.7,86.38,85.2,85.97
ZTS,2018-04-19,85.42,85.89,84.82,85.41
ZTS,2018-04-20,85.39,85.93,85.14,85.45
ZTS,2018-04-23,85.59,85.76,85.01,85.3
ZTS,2018-04-24,85.83,85.9,83.48,84.35
ZTS,2018-04-25,84.12,84.57,83.44,84.57
ZTS,2018-04-26,85.08,85.26,84.36,84.73
ZTS,2018-04-27,84.78,85.21,84.39,84.84
ZTS,2018-04-30,84.89,85.0,83.37,83.48
ZTS,2018-05-01,83.46,84.04,82.89,83.4
ZTS,2018-05-02,77.67,80.45,77.0,79.9
ZTS,2018-05-03,79.78,80.89,78.44,80.38
ZTS,2018-05-04,80.02,81.83,79.62,81.56
ZTS,2018-05-07,81.74,82.46,81.22,82.15
ZTS,2018-05-08,81.84,82.49,81.11,82.0
ZTS,2018-05-09,82.1,82.56,81.18,82.33
ZTS,2018-05-10,83.32,84.37,82.83,83.46
ZTS,2018-05-11,83.62,84.47,83.58,84.45
ZTS,2018-05-14,84.54,85.17,83.37,84.06
ZTS,2018-05-15,83.53,83.72,82.78,83.02
ZTS,2018-05-16,82.55,83.17,82.0,82.85
ZTS,2018-05-17,83.0,83.1,82.08,82.95
ZTS,2018-05-18,82.71,84.66,82.71,84.4
ZTS,2018-05-21,84.88,85.44,84.4,85.38
ZTS,2018-05-22,85.39,85.64,84.21,84.38
ZTS,2018-05-23,84.3,85.0,83.74,84.88
ZTS,2018-05-24,85.1,85.56,84.17,84.75
ZTS,2018-05-25,84.87,85.05,83.55,83.67
ZTS,2018-05-29,82.98,83.42,82.4,83.15
ZTS,2018-05-30,83.79,85.29,83.79,84.45
ZTS,2018-05-31,84.27,84.65,83.61,83.7
ZTS,2018-06-01,84.32,85.43,84.32,85.42
ZTS,2018-06-04,85.65,85.77,84.97,85.39
ZTS,2018-06-05,85.53,85.76,84.46,84.76
ZTS,2018-06-06,84.86,85.6,84.55,85.47
ZTS,2018-06-07,85.79,85.98,85.04,85.66
ZTS,2018-06-08,85.69,87.39,85.45,86.78
ZTS,2018-06-11,86.96,88.16,86.73,87.06
ZTS,2018-06-12,87.03,87.54,86.61,87.15
ZTS,2018-06-13,87.45,87.95,87.18,87.36
ZTS,2018-06-14,87.44,88.25,87.26,88.15
ZTS,2018-06-15,87.5,89.25,87.5,89.2
ZTS,2018-06-18,88.5,89.18,88.34,88.93
ZTS,2018-06-19,88.05,88.43,86.63,87.25
ZTS,2018-06-20,87.28,87.57,86.6,87.0
ZTS,2018-06-21,86.79,87.8,86.7,87.02
ZTS,2018-06-22,87.39,87.56,85.82,85.82
ZTS,2018-06-25,86.0,86.35,83.92,84.7
ZTS,2018-06-26,84.81,85.19,83.97,84.01
ZTS,2018-06-27,84.33,85.25,83.36,83.36
ZTS,2018-06-28,83.36,85.28,83.34,84.83
ZTS,2018-06-29,85.48,86.41,85.14,85.19
ZTS,2018-07-02,84.78,85.67,84.2,85.65
ZTS,2018-07-03,85.83,86.96,85.52,86.07
ZTS,2018-07-05,86.72,86.79,85.64,86.15
ZTS,2018-07-06,86.57,87.1,86.1,86.86
ZTS,2018-07-09,86.9,87.71,86.62,87.49
ZTS,2018-07-10,87.02,87.34,86.09,86.22
ZTS,2018-07-11,86.06,86.16,84.49,84.5
ZTS,2018-07-12,84.89,85.71,84.58,85.47
ZTS,2018-07-13,85.49,86.29,85.32,86.14
ZTS,2018-07-16,86.31,86.31,84.5,84.58
ZTS,2018-07-17,84.33,86.07,84.33,85.77
ZTS,2018-07-18,85.64,86.08,85.31,85.95
ZTS,2018-07-19,85.38,85.62,84.78,85.42
ZTS,2018-07-20,85.2,85.91,85.02,85.29
ZTS,2018-07-23,85.14,85.16,83.8,83.96
ZTS,2018-07-24,84.52,84.99,83.31,83.5
ZTS,2018-07-25,83.25,85.78,83.25,85.64
ZTS,2018-07-26,85.79,86.15,85.15,85.54
ZTS,2018-07-27,85.63,85.65,84.4,85.2
ZTS,2018-07-30,85.23,85.4,84.21,84.49
ZTS,2018-07-31,84.82,86.75,84.82,86.48
ZTS,2018-08-01,86.05,87.17,85.97,86.02
ZTS,2018-08-02,85.78,91.8,85.0,91.43
ZTS,2018-08-03,91.43,91.99,89.26,91.63
ZTS,2018-08-06,91.93,92.85,91.21,92.58
ZTS,2018-08-07,92.94,93.03,91.97,92.49
ZTS,2018-08-08,92.5,93.57,92.25,93.23
ZTS,2018-08-09,93.37,93.67,92.03,92.4
ZTS,2018-08-10,92.18,92.71,91.48,91.7
ZTS,2018-08-13,91.71,92.45,91.16,91.26
ZTS,2018-08-14,91.64,91.9,91.11,91.37
ZTS,2018-08-15,91.07,91.28,90.41,90.85
ZTS,2018-08-16,91.31,92.09,90.88,91.54
ZTS,2018-08-17,91.44,91.79,90.67,91.47
ZTS,2018-08-20,91.6,92.59,91.6,92.16
ZTS,2018-08-21,92.54,92.97,91.87,92.09
ZTS,2018-08-22,89.56,90.41,89.15,89.67
ZTS,2018-08-23,89.8,90.2,89.25,89.67
ZTS,2018-08-24,89.82,90.2,89.31,89.6
ZTS,2018-08-27,89.92,90.03,89.29,89.38
ZTS,2018-08-28,89.51,89.58,88.66,89.55
ZTS,2018-08-29,89.51,90.1,89.03,89.83
ZTS,2018-08-30,89.77,90.51,89.31,89.81
ZTS,2018-08-31,89.76,90.77,89.68,90.6
ZTS,2018-09-04,90.81,91.21,89.69,89.97
ZTS,2018-09-05,89.77,89.77,88.85,89.06
ZTS,2018-09-06,89.31,89.97,88.96,89.74
ZTS,2018-09-07,89.35,89.66,88.92,89.43
ZTS,2018-09-10,89.83,90.06,88.59,88.87
ZTS,2018-09-11,88.56,88.88,87.93,88.24
ZTS,2018-09-12,88.45,89.02,88.0,88.79
ZTS,2018-09-13,89.22,89.89,88.84,89.7
ZTS,2018-09-14,89.71,89.72,88.85,89.01
ZTS,2018-09-17,89.06,89.28,88.03,88.3
ZTS,2018-09-18,88.17,89.49,88.15,89.18
ZTS,2018-09-19,89.14,89.69,88.79,89.08
ZTS,2018-09-20,89.72,90.5,89.32,90.06
ZTS,2018-09-21,90.03,90.93,89.79,89.83
ZTS,2018-09-24,89.56,89.97,88.99,89.65
ZTS,2018-09-25,90.27,90.87,90.13,90.26
ZTS,2018-09-26,90.45,91.33,90.26,90.36
ZTS,2018-09-27,90.59,91.5,90.59,91.2
ZTS,2018-09-28,91.08,91.79,90.77,91.56
ZTS,2018-10-01,92.03,92.07,91.21,91.66
ZTS,2018-10-02,91.56,92.09,91.2,91.83
ZTS,2018-10-03,92.32,94.31,92.2,93.53
ZTS,2018-10-04,93.28,93.5,90.57,91.07
ZTS,2018-10-05,91.21,92.94,91.21,91.95
ZTS,2018-10-08,91.64,92.5,90.73,91.47
ZTS,2018-10-09,91.23,93.03,91.03,92.55
ZTS,2018-10-10,92.77,92.82,89.53,89.63
ZTS,2018-10-11,89.84,90.16,86.4,87.0
ZTS,2018-10-12,88.15,89.27,87.59,88.9
ZTS,2018-10-15,90.29,90.98,89.37,90.08
ZTS,2018-10-16,90.85,91.96,90.29,91.81
ZTS,2018-10-17,91.79,92.98,91.52,92.79
ZTS,2018-10-18,92.48,92.94,91.21,91.83
ZTS,2018-10-19,91.72,92.68,91.24,91.47
ZTS,2018-10-22,91.73,92.93,91.16,92.8
ZTS,2018-10-23,91.3,92.38,89.91,91.47
ZTS,2018-10-24,91.38,92.41,88.61,88.77
ZTS,2018-10-25,88.96,91.12,88.0,90.47
ZTS,2018-10-26,89.51,90.06,87.75,88.85
ZTS,2018-10-29,89.8,91.27,88.44,89.65
ZTS,2018-10-30,89.25,91.05,89.04,90.18
ZTS,2018-10-31,91.19,91.49,90.07,90.15
ZTS,2018-11-01,93.77,96.57,91.96,94.25
ZTS,2018-11-02,94.36,95.3,91.64,92.77
ZTS,2018-11-05,93.0,93.27,90.5,92.72
ZTS,2018-11-06,92.79,93.0,91.78,92.76
ZTS,2018-11-07,93.49,95.46,93.49,95.19
ZTS,2018-11-08,94.86,95.9,94.52,94.9
ZTS,2018-11-09,94.67,95.51,94.25,95.27
ZTS,2018-11-12,95.18,95.57,94.14,94.43
ZTS,2018-11-13,94.96,95.59,93.61,94.17
ZTS,2018-11-14,94.71,94.99,91.66,92.48
ZTS,2018-11-15,92.19,92.19,90.32,91.62
ZTS,2018-11-16,91.2,92.66,91.14,92.27
ZTS,2018-11-19,92.28,92.7,89.31,90.1
ZTS,2018-11-20,89.35,90.09,88.08,88.41
ZTS,2018-11-21,88.76,89.34,88.33,88.68
ZTS,2018-11-23,88.23,90.24,87.9,89.24
ZTS,2018-11-26,89.8,90.27,88.83,89.52
ZTS,2018-11-27,88.99,90.29,88.84,90.2
ZTS,2018-11-28,90.7,92.97,90.33,92.8
ZTS,2018-11-29,92.45,93.35,91.96,92.77
ZTS,2018-11-30,92.77,94.17,92.46,93.87
ZTS,2018-12-03,94.64,94.67,93.04,93.57
ZTS,2018-12-04,93.35,94.49,90.51,90.57
ZTS,2018-12-06,89.56,90.5,87.5,90.41
ZTS,2018-12-07,90.44,90.58,87.51,88.09
ZTS,2018-12-10,88.19,89.37,87.3,88.92
ZTS,2018-12-11,89.91,90.55,88.98,89.8
ZTS,2018-12-12,90.68,92.05,90.66,90.73
ZTS,2018-12-13,91.27,92.0,90.55,90.94
ZTS,2018-12-14,90.08,90.09,87.92,88.45
ZTS,2018-12-17,87.59,87.61,84.21,84.94
ZTS,2018-12-18,85.89,86.0,83.66,84.99
ZTS,2018-12-19,85.54,86.37,82.69,83.44
ZTS,2018-12-20,83.14,83.71,81.46,82.42
ZTS,2018-12-21,82.24,83.81,81.55,81.68
ZTS,2018-12-24,80.91,80.91,78.9,79.28
ZTS,2018-12-26,79.61,82.94,79.14,82.92
ZTS,2018-12-27,81.83,84.33,81.18,84.33
ZTS,2018-12-28,84.83,85.59,83.55,84.49
ZTS,2018-12-31,85.27,85.59,84.6,85.54
ZTS,2019-01-02,84.51,85.08,83.75,84.48
ZTS,2019-01-03,84.07,84.24,81.37,81.56
ZTS,2019-01-04,82.94,84.87,82.51,84.76
ZTS,2019-01-07,84.83,86.57,84.83,85.27
ZTS,2019-01-08,85.97,86.55,85.07,86.54
ZTS,2019-01-09,86.54,87.25,86.03,86.23
ZTS,2019-01-10,85.95,86.22,85.14,85.9
ZTS,2019-01-11,85.49,86.09,85.25,86.06
ZTS,2019-01-14,85.34,85.7,84.41,84.5
ZTS,2019-01-15,84.52,85.63,84.11,84.81
ZTS,2019-01-16,84.76,84.98,83.14,83.21
ZTS,2019-01-17,82.67,84.57,82.26,84.25
ZTS,2019-01-18,84.62,85.15,83.58,84.59
ZTS,2019-01-22,84.04,84.63,83.45,84.09
ZTS,2019-01-23,84.08,84.77,83.23,83.69
ZTS,2019-01-24,83.69,83.93,82.8,83.66
ZTS,2019-01-25,84.31,85.17,84.17,84.69
ZTS,2019-01-28,83.92,83.96,82.96,83.65
ZTS,2019-01-29,83.65,84.6,83.06,84.41
ZTS,2019-01-30,84.35,85.83,84.35,85.09
ZTS,2019-01-31,85.06,86.3,84.64,86.16
ZTS,2019-02-01,86.55,87.38,85.88,87.14
ZTS,2019-02-04,87.25,87.38,86.61,86.97
ZTS,2019-02-05,87.33,88.05,86.82,87.37
ZTS,2019-02-06,87.07,87.64,86.61,87.58
ZTS,2019-02-07,87.25,87.26,85.69,86.21
ZTS,2019-02-08,85.74,86.83,85.39,86.83
ZTS,2019-02-11,86.91,87.2,85.86,86.27
ZTS,2019-02-12,86.92,87.59,86.64,87.51
ZTS,2019-02-13,87.56,88.87,87.56,88.25
ZTS,2019-02-14,89.01,93.57,88.65,93.26
ZTS,2019-02-15,93.92,95.55,92.92,95.37
ZTS,2019-02-19,94.75,95.29,94.56,94.91
ZTS,2019-02-20,94.91,95.07,93.67,94.39
ZTS,2019-02-21,94.27,94.27,93.13,93.47
ZTS,2019-02-22,93.76,94.66,93.76,94.61
ZTS,2019-02-25,95.0,95.18,94.24,94.39
ZTS,2019-02-26,94.02,94.5,93.34,93.49
ZTS,2019-02-27,93.34,94.16,93.15,93.8
ZTS,2019-02-28,93.96,94.67,93.84,94.23
ZTS,2019-03-01,94.99,96.15,94.51,95.75
ZTS,2019-03-04,97.65,97.95,95.27,95.87
ZTS,2019-03-05,96.11,96.18,95.34,95.78
ZTS,2019-03-06,95.9,95.9,93.62,94.17
ZTS,2019-03-07,93.89,94.29,92.25,92.55
ZTS,2019-03-08,92.26,92.45,91.21,92.41
ZTS,2019-03-11,92.65,94.77,92.55,94.73
ZTS,2019-03-12,95.0,95.96,94.76,95.75
ZTS,2019-03-13,96.12,97.43,95.86,96.93
ZTS,2019-03-14,96.65,96.85,96.13,96.2
ZTS,2019-03-15,96.23,97.23,95.75,96.91
ZTS,2019-03-18,97.0,97.89,96.99,97.77
ZTS,2019-03-19,98.09,99.15,98.09,98.72
ZTS,2019-03-20,98.75,99.26,97.81,98.5
ZTS,2019-03-21,98.45,99.91,98.23,99.64
ZTS,2019-03-22,99.01,99.33,97.88,97.93
ZTS,2019-03-25,97.42,98.56,97.24,97.93
ZTS,2019-03-26,98.54,99.36,98.34,98.82
ZTS,2019-03-27,98.44,99.31,98.11,98.52
ZTS,2019-03-28,98.63,99.58,98.59,99.39
ZTS,2019-03-29,99.88,100.94,99.71,100.67
ZTS,2019-04-01,102.41,102.47,101.29,101.54
ZTS,2019-04-02,101.74,102.38,101.57,102.04
ZTS,2019-04-03,102.33,102.67,101.58,102.12
ZTS,2019-04-04,102.19,102.4,100.64,101.98
ZTS,2019-04-05,102.51,103.33,101.68,102.12
ZTS,2019-04-08,102.23,102.5,101.7,102.23
ZTS,2019-04-09,101.59,101.95,101.19,101.46
ZTS,2019-04-10,101.75,101.98,101.22,101.33
ZTS,2019-04-11,101.65,101.74,100.75,101.06
ZTS,2019-04-12,101.56,101.93,100.92,101.67
ZTS,2019-04-15,101.86,102.0,101.17,101.26
ZTS,2019-04-16,101.96,102.33,99.05,99.17
ZTS,2019-04-17,99.41,99.93,96.89,97.98
ZTS,2019-04-18,98.53,99.25,97.1,99.03
ZTS,2019-04-22,98.72,100.15,98.64,100.12
ZTS,2019-04-23,100.26,102.15,99.6,101.97
ZTS,2019-04-24,101.89,102.24,101.03,101.1
ZTS,2019-04-25,100.77,102.01,100.01,101.83
ZTS,2019-04-26,102.24,103.39,101.16,103.35
ZTS,2019-04-29,102.7,103.17,100.88,101.26
ZTS,2019-04-30,101.24,102.26,100.63,101.84
ZTS,2019-05-01,102.12,102.8,101.0,101.79
ZTS,2019-05-02,100.27,103.17,100.27,103.15
ZTS,2019-05-03,102.54,103.97,102.0,103.75
ZTS,2019-05-06,102.26,103.58,102.19,103.33
ZTS,2019-05-07,102.64,102.92,100.58,101.37
ZTS,2019-05-08,101.14,102.27,101.14,101.86
ZTS,2019-05-09,101.19,102.57,100.98,101.67
ZTS,2019-05-10,101.58,102.5,100.04,102.29
ZTS,2019-05-13,100.52,101.84,100.31,101.35
ZTS,2019-05-14,101.89,102.31,101.21,101.25
ZTS,2019-05-15,100.74,102.43,100.65,101.84
ZTS,2019-05-16,102.4,103.84,102.3,102.93
ZTS,2019-05-17,101.7,102.54,101.36,101.97
ZTS,2019-05-20,101.64,102.47,101.24,102.22
ZTS,2019-05-21,102.75,103.3,102.29,102.38
ZTS,2019-05-22,102.37,103.44,101.84,102.94
ZTS,2019-05-23,102.78,103.06,101.96,102.89
ZTS,2019-05-24,103.5,104.41,102.3,102.4
ZTS,2019-05-28,102.6,103.57,101.4,102.02
ZTS,2019-05-29,101.75,102.03,100.67,101.15
ZTS,2019-05-30,101.3,102.35,101.24,102.33
ZTS,2019-05-31,101.49,102.29,100.56,101.05
ZTS,2019-06-03,101.54,104.87,101.54,103.95
ZTS,2019-06-04,105.08,108.23,104.86,108.12
ZTS,2019-06-05,108.32,109.36,108.3,108.5
ZTS,2019-06-06,108.68,110.36,108.39,108.89
ZTS,2019-06-07,109.05,110.9,109.05,110.06
ZTS,2019-06-10,110.28,110.73,109.1,110.22
ZTS,2019-06-11,110.5,111.66,109.53,110.16
ZTS,2019-06-12,110.09,111.7,110.09,111.44
ZTS,2019-06-13,111.99,112.25,109.6,110.03
ZTS,2019-06-14,109.72,111.45,109.51,110.79
ZTS,2019-06-17,110.96,111.25,110.04,110.81
ZTS,2019-06-18,111.17,113.49,110.72,113.38
ZTS,2019-06-19,113.33,114.45,113.03,114.28
ZTS,2019-06-20,115.33,116.47,112.81,112.97
ZTS,2019-06-21,112.76,113.91,111.9,112.88
ZTS,2019-06-24,113.36,114.03,112.47,113.47
ZTS,2019-06-25,113.93,115.42,113.72,113.86
ZTS,2019-06-26,113.97,114.41,111.67,113.05
ZTS,2019-06-27,113.2,113.78,112.58,112.76
ZTS,2019-06-28,113.09,113.61,112.28,113.49
ZTS,2019-07-01,114.33,114.41,113.09,113.57
ZTS,2019-07-02,113.94,114.77,113.21,114.59
ZTS,2019-07-03,115.19,115.42,114.27,115.34
ZTS,2019-07-05,115.34,115.63,113.91,114.18
ZTS,2019-07-08,113.79,114.36,113.3,114.1
ZTS,2019-07-09,113.16,114.76,112.75,113.26
ZTS,2019-07-10,113.67,115.62,113.18,114.57
ZTS,2019-07-11,114.32,114.56,113.33,114.35
ZTS,2019-07-12,114.61,114.96,112.43,113.31
ZTS,2019-07-15,113.16,113.77,112.51,113.57
ZTS,2019-07-16,114.27,115.04,113.47,113.48
ZTS,2019-07-17,114.0,114.96,113.57,113.68
ZTS,2019-07-18,114.35,115.2,114.02,114.94
ZTS,2019-07-19,115.64,115.89,114.01,114.09
ZTS,2019-07-22,115.09,116.69,114.22,115.94
ZTS,2019-07-23,115.62,116.14,114.44,115.94
ZTS,2019-07-24,115.81,115.94,114.04,115.44
ZTS,2019-07-25,115.42,115.98,114.47,114.65
ZTS,2019-07-26,115.15,115.15,114.46,115.11
ZTS,2019-07-29,115.07,115.98,114.4,115.55
ZTS,2019-07-30,115.0,115.84,114.31,115.79
ZTS,2019-07-31,115.47,116.36,114.36,114.89
ZTS,2019-08-01,114.9,117.03,114.02,115.7
ZTS,2019-08-02,115.7,116.98,115.42,116.36
ZTS,2019-08-05,115.07,115.52,111.87,112.57
ZTS,2019-08-06,117.59,121.81,117.48,121.17
ZTS,2019-08-07,120.55,121.4,118.56,120.89
ZTS,2019-08-08,122.06,124.34,121.5,124.11
ZTS,2019-08-09,124.12,125.88,123.92,125.07
ZTS,2019-08-12,123.97,124.47,122.27,123.96
ZTS,2019-08-13,122.54,125.48,122.54,124.7
ZTS,2019-08-14,123.4,124.42,121.58,121.79
ZTS,2019-08-15,121.88,124.11,121.53,123.68
ZTS,2019-08-16,124.32,125.6,123.97,125.37
ZTS,2019-08-19,126.02,127.37,125.65,126.75
ZTS,2019-08-20,127.54,128.41,125.94,126.05
ZTS,2019-08-21,126.84,128.13,126.2,127.64
ZTS,2019-08-22,127.88,128.11,125.52,126.64
ZTS,2019-08-23,126.58,127.49,122.42,123.07
ZTS,2019-08-26,124.31,126.24,124.25,126.2
ZTS,2019-08-27,127.01,127.47,124.75,125.24
ZTS,2019-08-28,124.75,126.27,124.46,125.77
ZTS,2019-08-29,126.47,126.96,125.2,126.68
ZTS,2019-08-30,127.13,127.44,125.66,126.42
ZTS,2019-09-03,126.13,127.45,125.98,127.04
ZTS,2019-09-04,127.65,127.79,126.58,127.59
ZTS,2019-09-05,128.7,129.03,127.71,128.07
ZTS,2019-09-06,128.28,129.48,127.86,128.43
ZTS,2019-09-09,130.08,130.08,125.79,126.66
ZTS,2019-09-10,125.82,125.82,121.61,123.03
ZTS,2019-09-11,123.02,124.28,120.01,120.7
ZTS,2019-09-12,121.29,122.86,121.06,121.69
ZTS,2019-09-13,121.71,122.2,120.24,121.02
ZTS,2019-09-16,120.0,120.74,119.52,119.64
ZTS,2019-09-17,120.07,122.85,120.07,122.42
ZTS,2019-09-18,122.78,123.57,121.99,123.24
ZTS,2019-09-19,123.4,124.85,123.32,124.27
ZTS,2019-09-20,124.92,126.14,124.64,125.62
ZTS,2019-09-23,125.35,126.45,124.27,125.08
ZTS,2019-09-24,125.48,126.37,124.56,125.05
ZTS,2019-09-25,124.65,125.33,123.9,124.78
ZTS,2019-09-26,124.9,126.53,124.9,126.06
ZTS,2019-09-27,126.77,126.92,123.43,123.9
ZTS,2019-09-30,125.01,125.3,123.88,124.59
ZTS,2019-10-01,124.99,126.12,124.53,125.12
ZTS,2019-10-02,124.12,125.2,121.57,122.29
ZTS,2019-10-03,121.95,124.74,121.9,124.28
ZTS,2019-10-04,124.96,127.24,124.96,127.05
ZTS,2019-10-07,126.33,127.0,125.79,126.07
ZTS,2019-10-08,125.01,126.83,124.32,125.38
ZTS,2019-10-09,125.97,126.89,125.22,126.43
ZTS,2019-10-10,125.71,128.43,125.62,127.41
ZTS,2019-10-11,128.2,130.09,128.05,128.47
ZTS,2019-10-14,128.6,129.0,126.26,126.59
ZTS,2019-10-15,127.31,130.2,127.23,128.71
ZTS,2019-10-16,128.42,129.14,127.51,127.93
ZTS,2019-10-17,128.83,129.02,127.93,128.47
ZTS,2019-10-18,128.41,129.37,127.66,128.12
ZTS,2019-10-21,128.23,128.5,125.85,126.45
ZTS,2019-10-22,127.0,127.2,122.45,122.81
ZTS,2019-10-23,122.55,123.0,121.04,121.8
ZTS,2019-10-24,122.61,124.02,122.52,122.95
ZTS,2019-10-25,123.17,124.72,123.11,124.36
ZTS,2019-10-28,124.46,125.83,124.24,125.13
ZTS,2019-10-29,125.69,127.64,125.69,126.16
ZTS,2019-10-30,126.66,127.91,126.05,127.6
ZTS,2019-10-31,127.44,128.31,127.13,127.92
ZTS,2019-11-01,128.78,129.18,125.26,125.34
ZTS,2019-11-04,126.07,126.27,124.31,124.76
ZTS,2019-11-05,124.76,124.89,119.81,120.25
ZTS,2019-11-06,120.49,121.78,120.04,121.47
ZTS,2019-11-07,125.4,126.0,120.14,121.03
ZTS,2019-11-08,120.82,121.75,116.31,117.86
ZTS,2019-11-11,117.29,118.15,116.29,117.03
ZTS,2019-11-12,116.63,118.05,116.1,117.2
ZTS,2019-11-13,116.99,117.74,115.89,116.45
ZTS,2019-11-14,116.15,117.15,114.96,116.25
ZTS,2019-11-15,116.72,117.92,116.21,117.92
ZTS,2019-11-18,117.58,120.49,117.58,118.8
ZTS,2019-11-19,119.01,120.53,118.57,120.33
ZTS,2019-11-20,120.33,121.24,118.79,119.56
ZTS,2019-11-21,119.86,121.07,119.39,120.22
ZTS,2019-11-22,120.41,121.06,119.18,119.81
ZTS,2019-11-25,120.74,121.97,120.0,120.61
ZTS,2019-11-26,120.91,122.0,120.25,121.89
ZTS,2019-11-27,122.14,122.92,120.94,121.63
ZTS,2019-11-29,121.29,121.82,120.1,120.52
ZTS,2019-12-02,120.87,121.5,118.81,119.91
ZTS,2019-12-03,119.64,120.79,119.26,120.53
ZTS,2019-12-04,121.01,121.92,119.63,119.74
ZTS,2019-12-05,119.2,120.26,118.0,120.11
ZTS,2019-12-06,121.0,121.92,120.91,121.72
ZTS,2019-12-09,121.49,122.0,120.63,121.23
ZTS,2019-12-10,122.0,123.0,121.59,122.78
ZTS,2019-12-11,123.2,123.71,122.81,123.56
ZTS,2019-12-12,123.69,125.0,123.39,124.33
ZTS,2019-12-13,123.95,124.62,123.15,124.45
ZTS,2019-12-16,125.0,126.5,124.37,126.46
ZTS,2019-12-17,126.72,127.36,125.24,127.1
ZTS,2019-12-18,127.15,127.63,126.56,126.99
ZTS,2019-12-19,127.63,128.89,127.45,128.74
ZTS,2019-12-20,129.38,133.52,128.98,132.68
ZTS,2019-12-23,132.71,133.06,131.39,132.37
ZTS,2019-12-24,132.21,133.08,131.29,132.92
ZTS,2019-12-26,133.19,133.19,132.32,133.03
ZTS,2019-12-27,133.4,133.48,132.38,133.25
ZTS,2019-12-30,133.57,133.66,131.81,132.21
ZTS,2019-12-31,132.01,132.58,131.45,132.35
ZTS,2020-01-02,132.05,134.28,131.48,134.14
ZTS,2020-01-03,132.48,134.91,132.27,134.16
ZTS,2020-01-06,133.78,134.07,132.71,133.13
ZTS,2020-01-07,133.0,134.81,132.67,133.58
ZTS,2020-01-08,133.76,135.27,133.24,133.29
ZTS,2020-01-09,134.01,136.37,134.01,135.06
ZTS,2020-01-10,135.3,136.0,134.77,135.57
ZTS,2020-01-13,136.07,136.75,135.46,136.51
ZTS,2020-01-14,136.42,137.28,135.52,137.27
ZTS,2020-01-15,137.41,139.0,137.34,138.54
ZTS,2020-01-16,138.78,139.4,138.02,139.24
ZTS,2020-01-17,139.62,140.4,138.86,140.16
ZTS,2020-01-21,139.12,142.52,138.97,141.93
ZTS,2020-01-22,142.73,143.33,141.21,141.5
ZTS,2020-01-23,141.29,141.77,137.52,138.34
ZTS,2020-01-24,139.62,139.62,136.15,136.31
ZTS,2020-01-27,134.42,136.44,134.03,135.96
ZTS,2020-01-28,136.14,138.92,135.49,138.26
ZTS,2020-01-29,138.97,139.97,138.44,138.51
ZTS,2020-01-30,137.64,138.33,136.06,138.03
ZTS,2020-01-31,137.6,137.97,134.0,134.21
ZTS,2020-02-03,134.73,137.47,134.2,135.52
ZTS,2020-02-04,137.08,139.44,136.69,138.97
ZTS,2020-02-05,139.96,140.3,137.54,137.89
ZTS,2020-02-06,137.96,139.1,136.87,138.97
ZTS,2020-02-07,139.05,139.16,138.03,138.9
ZTS,2020-02-10,138.62,142.74,138.35,142.55
ZTS,2020-02-11,143.4,144.35,142.65,144.03
ZTS,2020-02-12,143.45,144.46,142.43,142.98
ZTS,2020-02-13,141.93,146.26,141.25,144.94
ZTS,2020-02-14,144.94,145.4,143.12,144.17
ZTS,2020-02-18,144.03,144.13,142.61,143.65
ZTS,2020-02-19,143.5,145.61,142.81,144.06
ZTS,2020-02-20,143.75,144.09,141.24,143.55
ZTS,2020-02-21,142.93,143.0,141.5,142.23
ZTS,2020-02-24,139.28,140.82,137.54,138.39
ZTS,2020-02-25,138.79,138.85,134.32,134.82
ZTS,2020-02-26,135.94,139.25,135.5,136.15
ZTS,2020-02-27,134.46,137.43,133.9,133.95
ZTS,2020-02-28,130.4,133.24,127.0,133.23
ZTS,2020-03-02,133.84,139.17,133.06,138.91
ZTS,2020-03-03,139.46,141.76,135.62,137.24
ZTS,2020-03-04,139.95,143.7,138.52,143.62
ZTS,2020-03-05,140.73,142.64,138.06,139.56
ZTS,2020-03-06,134.92,137.6,131.83,137.05
ZTS,2020-03-09,128.8,133.29,127.59,129.72
ZTS,2020-03-10,133.62,133.62,127.27,132.72
ZTS,2020-03-11,130.39,131.65,127.36,130.27
ZTS,2020-03-12,122.26,127.34,119.92,120.28
ZTS,2020-03-13,124.35,125.78,117.29,125.48
ZTS,2020-03-16,114.37,119.92,106.4,107.04
ZTS,2020-03-17,109.27,118.08,107.15,111.05
ZTS,2020-03-18,104.5,110.03,96.02,105.82
ZTS,2020-03-19,104.95,112.89,100.74,102.33
ZTS,2020-03-20,101.55,106.47,98.53,100.94
ZTS,2020-03-23,99.06,101.04,90.14,92.66
ZTS,2020-03-24,98.71,105.22,97.5,103.76
ZTS,2020-03-25,102.65,112.99,100.52,108.21
ZTS,2020-03-26,109.51,118.69,109.51,117.91
ZTS,2020-03-27,114.52,117.78,111.04,111.77
ZTS,2020-03-30,113.63,117.75,112.43,116.68
ZTS,2020-03-31,115.68,120.25,113.9,117.69
ZTS,2020-04-01,113.93,115.36,110.75,111.92
ZTS,2020-04-02,111.25,116.3,110.87,116.03
ZTS,2020-04-03,115.08,117.23,113.72,114.61
ZTS,2020-04-06,119.58,127.46,117.9,126.79
ZTS,2020-04-07,129.02,130.88,126.02,126.11
ZTS,2020-04-08,126.36,127.99,122.25,127.25
ZTS,2020-04-09,126.55,131.15,126.44,128.75
ZTS,2020-04-13,128.01,128.82,122.11,122.95
ZTS,2020-04-14,126.42,128.94,124.18,127.82
ZTS,2020-04-15,125.42,126.12,123.08,123.81
ZTS,2020-04-16,125.22,128.05,123.98,127.45
ZTS,2020-04-17,129.74,131.54,128.61,130.72
ZTS,2020-04-20,128.72,129.14,127.23,127.39
ZTS,2020-04-21,125.79,126.05,123.58,124.7
ZTS,2020-04-22,126.53,127.48,125.55,125.81
ZTS,2020-04-23,126.25,126.62,123.41,123.64
ZTS,2020-04-24,124.6,126.85,122.66,125.91
ZTS,2020-04-27,126.96,128.6,126.1,127.42
ZTS,2020-04-28,128.46,128.7,122.85,123.0
ZTS,2020-04-29,124.27,126.98,123.01,125.55
ZTS,2020-04-30,125.5,130.42,124.84,129.31
ZTS,2020-05-01,127.44,127.89,124.92,127.53
ZTS,2020-05-04,127.76,128.06,125.56,127.44
ZTS,2020-05-05,128.65,132.24,128.29,131.3
ZTS,2020-05-06,125.97,128.91,125.63,125.69
ZTS,2020-05-07,127.29,127.5,123.37,124.24
ZTS,2020-05-08,125.21,126.36,124.82,125.47
ZTS,2020-05-11,125.34,126.85,124.55,126.39
ZTS,2020-05-12,127.06,127.7,123.87,124.01
ZTS,2020-05-13,123.53,125.07,121.75,123.03
ZTS,2020-05-14,122.07,126.53,121.5,126.03
ZTS,2020-05-15,126.44,127.96,125.31,127.49
ZTS,2020-05-18,130.18,132.54,129.8,131.42
ZTS,2020-05-19,131.05,135.76,130.08,134.34
ZTS,2020-05-20,136.2,137.07,133.04,133.34
ZTS,2020-05-21,133.79,133.89,129.9,130.33
ZTS,2020-05-22,129.6,130.78,128.88,130.11
ZTS,2020-05-26,131.42,132.91,130.14,130.45
ZTS,2020-05-27,133.7,135.71,130.85,135.64
ZTS,2020-05-28,137.81,140.24,137.46,138.11
ZTS,2020-05-29,138.44,139.65,134.95,139.39
ZTS,2020-06-01,138.65,139.1,137.07,138.34
ZTS,2020-06-02,138.67,141.51,138.22,141.48
ZTS,2020-06-03,141.65,143.21,140.67,142.53
ZTS,2020-06-04,141.02,142.26,139.4,140.52
ZTS,2020-06-05,141.53,142.43,139.35,141.01
ZTS,2020-06-08,139.0,141.35,137.67,141.3
ZTS,2020-06-09,140.88,141.79,138.47,138.8
ZTS,2020-06-10,139.25,141.22,138.75,139.91
ZTS,2020-06-11,137.67,138.09,130.71,131.06
ZTS,2020-06-12,134.37,136.21,131.31,134.07
ZTS,2020-06-15,131.81,133.66,130.41,133.3
ZTS,2020-06-16,136.89,137.7,134.71,136.24
ZTS,2020-06-17,136.77,137.55,136.11,136.79
ZTS,2020-06-18,135.8,137.69,135.54,137.4
ZTS,2020-06-19,140.05,140.1,136.43,137.4
ZTS,2020-06-22,136.81,137.45,136.01,136.94
ZTS,2020-06-23,138.1,139.05,137.54,138.11
ZTS,2020-06-24,137.03,137.77,133.56,134.3
ZTS,2020-06-25,134.17,135.48,131.89,135.31
ZTS,2020-06-26,135.0,135.75,132.6,132.66
ZTS,2020-06-29,133.26,133.55,131.28,131.98
ZTS,2020-06-30,132.1,137.82,132.06,137.04
ZTS,2020-07-01,137.29,138.97,136.7,137.19
ZTS,2020-07-02,138.58,139.05,137.37,137.66
ZTS,2020-07-06,138.57,139.6,137.96,138.6
ZTS,2020-07-07,138.33,140.56,138.11,138.44
ZTS,2020-07-08,138.72,139.69,137.43,138.81
ZTS,2020-07-09,138.81,139.56,135.34,137.68
ZTS,2020-07-10,137.42,137.83,135.62,137.1
ZTS,2020-07-13,138.46,141.71,138.12,138.31
ZTS,2020-07-14,138.23,140.61,138.16,140.4
ZTS,2020-07-15,141.56,143.79,141.04,142.92
ZTS,2020-07-16,142.6,142.96,141.47,142.94
ZTS,2020-07-17,143.8,145.28,142.23,144.66
ZTS,2020-07-20,145.09,146.69,144.32,145.97
ZTS,2020-07-21,146.5,147.0,144.17,145.01
ZTS,2020-07-22,145.41,146.1,144.05,145.11
ZTS,2020-07-23,145.51,147.09,143.63,144.07
ZTS,2020-07-24,143.71,144.34,141.88,144.22
ZTS,2020-07-27,144.2,147.07,143.74,146.92
ZTS,2020-07-28,147.1,147.8,145.72,145.98
ZTS,2020-07-29,146.38,148.18,146.04,147.59
ZTS,2020-07-30,146.03,149.49,146.01,149.11
ZTS,2020-07-31,148.81,151.91,148.47,151.68
ZTS,2020-08-03,152.19,155.42,151.73,154.51
ZTS,2020-08-04,154.0,155.91,153.19,155.64
ZTS,2020-08-05,156.0,158.37,155.78,157.72
ZTS,2020-08-06,158.46,163.98,157.72,161.33
ZTS,2020-08-07,161.95,162.0,157.41,158.88
ZTS,2020-08-10,159.33,159.93,157.19,158.09
ZTS,2020-08-11,158.87,159.48,156.66,156.93
ZTS,2020-08-12,157.31,160.86,156.89,159.36
ZTS,2020-08-13,158.67,159.87,158.05,158.87
ZTS,2020-08-14,158.67,158.77,155.74,157.05
ZTS,2020-08-17,157.92,158.58,156.81,157.42
ZTS,2020-08-18,157.51,160.53,157.09,160.17
ZTS,2020-08-19,160.04,160.98,158.37,158.58
ZTS,2020-08-20,158.03,158.89,157.09,158.54
ZTS,2020-08-21,158.76,159.22,157.19,158.37
ZTS,2020-08-24,159.75,159.75,156.21,156.76
ZTS,2020-08-25,157.99,158.87,156.64,158.58
ZTS,2020-08-26,157.58,160.41,157.22,159.76
ZTS,2020-08-27,160.0,161.03,158.57,159.61
ZTS,2020-08-28,159.41,160.18,158.59,160.0
ZTS,2020-08-31,159.85,161.57,159.26,160.1
ZTS,2020-09-01,160.71,162.14,159.98,162.05
ZTS,2020-09-02,162.1,165.82,161.82,165.33
ZTS,2020-09-03,165.28,165.52,157.37,158.8
ZTS,2020-09-04,159.16,160.21,155.29,157.24
ZTS,2020-09-08,156.23,156.27,152.5,153.51
ZTS,2020-09-09,155.2,160.7,155.2,158.91
ZTS,2020-09-10,158.9,161.52,157.21,158.1
ZTS,2020-09-11,159.0,159.62,157.85,158.59
ZTS,2020-09-14,159.94,161.97,159.61,160.86
ZTS,2020-09-15,162.25,163.91,161.7,162.28
ZTS,2020-09-16,163.52,163.99,161.13,161.25
ZTS,2020-09-17,160.42,160.51,158.0,160.47
ZTS,2020-09-18,160.11,161.97,159.12,160.87
ZTS,2020-09-21,159.34,161.07,157.42,160.97
ZTS,2020-09-22,160.35,162.48,160.1,161.51
ZTS,2020-09-23,161.97,162.67,159.12,159.33
ZTS,2020-09-24,158.84,159.51,156.53,157.98
ZTS,2020-09-25,157.43,161.46,157.25,160.84
ZTS,2020-09-28,162.16,164.34,161.16,161.32
ZTS,2020-09-29,161.62,163.41,161.44,162.48
ZTS,2020-09-30,162.92,166.79,162.75,165.37
ZTS,2020-10-01,166.23,166.78,163.1,164.03
ZTS,2020-10-02,162.38,164.71,162.0,163.55
ZTS,2020-10-05,164.11,165.07,162.53,163.45
ZTS,2020-10-06,164.5,164.5,160.84,161.52
ZTS,2020-10-07,161.7,163.49,158.95,159.91
ZTS,2020-10-08,161.93,163.56,159.89,163.17
ZTS,2020-10-09,163.98,165.64,162.86,165.43
ZTS,2020-10-12,167.08,168.96,166.19,168.55
ZTS,2020-10-13,167.84,168.06,165.31,165.32
ZTS,2020-10-14,166.54,166.7,162.79,163.66
ZTS,2020-10-15,162.05,163.23,161.21,162.99
ZTS,2020-10-16,163.98,165.85,163.32,163.55
ZTS,2020-10-19,164.62,165.0,159.42,159.99
ZTS,2020-10-20,160.28,161.54,159.12,159.69
ZTS,2020-10-21,159.5,162.13,159.5,161.18
ZTS,2020-10-22,161.37,163.23,161.25,162.38
ZTS,2020-10-23,163.1,164.61,162.25,163.49
ZTS,2020-10-26,162.0,162.95,158.96,160.48
ZTS,2020-10-27,160.84,164.48,160.63,162.47
ZTS,2020-10-28,159.76,161.51,158.16,158.69
ZTS,2020-10-29,159.46,162.45,158.13,161.19
ZTS,2020-10-30,160.02,161.32,156.25,158.55
ZTS,2020-11-02,161.31,163.26,160.71,162.89
ZTS,2020-11-03,164.64,165.49,162.9,163.14
ZTS,2020-11-04,165.99,176.17,165.97,174.35
ZTS,2020-11-05,174.68,176.64,170.38,170.9
ZTS,2020-11-06,172.0,172.62,166.26,169.25
ZTS,2020-11-09,175.46,176.41,165.01,165.2
ZTS,2020-11-10,166.04,166.96,160.49,162.56
ZTS,2020-11-11,164.99,165.92,163.33,164.95
ZTS,2020-11-12,164.16,166.6,163.79,165.19
ZTS,2020-11-13,165.46,167.03,164.51,165.78
ZTS,2020-11-16,166.37,168.52,164.6,165.29
ZTS,2020-11-17,164.49,166.11,164.07,165.43
ZTS,2020-11-18,165.1,166.33,163.42,163.5
ZTS,2020-11-19,164.07,166.94,163.54,166.31
ZTS,2020-11-20,166.86,168.16,166.14,166.2
ZTS,2020-11-23,166.15,167.21,162.14,164.34
ZTS,2020-11-24,164.39,166.25,160.47,161.06
ZTS,2020-11-25,161.99,162.68,159.25,160.19
ZTS,2020-11-27,161.62,162.19,160.29,161.47
ZTS,2020-11-30,162.48,162.48,159.65,160.38
ZTS,2020-12-01,161.64,162.48,159.99,161.36
ZTS,2020-12-02,161.0,161.84,158.48,158.95
ZTS,2020-12-03,158.58,159.09,156.44,157.07
ZTS,2020-12-04,157.16,158.22,156.66,157.95
ZTS,2020-12-07,157.56,159.2,157.56,158.45
ZTS,2020-12-08,156.87,159.5,156.47,158.99
ZTS,2020-12-09,159.69,160.17,157.66,158.7
ZTS,2020-12-10,159.45,160.47,157.89,158.12
ZTS,2020-12-11,157.55,159.62,157.16,159.53
ZTS,2020-12-14,160.1,162.87,159.09,159.5
ZTS,2020-12-15,160.29,162.11,158.36,161.96
ZTS,2020-12-16,162.36,163.33,160.54,160.62
ZTS,2020-12-17,161.89,163.97,161.24,162.7
ZTS,2020-12-18,162.65,164.54,161.05,163.63
ZTS,2020-12-21,160.74,161.56,158.3,160.84
ZTS,2020-12-22,160.53,162.38,159.64,161.83
ZTS,2020-12-23,162.0,162.98,159.84,159.85
ZTS,2020-12-24,159.92,161.87,159.85,160.72
ZTS,2020-12-28,161.44,162.83,160.31,162.39
ZTS,2020-12-29,163.21,165.1,162.4,163.12
ZTS,2020-12-30,163.51,164.8,163.16,164.27
ZTS,2020-12-31,164.5,165.68,163.23,165.5
ZTS,2021-01-04,166.0,166.24,160.72,163.59
ZTS,2021-01-05,163.15,165.29,162.5,164.73
ZTS,2021-01-06,162.92,167.91,162.67,167.15
ZTS,2021-01-07,167.45,168.8,166.7,167.0
ZTS,2021-01-08,167.4,169.88,166.69,168.11
ZTS,2021-01-11,167.9,170.49,167.58,169.39
ZTS,2021-01-12,169.02,169.75,164.26,166.12
ZTS,2021-01-13,165.1,166.05,161.64,161.95
ZTS,2021-01-14,162.56,163.38,160.9,160.96
ZTS,2021-01-15,161.43,162.1,159.62,161.56
ZTS,2021-01-19,162.37,163.95,161.25,162.57
ZTS,2021-01-20,162.56,164.2,161.83,163.36
ZTS,2021-01-21,162.47,165.75,162.47,164.46
ZTS,2021-01-22,164.65,165.2,162.64,163.33
ZTS,2021-01-25,162.56,163.19,160.43,161.34
ZTS,2021-01-26,161.35,161.64,158.56,159.71
ZTS,2021-01-27,157.99,158.28,152.55,153.15
ZTS,2021-01-28,154.3,160.65,154.25,156.53
ZTS,2021-01-29,155.65,156.57,152.3,154.25
ZTS,2021-02-01,156.2,157.04,154.25,155.58
ZTS,2021-02-02,157.55,159.69,157.27,157.39
ZTS,2021-02-03,157.32,158.29,155.09,155.23
ZTS,2021-02-04,155.35,157.26,154.58,157.13
ZTS,2021-02-05,157.89,160.26,157.6,159.28
ZTS,2021-02-08,160.4,161.89,158.5,160.02
ZTS,2021-02-09,159.81,161.79,159.01,159.83
ZTS,2021-02-10,161.25,162.73,160.17,160.62
ZTS,2021-02-11,161.15,164.73,160.4,164.44
ZTS,2021-02-12,163.61,167.75,163.61,166.71
ZTS,2021-02-16,167.98,169.89,163.63,166.32
ZTS,2021-02-17,165.82,169.85,165.0,168.9
ZTS,2021-02-18,167.71,170.07,165.72,167.95
ZTS,2021-02-19,167.88,168.03,159.41,160.0
ZTS,2021-02-22,159.0,161.01,158.26,160.16
ZTS,2021-02-23,160.37,161.8,159.24,159.52
ZTS,2021-02-24,161.19,161.61,158.84,159.05
ZTS,2021-02-25,158.5,159.45,155.75,156.48
ZTS,2021-02-26,157.14,157.46,154.95,155.24
ZTS,2021-03-01,156.11,159.95,155.93,157.69
ZTS,2021-03-02,158.39,159.55,155.53,157.05
ZTS,2021-03-03,155.35,155.81,149.19,149.32
ZTS,2021-03-04,148.61,149.0,142.22,144.0
ZTS,2021-03-05,145.25,146.04,141.41,145.68
ZTS,2021-03-08,148.01,149.6,145.02,145.15
ZTS,2021-03-09,147.5,153.49,147.35,150.14
ZTS,2021-03-10,150.45,152.7,148.57,151.09
ZTS,2021-03-11,152.66,153.55,152.19,152.36
ZTS,2021-03-12,152.2,152.85,150.68,152.57
ZTS,2021-03-15,152.77,155.5,152.5,154.84
ZTS,2021-03-16,155.15,156.36,154.4,155.03
ZTS,2021-03-17,154.18,160.38,153.6,156.17
ZTS,2021-03-18,155.3,155.96,151.76,152.42
ZTS,2021-03-19,152.6,154.9,151.98,153.12
ZTS,2021-03-22,153.04,155.91,152.6,155.63
ZTS,2021-03-23,155.68,157.25,153.99,156.04
ZTS,2021-03-24,155.33,157.25,155.28,155.43
ZTS,2021-03-25,156.09,156.09,151.73,152.88
ZTS,2021-03-26,153.13,156.19,152.63,156.15
ZTS,2021-03-29,155.76,159.12,155.51,158.39
ZTS,2021-03-30,157.31,158.27,156.5,157.04
ZTS,2021-03-31,157.53,158.63,156.93,157.48
ZTS,2021-04-01,157.71,158.81,156.26,157.89
ZTS,2021-04-05,158.56,159.3,157.69,158.41
ZTS,2021-04-06,158.83,159.2,155.41,155.9
ZTS,2021-04-07,155.7,158.18,155.7,157.88
ZTS,2021-04-08,158.9,160.77,158.63,160.0
ZTS,2021-04-09,160.11,160.95,158.46,159.85
ZTS,2021-04-12,160.07,163.15,158.52,162.51
ZTS,2021-04-13,162.2,164.0,161.49,163.47
ZTS,2021-04-14,164.01,164.84,162.63,163.08
ZTS,2021-04-15,163.93,166.4,163.93,165.45
ZTS,2021-04-16,166.27,168.27,166.0,167.63
ZTS,2021-04-19,167.5,168.27,166.59,168.1
ZTS,2021-04-20,167.95,169.7,167.55,168.74
ZTS,2021-04-21,169.58,171.16,168.88,170.15
ZTS,2021-04-22,169.71,170.11,167.84,169.07
ZTS,2021-04-23,169.0,171.3,168.53,170.54
ZTS,2021-04-26,170.88,171.18,169.01,169.8
ZTS,2021-04-27,169.59,170.79,169.12,169.75
ZTS,2021-04-28,169.63,172.17,169.43,171.72
ZTS,2021-04-29,172.09,174.84,171.76,174.52
ZTS,2021-04-30,173.7,174.85,172.52,173.03
ZTS,2021-05-03,174.7,176.23,173.35,175.24
ZTS,2021-05-04,174.43,174.82,172.42,173.77
ZTS,2021-05-05,174.2,174.68,172.34,173.86
ZTS,2021-05-06,167.25,168.63,165.22,167.52
ZTS,2021-05-07,169.19,173.26,169.0,171.55
ZTS,2021-05-10,172.0,173.24,170.77,171.17
ZTS,2021-05-11,169.9,171.15,169.29,170.23
ZTS,2021-05-12,169.53,170.36,167.46,168.04
ZTS,2021-05-13,168.37,171.27,167.83,170.85
ZTS,2021-05-14,171.71,172.98,170.85,172.29
ZTS,2021-05-17,172.25,172.98,170.04,170.27
ZTS,2021-05-18,169.27,170.98,168.63,170.11
ZTS,2021-05-19,169.05,171.35,167.81,171.28
ZTS,2021-05-20,171.52,175.98,170.78,175.8
ZTS,2021-05-21,176.55,177.71,175.11,176.02
ZTS,2021-05-24,177.05,178.71,175.98,176.4
ZTS,2021-05-25,176.0,176.73,174.46,176.62
ZTS,2021-05-26,178.01,178.49,174.78,175.32
ZTS,2021-05-27,175.0,176.51,174.34,174.67
ZTS,2021-05-28,176.2,178.15,175.57,176.68
ZTS,2021-06-01,177.36,177.48,173.83,174.19
ZTS,2021-06-02,174.0,174.94,172.23,172.95
ZTS,2021-06-03,172.37,174.52,171.88,173.82
ZTS,2021-06-04,174.83,176.08,174.07,175.2
ZTS,2021-06-07,175.41,176.74,174.49,175.1
ZTS,2021-06-08,175.89,176.22,173.13,174.1
ZTS,2021-06-09,175.4,176.91,174.65,176.69
ZTS,2021-06-10,176.98,182.85,176.98,182.1
ZTS,2021-06-11,182.0,182.64,179.61,182.2
ZTS,2021-06-14,182.07,184.77,181.19,184.58
ZTS,2021-06-15,184.66,186.1,183.89,185.67
ZTS,2021-06-16,186.0,186.84,183.36,184.11
ZTS,2021-06-17,184.09,186.93,183.78,186.44
ZTS,2021-06-18,184.75,186.94,184.49,185.39
ZTS,2021-06-21,185.55,187.32,183.66,186.6
ZTS,2021-06-22,186.53,187.0,185.88,186.62
ZTS,2021-06-23,186.0,186.55,185.28,186.12
ZTS,2021-06-24,186.92,187.37,184.98,185.38
ZTS,2021-06-25,185.5,187.29,184.5,187.23
ZTS,2021-06-28,187.34,187.93,185.64,187.08
ZTS,2021-06-29,187.09,188.19,186.09,187.99
ZTS,2021-06-30,188.11,188.53,185.58,186.36
ZTS,2021-07-01,187.0,189.46,186.61,189.29
ZTS,2021-07-02,189.87,193.04,189.76,192.7
ZTS,2021-07-06,191.61,194.33,191.61,194.02
ZTS,2021-07-07,195.21,197.63,193.3,197.4
ZTS,2021-07-08,195.8,197.25,193.38,196.96
ZTS,2021-07-09,197.12,198.4,196.16,197.5
ZTS,2021-07-12,197.91,199.3,197.47,198.33
ZTS,2021-07-13,198.61,200.57,198.2,199.31
ZTS,2021-07-14,200.06,202.04,199.55,201.28
ZTS,2021-07-15,201.28,201.28,199.02,200.24
ZTS,2021-07-16,199.89,200.24,197.55,199.68
ZTS,2021-07-19,198.47,199.5,195.56,197.83
ZTS,2021-07-20,197.24,201.45,197.24,200.11
ZTS,2021-07-21,200.87,200.87,197.11,198.04
ZTS,2021-07-22,198.53,200.91,198.35,200.54
ZTS,2021-07-23,201.74,203.94,200.65,203.59
ZTS,2021-07-26,202.61,202.84,200.17,200.82
ZTS,2021-07-27,201.32,202.7,201.02,201.87
ZTS,2021-07-28,202.29,203.91,201.59,203.27
ZTS,2021-07-29,203.98,205.67,203.62,204.12
ZTS,2021-07-30,202.46,204.2,202.23,202.7
ZTS,2021-08-02,203.48,204.41,201.34,202.11
ZTS,2021-08-03,203.0,204.33,202.27,204.1
ZTS,2021-08-04,204.17,207.0,203.25,204.79
ZTS,2021-08-05,198.0,203.97,195.61,203.84
ZTS,2021-08-06,204.2,204.2,200.13,201.88
ZTS,2021-08-09,202.37,202.96,198.67,199.72
ZTS,2021-08-10,200.18,200.88,198.19,198.76
ZTS,2021-08-11,198.48,199.89,196.96,197.41
ZTS,2021-08-12,197.5,200.42,197.18,199.84
ZTS,2021-08-13,200.51,201.61,199.59,201.48
ZTS,2021-08-16,201.61,204.85,201.03,204.78
ZTS,2021-08-17,204.55,206.72,204.55,206.6
ZTS,2021-08-18,206.23,206.82,203.16,203.33
ZTS,2021-08-19,203.01,208.05,202.68,206.44
ZTS,2021-08-20,206.62,208.26,206.61,207.05
ZTS,2021-08-23,207.71,208.56,205.99,206.47
ZTS,2021-08-24,206.09,206.96,204.49,204.99
ZTS,2021-08-25,204.39,205.08,202.98,204.43
ZTS,2021-08-26,204.8,205.49,203.36,204.02
ZTS,2021-08-27,204.68,206.19,203.23,203.82
ZTS,2021-08-30,203.82,206.99,203.8,205.89
ZTS,2021-08-31,205.81,206.08,203.08,204.56
ZTS,2021-09-01,204.56,206.47,203.48,206.44
ZTS,2021-09-02,207.43,209.26,206.72,209.22
ZTS,2021-09-03,208.22,210.1,207.15,209.69
ZTS,2021-09-07,209.48,209.87,205.46,207.81
ZTS,2021-09-08,207.0,209.41,206.5,209.33
ZTS,2021-09-09,209.5,210.0,205.86,206.02
ZTS,2021-09-10,206.71,207.85,206.34,207.0
ZTS,2021-09-13,208.55,208.99,202.21,205.0
ZTS,2021-09-14,205.0,206.5,203.37,203.55
ZTS,2021-09-15,203.7,205.18,202.37,203.96
ZTS,2021-09-16,204.03,204.19,201.4,202.77
ZTS,2021-09-17,200.53,202.53,197.88,198.49
ZTS,2021-09-20,196.67,199.88,195.79,198.62
ZTS,2021-09-21,199.58,201.8,199.14,201.01
ZTS,2021-09-22,202.48,203.58,200.34,201.35
ZTS,2021-09-23,202.17,205.98,202.17,204.71
ZTS,2021-09-24,204.44,205.58,203.76,204.73
ZTS,2021-09-27,204.01,204.01,196.52,197.8
ZTS,2021-09-28,196.01,196.25,191.33,192.77
ZTS,2021-09-29,194.71,196.64,192.59,194.99
ZTS,2021-09-30,195.94,198.12,194.05,194.14
ZTS,2021-10-01,194.14,197.7,192.43,196.19
ZTS,2021-10-04,195.18,195.99,190.93,193.69
ZTS,2021-10-05,195.22,197.5,193.66,196.46
ZTS,2021-10-06,195.67,196.07,193.45,195.78
ZTS,2021-10-07,196.95,201.44,196.95,199.01
ZTS,2021-10-08,200.0,200.66,196.47,197.88
ZTS,2021-10-11,197.56,199.1,196.03,197.65
ZTS,2021-10-12,198.89,199.37,195.77,197.15
ZTS,2021-10-13,196.97,198.95,195.79,197.46
ZTS,2021-10-14,198.82,201.77,198.82,200.39
ZTS,2021-10-15,201.13,202.8,200.12,202.22
ZTS,2021-10-18,201.98,202.93,200.76,202.73
ZTS,2021-10-19,203.8,206.17,203.72,204.44
ZTS,2021-10-20,205.85,206.61,204.84,206.31
ZTS,2021-10-21,207.08,208.78,205.31,208.62
ZTS,2021-10-22,208.03,209.08,206.84,208.51
ZTS,2021-10-25,208.81,211.77,207.1,211.52
ZTS,2021-10-26,211.0,211.74,208.0,210.52
ZTS,2021-10-27,210.26,211.07,209.0,209.58
ZTS,2021-10-28,209.84,213.42,209.58,212.67
ZTS,2021-10-29,213.16,216.92,212.74,216.2
ZTS,2021-11-01,215.82,217.64,212.96,213.6
ZTS,2021-11-02,214.76,215.39,211.31,212.2
ZTS,2021-11-03,211.91,213.0,208.78,211.13
ZTS,2021-11-04,214.0,217.9,213.0,217.77
ZTS,2021-11-05,218.0,218.49,214.72,216.73
ZTS,2021-11-08,218.12,218.39,215.76,217.8
ZTS,2021-11-09,217.69,220.36,217.36,220.22
ZTS,2021-11-10,219.46,220.81,216.03,216.58
ZTS,2021-11-11,216.98,217.32,215.38,215.69
ZTS,2021-11-12,216.71,217.61,215.42,216.85
ZTS,2021-11-15,217.15,217.31,215.65,216.06
ZTS,2021-11-16,216.05,221.55,216.05,220.18
ZTS,2021-11-17,221.0,222.61,217.43,221.87
ZTS,2021-11-18,224.32,226.33,223.52,225.54
ZTS,2021-11-19,226.5,228.33,224.2,226.43
ZTS,2021-11-22,226.7,228.89,224.34,224.34
ZTS,2021-11-23,223.09,225.31,220.9,223.66
ZTS,2021-11-24,223.64,224.96,221.07,223.17
ZTS,2021-11-26,220.68,225.96,218.5,219.32
ZTS,2021-11-29,221.45,225.56,220.69,223.55
ZTS,2021-11-30,222.8,226.35,220.52,222.04
ZTS,2021-12-01,222.35,224.78,219.25,219.66
ZTS,2021-12-02,220.0,223.95,219.5,223.19
ZTS,2021-12-03,224.86,226.11,220.48,223.33
ZTS,2021-12-06,222.89,225.0,220.99,222.97
ZTS,2021-12-07,225.46,227.48,224.03,225.7
ZTS,2021-12-08,227.54,229.85,226.74,229.62
ZTS,2021-12-09,229.5,230.99,227.31,230.16
ZTS,2021-12-10,229.9,231.91,229.24,231.45
ZTS,2021-12-13,231.55,233.03,229.0,232.36
ZTS,2021-12-14,230.0,230.99,226.44,228.07
ZTS,2021-12-15,230.27,232.26,227.18,232.08
ZTS,2021-12-16,232.12,234.07,230.8,232.81
ZTS,2021-12-17,232.58,236.4,232.23,234.31
ZTS,2021-12-20,233.99,234.55,230.15,234.26
ZTS,2021-12-21,236.0,237.98,232.58,237.64
ZTS,2021-12-22,238.14,241.7,237.64,241.57
ZTS,2021-12-23,241.7,244.39,240.69,242.51
ZTS,2021-12-27,244.39,246.72,243.08,246.51
ZTS,2021-12-28,247.0,247.84,243.64,244.25
ZTS,2021-12-29,244.02,247.85,243.64,247.03
ZTS,2021-12-30,247.05,249.27,244.96,245.16
ZTS,2021-12-31,245.16,246.99,243.74,244.03
ZTS,2022-01-03,242.29,243.24,233.32,234.03
ZTS,2022-01-04,234.02,234.02,222.14,225.12
ZTS,2022-01-05,227.0,227.0,215.6,216.56
ZTS,2022-01-06,215.48,220.56,213.63,217.42
ZTS,2022-01-07,217.13,217.42,210.78,211.09
ZTS,2022-01-10,208.12,212.6,206.16,212.6
ZTS,2022-01-11,212.0,213.15,208.24,212.8
ZTS,2022-01-12,216.04,216.31,211.16,212.81
ZTS,2022-01-13,212.47,213.6,206.4,207.0
ZTS,2022-01-14,206.94,207.4,203.41,206.18
ZTS,2022-01-18,201.8,204.29,200.33,202.7
ZTS,2022-01-19,202.84,205.9,200.06,200.58
ZTS,2022-01-20,201.0,206.25,200.97,201.96
ZTS,2022-01-21,203.11,203.71,200.28,200.33
ZTS,2022-01-24,198.05,200.14,191.52,200.07
ZTS,2022-01-25,198.66,198.66,194.01,195.25
ZTS,2022-01-26,195.21,196.12,188.7,189.84
ZTS,2022-01-27,190.34,192.78,187.57,187.66
ZTS,2022-01-28,188.85,195.58,185.72,195.3
ZTS,2022-01-31,196.0,200.46,196.0,199.79
ZTS,2022-02-01,200.99,202.46,196.1,198.87
ZTS,2022-02-02,198.49,203.41,198.49,202.17
ZTS,2022-02-03,198.93,201.99,198.93,200.92
ZTS,2022-02-04,200.01,201.11,197.6,199.54
ZTS,2022-02-07,199.91,201.99,199.52,200.32
ZTS,2022-02-08,198.88,201.77,197.85,201.3
ZTS,2022-02-09,203.12,205.31,201.47,202.29
ZTS,2022-02-10,198.38,202.4,197.67,199.37
ZTS,2022-02-11,198.58,201.89,197.37,198.87
ZTS,2022-02-14,197.95,199.32,194.42,196.43
ZTS,2022-02-15,197.79,201.45,196.54,197.76
ZTS,2022-02-16,196.48,197.26,191.26,195.09
ZTS,2022-02-17,195.18,195.56,192.99,193.07
ZTS,2022-02-18,193.03,193.23,190.42,191.32
ZTS,2022-02-22,191.04,192.16,188.83,190.1
ZTS,2022-02-23,190.87,191.25,186.82,187.06
ZTS,2022-02-24,184.01,191.7,183.02,190.95
ZTS,2022-02-25,191.48,195.77,191.28,194.71
ZTS,2022-02-28,192.54,195.5,191.89,193.65
ZTS,2022-03-01,193.91,195.0,191.3,192.54
ZTS,2022-03-02,193.28,197.27,193.15,196.07
ZTS,2022-03-03,197.15,197.29,194.45,195.87
ZTS,2022-03-04,194.96,196.96,193.45,196.84
ZTS,2022-03-07,195.23,195.24,187.9,188.09
ZTS,2022-03-08,185.77,187.35,181.16,181.39
ZTS,2022-03-09,185.55,190.7,183.8,189.58
ZTS,2022-03-10,187.39,189.6,186.14,189.22
ZTS,2022-03-11,189.95,190.28,185.17,185.29
ZTS,2022-03-14,186.42,187.26,183.89,184.66
ZTS,2022-03-15,186.36,189.67,185.63,189.11
ZTS,2022-03-16,190.7,193.71,187.47,191.92
ZTS,2022-03-17,192.54,194.66,192.12,193.68
ZTS,2022-03-18,196.67,197.16,193.37,195.9
ZTS,2022-03-21,195.21,196.66,192.5,194.71
ZTS,2022-03-22,195.18,197.38,193.36,196.88
ZTS,2022-03-23,196.05,196.75,190.85,191.23
ZTS,2022-03-24,192.01,192.34,189.0,189.57
ZTS,2022-03-25,190.8,191.58,188.15,189.43
ZTS,2022-03-28,190.23,191.42,187.6,189.37
ZTS,2022-03-29,191.89,194.6,191.74,192.28
ZTS,2022-03-30,191.82,192.78,189.58,191.32
ZTS,2022-03-31,192.45,194.9,188.49,188.59
ZTS,2022-04-01,188.77,191.55,186.7,191.11
ZTS,2022-04-04,191.14,191.98,187.18,188.74
ZTS,2022-04-05,188.74,190.74,187.69,188.4
ZTS,2022-04-06,188.16,192.33,186.52,191.38
ZTS,2022-04-07,191.2,199.34,190.97,197.93
ZTS,2022-04-08,197.79,201.32,197.59,200.09
ZTS,2022-04-11,198.97,199.88,192.01,192.5
ZTS,2022-04-12,192.11,193.31,187.15,187.91
ZTS,2022-04-13,187.99,190.07,186.05,189.52
ZTS,2022-04-14,189.9,190.51,186.32,187.3
ZTS,2022-04-18,186.55,187.22,181.72,182.81
ZTS,2022-04-19,183.24,186.41,182.78,185.94
ZTS,2022-04-20,186.0,190.8,185.16,187.78
ZTS,2022-04-21,188.58,189.08,183.71,184.72
ZTS,2022-04-22,183.84,185.36,181.58,181.95
ZTS,2022-04-25,180.69,181.11,176.44,180.3
ZTS,2022-04-26,178.96,179.68,176.81,176.97
ZTS,2022-04-27,177.93,180.23,177.06,178.47
ZTS,2022-04-28,179.08,182.22,178.18,181.31
ZTS,2022-04-29,180.0,181.86,176.79,177.25
ZTS,2022-05-02,176.39,177.25,171.55,174.67
ZTS,2022-05-03,174.68,176.87,173.59,175.14
ZTS,2022-05-04,172.18,177.72,168.0,176.86
ZTS,2022-05-05,180.0,180.44,169.48,171.45
ZTS,2022-05-06,169.67,171.34,167.52,169.21
ZTS,2022-05-09,167.0,168.4,161.1,161.81
ZTS,2022-05-10,163.99,164.75,159.08,162.65
ZTS,2022-05-11,161.87,164.11,159.26,159.9
ZTS,2022-05-12,158.34,163.68,158.27,163.08
ZTS,2022-05-13,165.5,168.01,164.2,165.33
ZTS,2022-05-16,164.64,166.21,162.26,165.5
ZTS,2022-05-17,167.84,168.55,165.0,166.43
ZTS,2022-05-18,164.8,165.2,158.1,158.86
ZTS,2022-05-19,158.14,160.35,156.67,158.63
ZTS,2022-05-20,161.61,162.81,159.01,162.56
ZTS,2022-05-23,163.71,164.85,162.35,163.0
ZTS,2022-05-24,162.88,163.87,161.32,163.05
ZTS,2022-05-25,162.45,164.57,161.57,163.03
ZTS,2022-05-26,163.83,166.57,162.91,165.9
ZTS,2022-05-27,167.13,172.13,167.13,172.1
ZTS,2022-05-31,170.68,172.76,168.76,170.93
ZTS,2022-06-01,170.87,171.83,165.67,167.02
ZTS,2022-06-02,167.66,172.82,166.42,172.7
ZTS,2022-06-03,170.77,171.06,168.63,169.01
ZTS,2022-06-06,170.49,172.15,170.0,171.01
ZTS,2022-06-07,170.7,174.22,170.7,173.78
ZTS,2022-06-08,173.1,174.59,171.17,171.29
ZTS,2022-06-09,170.07,171.17,166.37,166.49
ZTS,2022-06-10,164.12,165.18,161.42,161.49
ZTS,2022-06-13,157.71,157.99,154.33,155.97
ZTS,2022-06-14,154.5,158.29,154.5,157.8
ZTS,2022-06-15,159.14,160.23,155.5,158.07
ZTS,2022-06-16,156.01,158.13,154.18,157.39
ZTS,2022-06-17,157.31,161.55,156.82,158.83
ZTS,2022-06-21,160.27,162.77,160.16,162.01
ZTS,2022-06-22,161.18,166.27,161.09,164.21
ZTS,2022-06-23,166.02,169.38,165.59,169.17
ZTS,2022-06-24,172.0,174.68,171.39,174.61
ZTS,2022-06-27,173.84,175.21,172.93,173.6
ZTS,2022-06-28,172.96,174.67,170.01,170.12
ZTS,2022-06-29,172.0,175.15,170.15,173.92
ZTS,2022-06-30,172.44,173.55,169.83,171.89
ZTS,2022-07-01,172.07,174.5,170.5,174.21
ZTS,2022-07-05,172.28,174.29,169.55,174.25
ZTS,2022-07-06,174.87,179.88,174.4,178.5
ZTS,2022-07-07,177.72,180.0,177.51,179.1
ZTS,2022-07-08,177.5,179.47,177.08,177.98
ZTS,2022-07-11,177.85,178.46,176.53,177.04
ZTS,2022-07-12,176.7,179.21,173.15,173.81
ZTS,2022-07-13,170.4,170.97,167.05,167.81
ZTS,2022-07-14,166.93,170.94,165.75,170.79
ZTS,2022-07-15,173.57,175.21,173.17,174.54
ZTS,2022-07-18,174.84,176.29,171.28,171.76
ZTS,2022-07-19,173.98,177.72,173.42,177.42
ZTS,2022-07-20,177.54,178.18,175.65,176.25
ZTS,2022-07-21,175.77,180.75,175.77,180.6
ZTS,2022-07-22,180.26,181.16,177.26,178.18
ZTS,2022-07-25,178.01,178.7,174.09,175.18
ZTS,2022-07-26,174.88,176.75,173.96,176.38
ZTS,2022-07-27,175.7,178.14,175.32,177.47
ZTS,2022-07-28,177.73,183.81,177.35,182.27
ZTS,2022-07-29,182.2,182.88,179.9,182.55
ZTS,2022-08-01,181.0,182.12,179.34,179.74
ZTS,2022-08-02,179.82,181.56,177.61,178.83
ZTS,2022-08-03,179.64,180.85,178.42,180.16
ZTS,2022-08-04,181.22,181.9,172.82,174.31
ZTS,2022-08-05,171.74,175.08,170.65,174.61
ZTS,2022-08-08,174.6,176.53,173.4,174.01
ZTS,2022-08-09,173.69,173.81,169.29,169.55
ZTS,2022-08-10,171.96,174.25,171.84,174.06
ZTS,2022-08-11,173.79,175.56,172.71,173.18
ZTS,2022-08-12,175.18,175.78,172.67,175.67
ZTS,2022-08-15,175.17,176.17,173.24,174.45
ZTS,2022-08-16,173.82,174.17,169.19,171.79
ZTS,2022-08-17,171.7,174.76,171.25,172.46
ZTS,2022-08-18,172.46,172.94,169.76,170.17
ZTS,2022-08-19,170.73,171.87,169.17,169.52
ZTS,2022-08-22,167.93,168.5,164.04,165.04
ZTS,2022-08-23,163.43,164.36,161.91,162.42
ZTS,2022-08-24,163.2,163.87,162.09,162.63
ZTS,2022-08-25,163.55,165.64,162.36,165.53
ZTS,2022-08-26,165.71,166.24,159.66,159.89
ZTS,2022-08-29,158.31,159.14,157.53,157.87
ZTS,2022-08-30,158.48,158.75,156.76,157.08
ZTS,2022-08-31,158.16,159.41,156.21,156.53
ZTS,2022-09-01,155.79,159.75,154.72,159.41
ZTS,2022-09-02,160.7,161.72,156.06,156.98
ZTS,2022-09-06,157.76,159.53,156.22,156.84
ZTS,2022-09-07,157.2,160.83,156.41,160.4
ZTS,2022-09-08,158.81,160.64,154.49,158.49
ZTS,2022-09-09,161.51,164.61,161.06,164.31
ZTS,2022-09-12,164.35,167.21,164.35,166.35
ZTS,2022-09-13,162.34,163.49,160.43,160.99
ZTS,2022-09-14,161.18,161.71,159.29,160.23
ZTS,2022-09-15,160.47,161.69,158.71,159.18
ZTS,2022-09-16,158.74,158.96,155.31,157.3
ZTS,2022-09-19,155.99,157.28,154.96,157.19
ZTS,2022-09-20,155.44,155.99,151.75,152.94
ZTS,2022-09-21,153.34,155.81,150.87,151.24
ZTS,2022-09-22,150.1,151.49,148.96,149.46
ZTS,2022-09-23,148.9,150.46,147.86,150.05
ZTS,2022-09-26,149.75,151.39,148.29,148.6
ZTS,2022-09-27,150.09,151.14,147.77,149.4
ZTS,2022-09-28,151.32,154.0,150.09,152.26
ZTS,2022-09-29,152.06,152.56,150.0,150.95
ZTS,2022-09-30,150.42,152.03,148.04,148.29
ZTS,2022-10-03,149.28,152.85,148.31,151.35
ZTS,2022-10-04,153.24,155.31,152.6,154.75
ZTS,2022-10-05,152.74,155.63,152.0,154.59
ZTS,2022-10-06,153.79,154.95,152.24,152.59
ZTS,2022-10-07,151.08,151.41,146.95,147.37
ZTS,2022-10-10,148.1,148.1,144.44,145.78
ZTS,2022-10-11,145.77,148.49,144.6,146.25
ZTS,2022-10-12,146.93,148.01,145.59,145.86
ZTS,2022-10-13,142.0,149.86,141.87,148.64
ZTS,2022-10-14,149.71,150.87,145.11,145.4
ZTS,2022-10-17,147.13,150.41,147.01,149.79
ZTS,2022-10-18,153.71,154.39,149.77,150.42
ZTS,2022-10-19,149.4,150.01,145.88,148.13
ZTS,2022-10-20,147.51,148.22,144.17,144.43
ZTS,2022-10-21,143.94,147.69,142.12,147.21
ZTS,2022-10-24,148.71,150.65,148.32,149.37
ZTS,2022-10-25,149.26,152.55,149.26,152.3
ZTS,2022-10-26,152.19,154.92,151.13,151.67
ZTS,2022-10-27,152.61,152.96,149.52,151.14
ZTS,2022-10-28,152.1,153.88,150.52,153.28
ZTS,2022-10-31,152.11,153.34,149.84,150.78
ZTS,2022-11-01,151.4,154.91,150.38,152.72
ZTS,2022-11-02,152.87,153.21,147.19,147.36
ZTS,2022-11-03,134.15,134.15,124.15,131.14
ZTS,2022-11-04,131.84,133.83,127.86,133.67
ZTS,2022-11-07,134.18,138.65,133.53,137.86
ZTS,2022-11-08,137.54,140.45,135.25,136.21
ZTS,2022-11-09,135.94,135.94,132.89,133.17
ZTS,2022-11-10,138.32,143.02,136.75,142.61
ZTS,2022-11-11,143.32,149.27,142.5,148.55
ZTS,2022-11-14,149.0,149.55,146.38,146.45
ZTS,2022-11-15,149.7,151.75,148.1,149.82
ZTS,2022-11-16,149.81,151.46,147.83,148.28
ZTS,2022-11-17,146.6,146.88,142.72,143.6
ZTS,2022-11-18,146.13,146.92,144.16,145.64
ZTS,2022-11-21,145.33,148.13,143.83,147.33
ZTS,2022-11-22,148.09,149.2,146.79,148.63
ZTS,2022-11-23,148.7,151.2,148.38,150.47
ZTS,2022-11-25,150.47,150.85,148.65,150.1
ZTS,2022-11-28,149.46,149.98,147.82,148.13
ZTS,2022-11-29,147.57,149.35,146.43,147.85
ZTS,2022-11-30,148.09,154.18,146.91,154.14
ZTS,2022-12-01,156.0,157.53,155.19,156.64
ZTS,2022-12-02,154.11,157.91,152.4,157.42
ZTS,2022-12-05,155.63,156.67,154.58,155.33
ZTS,2022-12-06,154.22,155.5,152.09,153.05
ZTS,2022-12-07,152.96,153.79,149.38,150.25
ZTS,2022-12-08,150.53,154.35,149.2,153.68
ZTS,2022-12-09,153.94,156.33,152.74,153.39
ZTS,2022-12-12,154.07,154.47,152.18,152.86
ZTS,2022-12-13,158.21,158.48,152.08,154.97
ZTS,2022-12-14,153.77,156.1,151.23,151.78
ZTS,2022-12-15,149.51,151.35,148.54,148.71
ZTS,2022-12-16,147.31,147.57,143.92,144.46
ZTS,2022-12-19,143.84,144.44,142.01,143.19
ZTS,2022-12-20,142.71,143.1,140.76,142.47
ZTS,2022-12-21,143.22,146.15,142.78,144.92
ZTS,2022-12-22,143.71,145.1,141.85,145.03
ZTS,2022-12-23,144.51,145.89,143.54,145.76
ZTS,2022-12-27,145.91,146.15,143.57,145.3
ZTS,2022-12-28,145.18,146.64,143.77,143.83
ZTS,2022-12-29,145.2,148.51,145.14,148.15
ZTS,2022-12-30,147.2,147.79,144.74,146.55
ZTS,2023-01-03,148.66,148.79,145.21,146.85
ZTS,2023-01-04,149.02,150.81,147.96,148.96
ZTS,2023-01-05,147.35,148.18,144.27,145.45
ZTS,2023-01-06,146.59,148.62,141.52,147.64
ZTS,2023-01-09,149.0,149.52,147.0,147.06
ZTS,2023-01-10,147.11,154.69,147.11,154.36
ZTS,2023-01-11,156.0,158.56,154.93,157.9
ZTS,2023-01-12,157.59,160.46,156.81,159.91
ZTS,2023-01-13,158.58,161.4,158.38,160.92
ZTS,2023-01-17,160.69,162.38,159.01,159.57
ZTS,2023-01-18,160.42,162.34,159.52,159.97
ZTS,2023-01-19,159.19,163.16,158.71,161.95
ZTS,2023-01-20,162.87,164.94,162.08,163.81
ZTS,2023-01-23,162.39,167.55,161.36,166.75
ZTS,2023-01-24,166.8,169.57,164.83,165.89
ZTS,2023-01-25,165.44,166.72,163.78,165.51
ZTS,2023-01-26,166.87,168.3,166.12,168.24
ZTS,2023-01-27,166.98,167.69,164.5,165.18
ZTS,2023-01-30,164.0,165.63,163.82,164.7
ZTS,2023-01-31,164.5,165.71,162.62,165.49
ZTS,2023-02-01,165.45,168.75,164.48,167.81
ZTS,2023-02-02,167.27,171.26,166.71,171.0
ZTS,2023-02-03,168.76,169.42,166.44,167.8
ZTS,2023-02-06,166.36,166.37,164.07,164.93
ZTS,2023-02-07,163.57,166.31,162.77,165.57
ZTS,2023-02-08,164.8,165.0,161.22,162.07
ZTS,2023-02-09,163.17,164.72,160.54,160.81
ZTS,2023-02-10,159.81,160.29,157.87,158.33
ZTS,2023-02-13,158.14,163.31,158.08,163.14
ZTS,2023-02-14,173.44,176.66,168.94,171.9
ZTS,2023-02-15,171.9,175.27,170.75,175.02
ZTS,2023-02-16,173.63,176.48,172.5,173.93
ZTS,2023-02-17,172.15,173.29,170.26,172.03
ZTS,2023-02-21,171.53,172.08,168.66,169.84
ZTS,2023-02-22,168.4,169.11,165.87,166.43
ZTS,2023-02-23,167.38,169.73,166.17,169.5
ZTS,2023-02-24,167.0,168.07,163.91,166.33
ZTS,2023-02-27,168.0,168.41,164.99,165.47
ZTS,2023-02-28,165.2,168.55,165.04,167.0
ZTS,2023-03-01,165.96,167.94,165.96,167.57
ZTS,2023-03-02,166.42,169.32,166.07,168.58
ZTS,2023-03-03,170.41,170.71,168.13,170.56
ZTS,2023-03-06,170.8,171.98,169.62,169.67
ZTS,2023-03-07,169.6,170.91,166.83,167.03
ZTS,2023-03-08,166.8,169.13,166.7,168.64
ZTS,2023-03-09,168.89,170.44,167.13,167.49
ZTS,2023-03-10,163.0,163.36,160.07,161.53
ZTS,2023-03-13,161.99,164.89,159.85,163.41
ZTS,2023-03-14,165.96,166.86,162.47,164.56
ZTS,2023-03-15,162.0,163.68,160.12,163.57
ZTS,2023-03-16,162.51,166.84,162.25,166.31
ZTS,2023-03-17,167.29,168.39,163.65,164.47
ZTS,2023-03-20,164.0,165.95,163.7,165.82
ZTS,2023-03-21,166.65,166.99,165.14,166.24
ZTS,2023-03-22,165.39,165.94,161.32,161.38
ZTS,2023-03-23,162.0,165.45,159.39,161.24
ZTS,2023-03-24,161.0,164.94,159.97,164.18
ZTS,2023-03-27,166.05,166.8,164.31,165.71
ZTS,2023-03-28,165.57,166.0,164.04,165.04
ZTS,2023-03-29,166.57,166.8,161.28,162.66
ZTS,2023-03-30,163.83,164.65,163.18,164.15
ZTS,2023-03-31,165.1,166.49,164.03,166.44
ZTS,2023-04-03,166.79,167.92,164.2,167.66
ZTS,2023-04-04,167.39,169.425,166.49,167.07
ZTS,2023-04-05,167.0,168.61,166.3,167.65
ZTS,2023-04-06,168.27,169.01,166.37,168.94
ZTS,2023-04-10,167.9,171.22,166.739,170.87
ZTS,2023-04-11,171.55,172.43,170.83,171.21
ZTS,2023-04-12,172.91,174.785,171.163,171.45
ZTS,2023-04-13,172.5,174.01,170.925,173.54
ZTS,2023-04-14,172.86,174.66,172.61,174.6
ZTS,2023-04-17,174.01,174.81,172.312,174.62
ZTS,2023-04-18,175.94,175.94,172.85,174.45
ZTS,2023-04-19,174.03,175.95,173.93,174.98
